domain,dom_lrr_p1,dom_lrr_p2,dom_lrr_full,dom_r2_p1,dom_r2_p2,dom_r2_full,dom_n_p1,dom_n_p2,dom_n_full,dom_sc_p1,dom_sc_p2,dom_var_p1,dom_var_p2,dom_var_full,txn_lrr_p1,txn_lrr_p2,txn_class,trajectory,high_var
1,-4.2399350649350644,1.9579220779220778,-0.5704094076655053,0.728817095589161,0.11831466007619536,0.042006289252876326,21,21,41,0.3,0.1,15.660902973058933,32.36448111125054,32.23108067230947,-4.065779220779222,2.0929870129870127,Switching: Ero→Acc,Switching: Ero→Acc,True
2,-4.980194805194806,2.0804545454545456,-0.5894250871080137,0.7358863674877386,0.3697613607606351,0.057350622553239985,21,21,41,0.1,0.2,18.066418929594185,16.446962284505975,28.27474249547074,-4.81051948051948,2.164220779220779,Switching: Ero→Acc,Switching: Ero→Acc,True
3,-4.980616883116883,2.712077922077922,-0.583497386759582,0.7134327232857833,0.8265762719818592,0.05808990310624912,21,21,41,0.0,0.1,19.114178490848698,7.522300358258784,27.80080255634991,-5.052564935064935,2.752662337662338,Switching: Ero→Acc,Switching: Ero→Acc,True
4,-4.634545454545454,2.0137012987012985,-0.6061062717770038,0.680540180178498,0.660246238596432,0.07303950007459531,21,21,41,0.3,0.2,19.227556514000202,8.747016268377322,25.54844746254972,-4.6314935064935066,2.169090909090909,Switching: Ero→Acc,Switching: Ero→Acc,True
5,-3.3561038961038956,0.996818181818182,-0.6925348432055748,0.49778299946808074,0.20496114297409798,0.12366843354157481,21,21,41,0.1,0.2,20.412527696273763,11.888035038945587,21.812751140960394,-3.2370129870129873,1.036233766233766,Switching: Ero→Acc,Decelerating Erosion,True
6,-1.7646753246753246,-1.9452597402597405,-1.8326045296167248,0.6795745886033256,0.7686939908409154,0.9053423773932474,21,21,41,0.5,0.2,7.337454785786212,6.461450603244227,7.011390327244801,-1.662305194805195,-1.9614935064935066,Persistent Erosion,Persistent Erosion,False
7,-2.2695779220779224,-0.990746753246753,-1.842064459930314,0.7930141235521491,0.33367399488278615,0.8569508983767755,21,21,41,0.2631578947368421,0.3,7.021189724387589,8.477749386200657,8.904990069912332,-2.276071428571429,-0.7920779220779219,Decelerating Erosion,Decelerating Erosion,False
8,-1.8088636363636366,-0.34399350649350663,-1.3051742160278748,0.8175070477933981,0.03248084779420941,0.6996346928915415,21,21,41,0.1,0.2,5.175101107454504,11.368471226407927,10.118630093032973,-1.8368506493506496,-0.10191558441558426,Decelerating Erosion,Decelerating Erosion,False
9,-2.352402597402597,0.5687012987012988,-1.1427613240418115,0.9089279208976805,0.07353362554404116,0.5181882031603484,21,21,41,0.3,0.3,4.5089484369427915,12.223393033444186,13.038105926827525,-2.2645454545454546,0.5554545454545455,Decelerating Erosion,Decelerating Erosion,False
10,-2.8163311688311685,1.2517857142857143,-1.0711585365853662,0.8733327276695853,0.20079617212907946,0.35028550245360324,21,21,41,0.2,0.3,6.49474012659454,15.122262383194096,17.2610801153624,-2.7900324675324675,1.3861688311688314,Switching: Ero→Acc,Switching: Ero→Acc,True
11,-2.93724025974026,1.9018506493506495,-1.0612369337979093,0.8839978127241339,0.4181140044979357,0.31492189422026057,21,21,41,0.4,0.1,6.442919147026968,13.585753164476138,18.52017092844077,-2.924285714285715,1.8022402597402596,Switching: Ero→Acc,Switching: Ero→Acc,True
12,-2.238376623376624,1.58814935064935,-0.986136759581882,0.8713773976750716,0.3315951450154102,0.33636485659574294,21,21,41,0.4,0.0,5.2074412321951495,13.653461587052274,16.38930535728178,-2.2223701298701295,1.606753246753247,Switching: Ero→Acc,Switching: Ero→Acc,True
13,-1.6153246753246753,1.556883116883117,-0.7707317073170734,0.8396471268454202,0.3918197476469639,0.29095155087172325,21,21,41,0.4,0.0,4.274501879309801,11.745316421610081,14.236225587451182,-1.586298701298701,1.5274675324675326,Switching: Ero→Acc,Switching: Ero→Acc,False
14,-0.4866883116883119,2.1924025974025976,-0.0525000000000001,0.081633578117299,0.5528883197318039,0.001657942975757622,21,21,41,0.1,0.1,9.884625353950504,11.938377934530665,15.243272384540406,-0.5761363636363637,2.1423051948051945,Accelerating Accretion,Accelerating Accretion,True
15,0.046785714285714146,1.7460064935064934,0.5140592334494775,0.0011742996395524001,0.4514820835298712,0.21119173120780915,21,21,41,0.1,0.1,8.262364875001854,11.653509064363108,11.75504928314588,0.02519480519480517,1.8444480519480522,Accelerating Accretion,Accelerating Accretion,False
16,0.6160064935064935,0.8702922077922078,0.6940243902439023,0.3360070838626025,0.1721471753309629,0.44761000696738906,21,21,41,0.1,0.2,5.243587406284275,11.556529367368976,9.122455607549949,0.6115909090909091,0.9250974025974026,Persistently Stable,Persistently Stable,False
17,0.1381168831168831,1.5487662337662336,0.7393118466898956,0.012662403735425742,0.3368205908717351,0.36028810320614485,21,21,41,0.0,0.3,7.3851146726437005,13.159451470620912,11.656252214040224,0.25892857142857156,1.4751623376623377,Accelerating Accretion,Accelerating Accretion,False
18,-0.32961038961038946,1.5488311688311687,0.794738675958188,0.08472492029635888,0.4447347808763409,0.44492849636325954,21,21,41,0.0,0.0,6.560045359173178,10.47947396153123,10.503105343146846,-0.2684415584415585,1.5579220779220782,Accelerating Accretion,Accelerating Accretion,False
19,-0.27168831168831165,1.8080194805194807,1.0423301393728228,0.03837141653591503,0.5569870145830013,0.5434757377971048,21,21,41,0.0,0.4,8.235812222753772,9.763926773614571,11.303453832191233,-0.27490259740259726,1.7387662337662337,Accelerating Accretion,Accelerating Accretion,False
20,-0.05194805194805182,1.7656168831168828,0.5969991289198607,0.0011458519018285834,0.6565314954395158,0.31391909863492357,21,21,41,0.1,0.1,9.287349201171347,7.732997419192676,10.442789189190027,0.04233766233766244,1.693051948051948,Accelerating Accretion,Accelerating Accretion,False
21,0.7251298701298703,0.38967532467532473,0.03865853658536581,0.2692644781878133,0.06930348892212923,0.002656341888194012,21,21,41,0.0,0.1,7.233393441123451,8.646993145937106,8.863185880372235,0.768896103896104,0.4,Persistently Stable,Persistently Stable,False
22,-0.33094155844155837,-1.0207467532467533,-0.8762717770034841,0.062180116424368825,0.356966172137526,0.5971238365437886,21,21,41,0.1,0.2,7.782533086040323,8.295777616667579,8.516407314693083,-0.3748051948051949,-1.0095454545454545,Accelerating Erosion,Accelerating Erosion,False
23,-1.135551948051948,-1.9000974025974022,-1.7539111498257836,0.3809892570708403,0.5032572746625464,0.7951243954901184,21,21,41,0.1,0.4,8.764667599326016,11.430949514147551,10.534142564395513,-0.9136363636363638,-2.179772727272727,Accelerating Erosion,Persistent Erosion,False
24,-0.5834090909090911,-2.2183766233766233,-2.1111716027874565,0.1884125192546841,0.42809403957954545,0.7656101379569137,21,21,41,0.2,0.3,7.331987210072733,15.52614780347468,13.821434734715819,-0.6201298701298702,-2.089285714285714,Accelerating Erosion,Accelerating Erosion,False
25,-0.11451298701298689,-2.531428571428571,-2.056859756097561,0.014971351021762778,0.5612191299301617,0.7655670317379675,21,21,41,0.1,0.2,5.624506108783119,13.55373537554814,13.467482833163029,-0.10941558441558452,-2.5023701298701297,Accelerating Erosion,Accelerating Erosion,False
26,-0.34285714285714247,-1.5741233766233764,-1.4301959930313588,0.09507411972471605,0.4347565614465817,0.7410624860464071,21,21,41,0.2,0.2,6.405075669425443,10.868489144768018,10.002985684856016,-0.3375,-1.463441558441558,Accelerating Erosion,Accelerating Erosion,False
27,-0.5513636363636365,-1.0869155844155842,-0.13444686411149823,0.170711288105202,0.2470887148506577,0.020321656077245072,21,21,41,0.1,0.2,7.358606717029662,11.488861105956314,11.045284336093887,-0.5488636363636366,-1.0875974025974027,Accelerating Erosion,Accelerating Erosion,False
28,0.3199350649350649,1.5903246753246756,1.3346515679442508,0.03416930070908513,0.38034619457773505,0.6182358374968885,21,21,41,0.3,0.0,10.299828987398564,12.291546700252095,12.409446450217525,0.4115259740259741,1.5473701298701297,Accelerating Accretion,Accelerating Accretion,False
29,1.6229545454545453,2.8119805194805196,2.3165331010452967,0.40381331155663847,0.6400321454072375,0.8156077919571298,21,21,41,0.1,0.4,11.941060361401224,12.769649864052049,13.032661861553319,1.5525649350649349,2.7080194805194804,Persistent Accretion,Persistent Accretion,False
30,2.4889935064935065,3.8649350649350653,2.7506576655052264,0.8015986979653026,0.8894243045177637,0.9223115799358144,21,21,41,0.2,0.3,7.498134668915541,8.251886774121468,9.44582456439149,2.507987012987013,3.8810389610389615,Persistent Accretion,Persistent Accretion,False
31,2.4639610389610387,2.752792207792207,2.6140940766550527,0.728729953831611,0.7730308096954365,0.9184413774624743,21,21,41,0.4,0.1,9.103054892711295,9.03221356764547,9.217103226289833,2.506883116883117,2.599935064935065,Persistent Accretion,Persistent Accretion,False
32,2.6200974025974024,1.34525974025974,1.7635148083623695,0.7378944340949125,0.3013976553720342,0.7558057626017809,21,21,41,0.2,0.2,9.455710262493946,12.40186344522622,11.860574744794365,2.4872077922077924,1.4498701298701295,Persistent Accretion,Persistent Accretion,False
33,1.024090909090909,1.409935064935065,1.0811324041811843,0.17516463681811822,0.2687759853810024,0.457095127490392,21,21,41,0.2,0.0,13.45657839162301,14.082015510683338,13.941242322196057,1.1304545454545454,1.0952597402597404,Persistent Accretion,Persistent Accretion,False
34,-0.544285714285714,2.37711038961039,0.39125000000000004,0.03222928799078696,0.5866751627755379,0.060375030848161926,21,21,41,0.3,0.1,18.060240639319105,12.081809003824217,18.262783052244675,-0.3666883116883116,2.399285714285714,Accelerating Accretion,Accelerating Accretion,True
35,-1.7131168831168828,1.7316883116883115,-0.9129268292682927,0.3455615687155416,0.41133014294646536,0.25550711856573965,21,21,41,0.2,0.1,14.275600619115382,12.544289601564383,18.438634722944172,-1.739935064935065,1.7178571428571432,Switching: Ero→Acc,Switching: Ero→Acc,True
36,-1.9085064935064937,1.614090909090909,-1.118850174216028,0.5469607745961652,0.4790702514450186,0.38950697658008326,21,21,41,0.2,0.2,10.517661011653201,10.191865519039887,16.573669869135152,-1.9886038961038968,1.7160714285714285,Switching: Ero→Acc,Switching: Ero→Acc,True
37,-1.3388311688311687,0.959025974025974,-0.7666289198606272,0.5188117878223737,0.3338283355406088,0.39112120169460945,21,21,41,0.1,0.2,7.807537916650423,8.203469436256176,11.317720454406862,-1.3203896103896104,0.8757142857142859,Decelerating Erosion,Decelerating Erosion,False
38,-1.526331168831169,0.05246753246753254,-0.5076001742160279,0.5222014671303312,0.0009565146919725783,0.23749774025696002,21,21,41,0.0,0.1,8.840724362206181,10.267689541263408,10.761594086399285,-1.5475649350649348,0.06269480519480519,Decelerating Erosion,Decelerating Erosion,False
39,-1.322435064935065,0.17753246753246746,-0.435640243902439,0.5372988154791475,0.012078756710897535,0.21956670945397128,21,21,41,0.1,0.1,7.431088534069216,9.722177588612684,9.717994680054955,-1.2514285714285718,0.23788961038961032,Decelerating Erosion,Decelerating Erosion,False
40,-1.0511688311688312,0.351883116883117,-0.24441637630662005,0.4099809786281035,0.06425259437913702,0.09742193290153296,21,21,41,0.1,0.0,7.635884359560938,8.131452457478513,8.80254665909112,-1.0138311688311687,0.3634415584415585,Decelerating Erosion,Decelerating Erosion,False
41,-1.8077922077922073,0.11172077922077904,-0.26950783972125447,0.6962530367519084,0.00585518027403964,0.08485265127419717,21,21,41,0.0,0.0,7.230305478035453,8.81504153062608,10.472448307571181,-1.7712012987012988,0.26233766233766237,Decelerating Erosion,Decelerating Erosion,False
42,-1.6263636363636362,0.09055194805194812,-0.16747822299651574,0.6963482170703997,0.0037199983077963066,0.036941584687196535,21,21,41,0.1,0.1,6.503214133263633,8.973313650889608,10.117912436623927,-1.7249999999999996,0.04951298701298697,Decelerating Erosion,Decelerating Erosion,False
43,-0.8520779220779222,0.00801948051948059,-0.09258275261324052,0.2214723244256419,5.492768402631908e-05,0.01435314582506284,21,21,41,0.0,0.1,9.673693514747866,6.552007416654791,9.077812915128067,-0.9026298701298701,0.022857142857142687,Persistently Stable,Persistently Stable,False
44,-0.6037987012987011,-0.12448051948051962,0.012539198606271723,0.12186217170995613,0.014830561567868987,0.0002839232481080908,21,21,41,0.1,0.3,9.814649078873641,6.14347046335847,8.803830240957398,-0.6787337662337662,-0.23272727272727273,Persistently Stable,Persistently Stable,False
45,-0.13827922077922097,-0.8875974025974027,-0.22476916376306622,0.013941928704640547,0.3669075839639214,0.10505802092187647,21,21,41,0.2,0.1,7.0417800569412785,7.060036544311134,7.762177685103762,-0.19902597402597405,-0.9093506493506494,Persistently Stable,Persistently Stable,False
46,0.41025974025974016,-1.1168831168831166,-0.5685714285714285,0.0959800174057266,0.4629163982931291,0.35938231553471245,21,21,41,0.1,0.0,7.624181367019871,7.28472404709906,8.981940220658077,0.4274025974025974,-1.0583441558441558,Accelerating Erosion,Accelerating Erosion,False
47,-0.1486363636363636,-0.9409415584415585,-0.8698998257839725,0.013024182886187874,0.48954502602514777,0.6408577207808509,21,21,41,0.1,0.2,7.8349963760514685,5.818094412765765,7.705231980551809,-0.18198051948051946,-0.9475324675324674,Persistently Stable,Persistently Stable,False
48,-1.1820129870129872,-0.4758116883116884,-0.8701263066202091,0.44453317206526055,0.15902536460526995,0.6399498703512222,21,21,41,0.2,0.1,8.000828114349025,6.62565884228207,7.722445017396997,-1.1578246753246753,-0.4881493506493507,Decelerating Erosion,Decelerating Erosion,False
49,-2.1375324675324676,-1.0285714285714287,-0.8610452961672475,0.6939052696845021,0.4117369532964898,0.49882581133487597,21,21,41,0.1,0.0,8.596591081410478,7.444679955323004,10.211978824657557,-2.0962662337662334,-0.9981818181818183,Decelerating Erosion,Persistent Erosion,False
50,-1.757727272727273,-0.9113636363636362,-0.9218118466898954,0.7480256921967258,0.324471136242957,0.6425859761890197,21,21,41,0.2,0.1,6.177419284681842,7.962717929797559,8.134417817482102,-1.6212662337662338,-0.8678571428571429,Decelerating Erosion,Decelerating Erosion,False
51,-1.600487012987013,-0.9499675324675325,-1.0119076655052268,0.4916471770360783,0.44042150945871045,0.6468309954711702,21,21,41,0.1,0.2,9.854706958598388,6.483965917577357,8.847096878233923,-1.589025974025974,-0.8346428571428572,Decelerating Erosion,Decelerating Erosion,False
52,-1.6813961038961038,-1.3314935064935065,-1.160962543554007,0.5663667806619342,0.527985066407503,0.7117571522466598,21,21,41,0.1,0.0,8.908778026478613,7.623279060367716,8.741693514904318,-1.6485389610389611,-1.3908441558441558,Persistent Erosion,Persistent Erosion,False
53,-1.536168831168831,-1.2176623376623374,-1.1624477351916376,0.720105298484756,0.5168633699450179,0.8042649228781744,21,21,41,0.1,0.1,5.7992789564886325,7.128689423326606,6.785349469222496,-1.501818181818182,-1.2260714285714287,Persistent Erosion,Persistent Erosion,False
54,-1.3570454545454542,-1.31762987012987,-0.8929442508710803,0.49840402712713183,0.5649589534985564,0.6147090624703081,21,21,41,0.1,0.1,8.243589531242828,7.001414930657228,8.364653443684302,-1.336331168831169,-1.3841558441558441,Persistent Erosion,Persistent Erosion,False
55,-1.050227272727273,-0.8908766233766237,-0.605644599303136,0.366763633281826,0.3988020534143742,0.4419731002526625,21,21,41,0.2,0.1,8.35619946714008,6.623435779717015,8.052143669641847,-1.0561038961038962,-0.8245454545454547,Decelerating Erosion,Decelerating Erosion,False
56,-0.9872077922077925,-0.4913636363636364,-0.3341463414634147,0.2836624361929564,0.20919462929340865,0.17435248914244927,21,21,41,0.1,0.3,9.499532621492413,5.784932130517148,8.603674871637535,-0.9801948051948053,-0.5442207792207792,Persistently Stable,Persistently Stable,False
57,-0.47896103896103887,-0.016785714285714494,-0.19520470383275262,0.08187525180767465,0.0002358131524715491,0.06827236380194336,21,21,41,0.0,0.1,9.712039165468685,6.618206556276552,8.532500360177341,-0.4637987012987016,-0.02243506493506488,Persistently Stable,Persistently Stable,False
58,-0.24279220779220764,0.19305194805194814,0.07202961672473872,0.02176368806985086,0.032777095142765084,0.009895521022343527,21,21,41,0.2,0.3,9.856576637960858,6.35020811992469,8.525037565832346,-0.1890909090909091,0.16071428571428567,Persistently Stable,Persistently Stable,False
59,0.20879870129870118,0.3059740259740259,0.21077961672473863,0.03564866015928467,0.03818988085434055,0.08538387705931606,21,21,41,0.2,0.0,6.575965810232983,9.298026838089827,8.162517383842783,0.2212012987012987,0.3276298701298702,Persistently Stable,Persistently Stable,False
60,0.9804545454545456,-0.7281818181818183,-0.11128048780487802,0.42353976875410704,0.2220859699126362,0.019270479837148618,21,21,41,0.0,0.0,6.926291378906336,8.252409810277685,9.393153037649137,0.941948051948052,-0.7272727272727275,Persistently Stable,Persistently Stable,False
61,1.5578571428571428,-1.5576623376623377,-0.26687282229965165,0.719313599548322,0.7373165857529976,0.07347660785090142,21,21,41,0.1,0.2,5.892707646011302,5.629869902268687,11.213004887898915,1.5730519480519483,-1.6127272727272726,Switching: Acc→Ero,Switching: Acc→Ero,False
62,1.5233441558441554,-2.094383116883117,-0.6148867595818815,0.3802786703974138,0.8488493899471814,0.20268884146820326,21,21,41,0.0,0.1,11.775544136728403,5.351573262773031,14.429728513747376,1.5373701298701299,-2.053441558441559,Switching: Acc→Ero,Switching: Acc→Ero,False
63,0.2827272727272728,-0.4643181818181817,-0.7873824041811847,0.017884852377220525,0.08940935414650907,0.36115228640456176,21,21,41,0.0,0.1,12.686503508203378,8.972666351645241,12.39091024700274,0.18103896103896105,-0.4383766233766235,Persistently Stable,Persistently Stable,False
64,-0.8729545454545453,0.41633116883116883,-0.7612979094076655,0.1896844938321113,0.060858599347407186,0.3644467854680639,21,21,41,0.1,0.1,10.925429167158642,9.903282266609065,11.89535898240938,-0.8140259740259738,0.3151623376623376,Persistently Stable,Persistently Stable,False
65,-1.3988961038961036,1.4192857142857143,-0.6263153310104527,0.4779273714946296,0.41792935588437696,0.2263931745210243,21,21,41,0.1,0.1,8.853310300541528,10.142428534427173,13.698895166618788,-1.4247402597402594,1.4715584415584413,Switching: Ero→Acc,Switching: Ero→Acc,False
66,-1.9057142857142857,3.2764935064935075,0.23675958188153312,0.5886440338010483,0.7922209926398455,0.021500229780903855,21,21,41,0.3,0.1,9.64663911725232,10.160677970958373,18.89863317873743,-1.921883116883116,3.2955194805194807,Switching: Ero→Acc,Switching: Ero→Acc,True
67,-1.0563311688311687,3.032954545454545,1.2399390243902442,0.38086427124522854,0.8397631988597172,0.4938443958128682,21,21,41,0.1,0.1,8.155369194848706,8.022400342073714,14.852901691339246,-1.0025324675324674,3.084902597402597,Switching: Ero→Acc,Switching: Ero→Acc,False
68,-0.22301948051948053,1.2558766233766232,1.6342857142857146,0.024501162133050623,0.31152399938964137,0.6757463518680006,21,21,41,0.1,0.1,8.521156686659527,11.305280439411908,13.394995834336317,-0.16772727272727272,1.3710389610389613,Accelerating Accretion,Accelerating Accretion,False
69,0.5761688311688314,0.6578246753246751,1.3296907665505224,0.120126396320211,0.12091067975100839,0.6593902950555218,21,21,41,0.1,0.1,9.442269589949028,10.740637169619896,11.307638203197254,0.5858766233766233,0.5345779220779221,Persistently Stable,Persistently Stable,False
70,0.3485714285714284,0.854577922077922,0.5882709059233447,0.09195901346711388,0.3488061947013864,0.49197050288077065,21,21,41,0.0,0.0,6.632588837993623,7.070504768793261,7.073206218935071,0.3511363636363636,0.8068506493506495,Persistently Stable,Persistently Stable,False
71,-0.43928571428571433,1.0851623376623378,0.2796733449477352,0.05697660370884932,0.5214692151787225,0.0967828450105461,21,21,41,0.2,0.1,10.821706476603383,6.29464194170678,10.109088326776456,-0.4646103896103895,1.0332142857142856,Accelerating Accretion,Accelerating Accretion,False
72,-0.9225649350649351,1.8487662337662334,0.3578702090592335,0.1973639301089417,0.6924227950086449,0.0984683620695456,21,21,41,0.0,0.3,11.265697953697394,7.461207368018847,12.812435557111582,-0.9172402597402596,1.8049675324675325,Accelerating Accretion,Accelerating Accretion,False
73,-0.9299999999999999,1.763636363636364,0.550548780487805,0.17187702146651104,0.43557481533402104,0.1601235794781679,21,21,41,0.1,0.1,12.361101485384415,12.156724404957515,14.919005434540859,-0.8975,1.8289935064935068,Accelerating Accretion,Accelerating Accretion,False
74,0.8322077922077921,-0.587922077922078,0.7351219512195121,0.1702843158070496,0.18217119688458305,0.37299991812867167,21,21,41,0.2,0.1,11.123586045518797,7.543047275714881,11.277240429086318,0.7260389610389612,-0.2412662337662338,Persistently Stable,Persistently Stable,False
75,2.3593831168831176,-1.6210389610389608,0.17191202090592336,0.6845248569821714,0.39663337165627,0.018058615681155958,21,21,41,0.2,0.3,9.698892460392344,12.106683401447738,14.999293997630703,2.282824675324675,-1.5641558441558439,Switching: Acc→Ero,Switching: Acc→Ero,False
76,1.114448051948052,-1.5888311688311691,-1.3511367595818817,0.060826771884440314,0.43457167819720877,0.315845601058003,21,21,41,0.1,0.3,26.51679385175669,10.97416626403495,23.528973094654813,0.9748376623376624,-1.6492857142857145,Accelerating Erosion,Switching: Acc→Ero,True
77,-4.399285714285714,-1.1794480519480521,-3.0765026132404176,0.5431704750329374,0.27283716608078223,0.7405967458737989,21,21,41,0.2,0.3,24.430192464548355,11.659464499383732,21.54359203467078,-4.584123376623377,-1.1169805194805194,Persistent Erosion,Persistent Erosion,True
78,-6.034577922077923,-2.125422077922078,-3.507439024390244,0.8999342995930808,0.4910636644243887,0.842465942096046,21,21,41,0.5,0.3,12.184840040032357,13.102185137319834,17.945898253598084,-6.13353896103896,-2.0142857142857142,Persistent Erosion,Persistent Erosion,True
79,-5.2341233766233755,-1.3865584415584413,-2.9320426829268293,0.8387746743889802,0.48983776520399275,0.812107533259074,21,21,41,0.6,0.0,13.895483007556484,8.568443061709178,16.68715194912721,-5.080584415584416,-1.414512987012987,Persistent Erosion,Persistent Erosion,True
80,-3.6725000000000008,-1.5371753246753244,-3.2340940766550514,0.517490424717857,0.4276677477220484,0.8032831625873011,21,21,41,0.4,0.5,21.4733265531831,10.76787436972005,18.936647792038777,-3.7407467532467535,-1.5993181818181819,Persistent Erosion,Persistent Erosion,True
81,-3.987597402597401,-0.6947727272727274,-2.9806054006968647,0.6881178580833112,0.2318555380688443,0.8194295075068299,21,21,41,0.7,0.3,16.2558940233013,7.657573824754862,16.555263356168883,-4.066201298701299,-0.7757142857142859,Decelerating Erosion,Decelerating Erosion,True
82,-6.120357142857142,-1.7613311688311688,-3.1308623693379793,0.8707310750375243,0.7216445736523834,0.8075067439894078,21,21,41,0.4,0.2,14.279648826444289,6.623917375553921,18.086839088263194,-6.1297727272727265,-1.6952597402597405,Persistent Erosion,Persistent Erosion,True
83,-4.823214285714286,-2.070194805194805,-3.123506097560976,0.9350106367901435,0.7243738494832439,0.9091942775402465,21,21,41,0.6,0.2,7.6999009310555016,7.7326037857210395,11.67977934538841,-4.563571428571429,-2.2371428571428567,Persistent Erosion,Persistent Erosion,False
84,-4.295779220779221,-1.3296753246753248,-2.996010452961672,0.8932433003436224,0.45928532506882375,0.885426881701137,21,21,41,0.4,0.3,8.99270514790393,8.736231187637008,12.751825386689363,-4.353246753246753,-1.0941558441558443,Persistent Erosion,Persistent Erosion,False
85,-3.202532467532468,-0.3843181818181819,-2.136999128919861,0.8349470912249526,0.19447873431687246,0.8349506476524386,21,21,41,0.2,0.2,8.622066531998648,4.736189730007346,11.242033426478496,-3.1643181818181816,-0.4311688311688311,Decelerating Erosion,Decelerating Erosion,False
86,-2.8108441558441566,0.23285714285714287,-1.6386411149825784,0.7844133288589454,0.08170459375581325,0.7404773079868893,21,21,41,0.4,0.0,8.923001243731312,4.727083219030227,11.478355123216245,-2.797045454545454,0.14474025974025972,Decelerating Erosion,Decelerating Erosion,False
87,-2.867987012987013,0.8998051948051946,-1.239721254355401,0.8556813032089633,0.4453382162237968,0.5749901375266782,21,21,41,0.5,0.2,7.132112311620049,6.080696826185385,12.611227816986124,-2.8529220779220776,0.7880519480519483,Decelerating Erosion,Decelerating Erosion,False
88,-2.2189610389610395,1.8439610389610388,-0.45326655052264814,0.8644188711072353,0.742100870124329,0.14305322438878565,21,21,41,0.3,0.3,5.321363117836398,6.5823492841489415,13.126404632110987,-2.147305194805195,1.8974350649350653,Switching: Ero→Acc,Switching: Ero→Acc,False
89,-1.2607142857142857,1.5374025974025975,0.0903397212543554,0.740480227555443,0.7759125682745452,0.012518440138911832,21,21,41,0.2,0.0,4.51940104744688,5.002944463872919,9.493626743472163,-1.2745454545454544,1.5987662337662338,Switching: Ero→Acc,Switching: Ero→Acc,False
90,-0.20324675324675315,1.4916883116883117,0.5375174216027875,0.07165868408995058,0.550908463492063,0.3615172012672691,21,21,41,0.2,0.2631578947368421,4.429745311765432,8.155329547027115,8.452139966894238,-0.2928246753246754,1.4864285714285714,Accelerating Accretion,Accelerating Accretion,False
