year,domain,setback_legacy_m,setback_paired_m,legacy_minus_paired_m,n_shared_transects,road_spread_m,dune_spread_m,flags
1984,9,47.0,52.0,-5.0,5,71.0,41.0,
1984,10,39.0,51.0,-12.0,5,73.0,61.0,
1984,11,52.0,45.0,7.0,5,70.0,79.0,
1984,12,54.0,57.0,-3.0,5,50.0,49.0,
1984,13,77.0,74.0,3.0,5,50.0,69.0,
1984,14,89.0,79.0,10.0,5,52.0,63.0,
1984,15,65.0,71.0,-6.0,5,65.0,45.0,
1984,16,46.0,45.0,1.0,5,61.0,49.0,
1984,17,141.0,113.0,28.0,5,52.0,120.0,DISAGREE(+28)
1984,18,156.0,146.0,10.0,5,53.0,63.0,
1984,19,138.0,153.0,-15.0,5,81.0,69.0,
1984,20,96.0,93.0,3.0,5,90.0,72.0,
1984,21,163.0,136.0,27.0,5,51.0,106.0,DISAGREE(+27)
1984,22,225.0,201.0,24.0,5,51.0,99.0,
1984,23,244.0,241.0,3.0,5,91.0,92.0,
1984,24,225.0,229.0,-4.0,5,92.0,78.0,
1984,25,234.0,221.0,13.0,5,75.0,88.0,
1984,26,271.0,271.0,0.0,5,38.0,66.0,
1984,27,298.0,292.0,6.0,5,45.0,59.0,
1984,28,284.0,291.0,-7.0,5,95.0,76.0,
1984,29,281.0,281.0,0.0,5,94.0,94.0,
1984,30,259.0,259.0,0.0,5,93.0,81.0,
1984,31,239.0,257.0,-18.0,5,122.0,98.0,
1984,32,251.0,230.0,21.0,5,96.0,116.0,
1984,33,307.0,273.0,34.0,5,74.0,123.0,DISAGREE(+34)
1984,34,339.0,324.0,15.0,5,85.0,102.0,
1984,35,354.0,340.0,14.0,5,94.0,109.0,
1984,36,344.0,350.0,-6.0,5,94.0,88.0,
1984,37,342.0,342.0,0.0,5,95.0,98.0,
1984,38,290.0,293.0,-3.0,5,94.0,62.0,
1984,39,242.0,247.0,-5.0,5,64.0,28.0,
1984,40,234.0,236.0,-2.0,5,34.0,25.0,
1984,41,217.0,217.0,0.0,5,34.0,24.0,
1984,42,189.0,202.0,-13.0,5,33.0,8.0,
1984,43,186.0,189.0,-3.0,5,29.0,23.0,
1984,44,191.0,191.0,0.0,5,29.0,35.0,
1984,45,192.0,191.0,1.0,5,29.0,24.0,
1984,46,184.0,184.0,0.0,5,30.0,26.0,
1984,47,184.0,184.0,0.0,5,28.0,30.0,
1984,48,191.0,183.0,8.0,5,28.0,39.0,
1984,49,188.0,188.0,0.0,5,28.0,24.0,
1984,50,197.0,197.0,0.0,5,29.0,30.0,
1984,51,212.0,205.0,7.0,5,29.0,44.0,
1984,52,200.0,205.0,-5.0,5,34.0,19.0,
1984,53,194.0,194.0,0.0,5,46.0,32.0,
1984,54,204.0,203.0,1.0,5,46.0,48.0,
1984,55,203.0,205.0,-2.0,5,46.0,45.0,
1984,56,194.0,194.0,0.0,5,45.0,40.0,
1984,57,240.0,226.0,14.0,5,45.0,80.0,
1984,58,282.0,273.0,9.0,5,46.0,84.0,
1984,59,295.0,282.0,13.0,5,46.0,71.0,
1984,60,349.0,334.0,15.0,5,47.0,88.0,
1984,61,352.0,345.0,7.0,5,71.0,79.0,
1984,62,347.0,345.0,2.0,5,70.0,70.0,
1984,63,344.0,347.0,-3.0,5,71.0,68.0,
1984,64,345.0,345.0,0.0,5,70.0,86.0,
1984,65,361.0,358.0,3.0,5,71.0,79.0,
1984,66,364.0,363.0,1.0,5,71.0,70.0,
1984,67,454.0,402.0,52.0,5,39.0,118.0,DISAGREE(+52)
1984,68,607.0,584.0,23.0,5,30.0,104.0,
1984,69,569.0,593.0,-24.0,5,125.0,86.0,
1984,70,448.0,495.0,-47.0,5,172.0,79.0,DISAGREE(-47)
1984,71,483.0,454.0,29.0,5,19.0,70.0,DISAGREE(+29)
1984,72,582.0,548.0,34.0,5,8.0,67.0,DISAGREE(+34)
1984,73,643.0,620.0,23.0,5,7.0,48.0,
1984,74,616.0,648.0,-32.0,5,45.0,10.0,DISAGREE(-32)
1984,75,540.0,555.0,-15.0,5,82.0,23.0,
1984,76,533.0,523.0,10.0,5,25.0,25.0,
1984,77,575.0,547.0,28.0,5,5.0,51.0,DISAGREE(+28)
1984,78,588.0,588.0,0.0,5,5.0,11.0,
1984,79,580.0,617.0,-37.0,5,95.0,20.0,DISAGREE(-37)
1984,80,617.0,603.0,14.0,5,32.0,67.0,
1984,81,409.0,461.0,-52.0,5,126.0,66.0,DISAGREE(-52)
1984,82,241.0,222.0,19.0,5,51.0,43.0,
1984,83,176.0,121.0,55.0,5,3.0,73.0,DISAGREE(+55)
1984,84,95.0,70.0,25.0,5,5.0,49.0,
1984,85,40.0,71.0,-31.0,5,125.0,72.0,DISAGREE(-31)
1984,86,60.0,36.0,24.0,5,73.0,92.0,
1984,87,55.0,99.0,-44.0,5,141.0,57.0,DISAGREE(-44)
1984,88,158.0,194.0,-36.0,5,113.0,63.0,DISAGREE(-36)
1984,89,207.0,194.0,13.0,5,55.0,75.0,
1984,90,190.0,187.0,3.0,5,56.0,72.0,
2004,9,89.0,75.0,14.0,5,38.0,52.0,
2004,10,83.0,86.0,-3.0,5,55.0,50.0,
2004,11,81.0,80.0,1.0,5,61.0,60.0,
2004,12,89.0,91.0,-2.0,5,60.0,60.0,
2004,13,87.0,93.0,-6.0,5,69.0,63.0,
2004,14,93.0,95.0,-2.0,5,72.0,72.0,
2004,15,71.0,85.0,-14.0,5,80.0,61.0,
2004,16,63.0,60.0,3.0,5,59.0,61.0,
2004,17,128.0,110.0,18.0,5,52.0,109.0,
2004,18,148.0,143.0,5.0,5,52.0,66.0,
2004,19,139.0,153.0,-14.0,5,77.0,65.0,
2004,20,100.0,100.0,0.0,5,91.0,70.0,
2004,21,168.0,140.0,28.0,5,52.0,106.0,DISAGREE(+28)
2004,22,230.0,207.0,23.0,5,52.0,102.0,
2004,23,236.0,238.0,-2.0,5,91.0,89.0,
2004,24,224.0,229.0,-5.0,5,93.0,85.0,
2004,25,221.0,216.0,5.0,5,75.0,76.0,
2004,26,269.0,249.0,20.0,5,36.0,76.0,
2004,27,310.0,298.0,12.0,5,45.0,76.0,
2004,28,320.0,316.0,4.0,5,95.0,104.0,
2004,29,341.0,331.0,10.0,5,94.0,112.0,
2004,30,332.0,335.0,-3.0,5,93.0,87.0,
2004,31,312.0,324.0,-12.0,5,122.0,101.0,
2004,32,306.0,300.0,6.0,5,96.0,97.0,
2004,33,367.0,339.0,28.0,5,74.0,131.0,DISAGREE(+28)
2004,34,395.0,387.0,8.0,5,85.0,104.0,
2004,35,406.0,405.0,1.0,5,94.0,101.0,
2004,36,392.0,396.0,-4.0,5,94.0,83.0,
2004,37,346.0,373.0,-27.0,5,95.0,51.0,DISAGREE(-27)
2004,38,269.0,296.0,-27.0,5,94.0,33.0,DISAGREE(-27)
2004,39,224.0,236.0,-12.0,5,64.0,28.0,
2004,40,211.0,216.0,-5.0,5,34.0,23.0,
2004,41,196.0,202.0,-6.0,5,34.0,22.0,
2004,42,180.0,186.0,-6.0,5,33.0,21.0,
2004,43,168.0,173.0,-5.0,5,30.0,20.0,
2004,44,159.0,162.0,-3.0,5,29.0,21.0,
2004,45,150.0,153.0,-3.0,5,29.0,22.0,
2004,46,148.0,148.0,0.0,5,28.0,28.0,
2004,47,152.0,148.0,4.0,5,28.0,32.0,
2004,48,143.0,149.0,-6.0,5,28.0,17.0,
2004,49,129.0,135.0,-6.0,5,28.0,17.0,
2004,50,110.0,114.0,-4.0,5,29.0,14.0,
2004,51,105.0,105.0,0.0,5,29.0,25.0,
2004,52,101.0,102.0,-1.0,5,34.0,30.0,
2004,53,91.0,95.0,-4.0,5,46.0,38.0,
2004,54,106.0,100.0,6.0,5,46.0,58.0,
2004,55,177.0,123.0,54.0,5,46.0,114.0,DISAGREE(+54)
2004,56,199.0,192.0,7.0,5,45.0,62.0,
2004,57,221.0,205.0,16.0,5,45.0,68.0,
2004,58,258.0,243.0,15.0,5,46.0,76.0,
2004,59,293.0,280.0,13.0,5,46.0,74.0,
2004,60,328.0,315.0,13.0,5,47.0,74.0,
2004,61,332.0,330.0,2.0,5,71.0,74.0,
2004,62,338.0,335.0,3.0,5,70.0,74.0,
2004,63,342.0,341.0,1.0,5,71.0,74.0,
2004,64,347.0,345.0,2.0,5,70.0,74.0,
2004,65,352.0,349.0,3.0,5,71.0,75.0,
2004,66,381.0,365.0,16.0,5,71.0,99.0,
2004,67,453.0,410.0,43.0,5,39.0,103.0,DISAGREE(+43)
2004,68,600.0,577.0,23.0,5,30.0,104.0,
2004,69,555.0,582.0,-27.0,5,125.0,83.0,DISAGREE(-27)
2004,70,437.0,486.0,-49.0,5,172.0,77.0,DISAGREE(-49)
2004,71,473.0,438.0,35.0,5,19.0,73.0,DISAGREE(+35)
2004,72,530.0,517.0,13.0,5,8.0,39.0,
2004,73,577.0,561.0,16.0,5,7.0,35.0,
2004,74,590.0,603.0,-13.0,5,45.0,41.0,
2004,75,534.0,542.0,-8.0,5,82.0,41.0,
2004,76,526.0,524.0,2.0,5,25.0,21.0,
2004,77,529.0,527.0,2.0,5,5.0,8.0,
2004,78,530.0,530.0,0.0,5,5.0,6.0,
2004,79,526.0,552.0,-26.0,5,95.0,35.0,DISAGREE(-26)
2004,80,552.0,541.0,11.0,5,32.0,57.0,
2004,81,354.0,382.0,-28.0,5,126.0,61.0,DISAGREE(-28)
2004,82,196.0,165.0,31.0,5,51.0,68.0,DISAGREE(+31)
2004,83,115.0,89.0,26.0,5,3.0,55.0,DISAGREE(+26)
2004,84,50.0,50.0,0.0,5,99.0,79.0,
2004,85,85.0,101.0,-16.0,5,97.0,81.0,
2004,86,88.0,64.0,24.0,5,19.0,65.0,
2004,87,40.0,59.0,-19.0,5,108.0,48.0,
2004,88,121.0,159.0,-38.0,5,113.0,47.0,DISAGREE(-38)
2004,89,185.0,181.0,4.0,5,55.0,63.0,
2004,90,176.0,175.0,1.0,5,56.0,58.0,
