Profile,XMHW,YMHW,MHW Lat,MHW Lon,MHW CI,MHW Lidar Error,MHW X Error,MHW Error,XCrest,YCrest,Crest Lat,Crest Lon,XHeel,YHeel,Heel Lat,Heel Lon,XToe,YToe,Toe Lat,Toe Lon,Foreshore Slope,Dune Volume,Beach Volume,Profile Volume,Orientation,Dune Height,Dune Width,Dune Aspect Ratio,Dune Face Slope,Beach Width,Beach Slope
1,121.68873933541947,0.3911,-75.62252854057087,35.957660270080794,0.013783134619946045,-0.01710121253487262,-0.8253976162986021,0.8256898032926947,80.96023893950425,6.1893,-75.62316026647377,35.95740622505986,72.00002842587186,3.6226,-75.6232492995645,35.95737042097141,95.8609957215733,2.8973,-75.623012205335,35.95746576737627,0.11400808356581747,40.83210099777182,33.24838876954118,325.23465149928967,337.09665163752896,3.2920000000000003,23.860967295701442,0.13796590721588453,0.22092837619908376,25.827743613846167,0.0970351896576995
2,120.69539842282013,0.2957,-75.62302002858092,35.958468134799986,0.010665192024568284,-0.015452107150604967,-0.1990587605291978,0.19994225186221948,82.94705619798347,6.3303,-75.62363201697606,35.95822202629913,65.99997585896017,2.848,-75.62380041248258,35.95815430628283,100.82779500180786,2.155,-75.62345434400035,35.95829347722989,0.10301404767069978,78.40926058570182,20.191254291847827,312.52614126350943,337.192853012536,4.1753,34.82781914284769,0.1198840496694565,0.2335082485018446,19.867603421012276,0.0935845134714928
3,119.70198497674359,0.3439,-75.62348194390033,35.95929271007412,0.012854224453230237,-0.01680246071395332,-0.3514248459958509,0.35206104038297886,88.90725640685032,6.9641,-75.6240593634211,35.95911664329109,78.97352945428193,4.5175,-75.62416247328697,35.95908520303928,104.80131007626264,2.4071,-75.62389438697264,35.95916694876089,0.1120164047596888,67.31378964679612,15.35184179328138,457.44281335756864,331.1070540674005,4.557,25.827780621980708,0.176437924214122,0.286710998640317,14.90067490048095,0.13846352690597966
4,124.66887854739014,0.3745,-75.62392809170561,35.9601121485355,0.007971507868543023,-0.010364337720379781,-0.9329016897429057,0.9329933157098441,82.9470404574607,6.6693,-75.62451760599231,35.95989004761811,61.99998752466512,3.0564,-75.62472829888128,35.95981066781406,101.82114982884313,2.4724,-75.62432776327607,35.959961571816464,0.06909558480253188,85.57919344952819,22.539972734911373,321.86625599292324,336.03694145568227,4.196899999999999,39.82116230417801,0.10539370920269857,0.22236281020833135,22.847728718547003,0.09182094315996481
5,126.65564311469976,0.3593,-75.62438421809854,35.96093366173492,0.006415472703502738,-0.01087116561003192,-0.6088319782271441,0.608962821725356,82.94699535125591,6.3715,-75.62498372920456,35.96070779307796,65.99999222929507,3.5064,-75.62515418973562,35.960643571346026,95.86094441268213,3.0953,-75.62485383499038,35.9607567315567,0.0724744374002128,37.155850181960886,41.80594675495183,357.11873304689686,336.1402491893556,3.2762000000000002,29.860952183387056,0.1097151885807142,0.25369466647394184,30.794698702017627,0.08884646108977
6,119.70197736387458,0.3383,-75.6247942317148,35.961774667112394,0.003708312634877167,-0.011618012732785715,-0.1769428781216078,0.1773626564990932,76.98674884887407,6.3205,-75.62547885986706,35.96155097014866,42.999972591180175,2.9207,-75.62582846226653,35.96143673941426,87.91394816985976,3.0529,-75.6253664581104,35.96158769716035,0.07745341821857143,56.975747567401925,43.11702313910047,314.3328749073447,333.09274391242405,3.2676,44.91397557867959,0.07275241075633285,0.29903362279889706,31.78802919401481,0.08539692673086877
7,118.70862261167915,0.312,-75.62519369199575,35.96261653223092,0.01318581102615892,-0.01568388854203633,-0.1424599079359865,0.1439259370000638,80.96031370621675,3.6563,-75.62585285123282,35.96241364237705,55.00002777536298,3.2965,-75.62612200724205,35.96233079452384,89.90075024136809,2.5871,-75.62576015679062,35.96244217423608,0.10455925694690886,26.56575966057369,37.56261325607784,308.5776595864541,331.8070634240432,1.0692,34.90072246600511,0.030635468966049326,0.11959147585201237,28.80787237031106,0.07897494027864004
8,121.68879383414475,0.3772,-75.6255862388215,35.96345942726592,0.015512756734552841,-0.0158107104994681,-0.8733095820631007,0.8735904362521553,68.00000536957467,6.6505,-75.6263797776268,35.96321517349087,58.000014343595424,5.1874,-75.62648345840718,35.963183260013025,77.98018104982526,3.069,-75.62627630239058,35.963247024026465,0.10540473666312068,40.165187035408394,73.72445161873736,379.93708486215485,331.92878570762707,3.5815,19.980166706229838,0.17925275863105208,0.3588614183503101,43.708612784319484,0.061585116262616466
9,123.67546542116975,0.3282,-75.62603819077601,35.964281156821734,0.00885172177910649,-0.011482634882052164,-0.4682144802499266,0.46843890038936575,65.99993688442082,5.7626,-75.62681223571107,35.96402086016123,56.99989584846449,3.8918,-75.62690443712486,35.96398985373183,76.98668743315127,2.8893,-75.62669968103212,35.96405871057248,0.07655089921368109,27.370051460752393,78.8305733312153,277.9420016941094,334.094015800959,2.8733,19.986791584686785,0.14375994205100068,0.2615240955235865,46.68877798801847,0.054854723348236774
10,122.68212073170875,0.3426,-75.62644093824927,35.96511860269316,0.0013857108369113365,-0.012413846369743723,-0.07388056560756695,0.07492904477376672,59.999999166730305,6.9677,-75.62728232988388,35.96480383119121,39.99999944453025,3.3342,-75.62748375604896,35.9647284749304,75.00001017504516,3.018,-75.62713126000378,35.96486034839254,0.08275897579829149,53.36581495451787,79.80025109004248,327.3070621640929,336.51877569635934,3.9497,35.00001073051491,0.11284853683077409,0.2633131400910699,47.68211055666359,0.05610909351046148
11,121.68872386747648,0.3336,-75.62690440858911,35.96593735386915,0.004411830471258868,-0.012993571247727561,-0.14784974206941115,0.14848516212695564,61.99998567902996,6.4215,-75.62772566416528,35.9656301146843,38.9999837551249,3.171,-75.62795730612022,35.96554345409701,72.00000797343634,3.2407,-75.62762495009865,35.96566779349336,0.08662380831818374,42.659960714594604,85.78560847401923,308.87000273889817,336.62250226375994,3.1808,33.00002421831144,0.0963878080500014,0.3180792908611029,49.68871589404014,0.058506241260074275
12,126.6556217996349,0.3566,-75.62747851709436,35.966694722067764,0.003665545701397807,-0.01284837205160128,-0.3788619827630413,0.3790975057591495,74.00002594193244,5.3857,-75.62811776158989,35.966344288795725,33.00000708518952,2.5769,-75.62849463356301,35.966137684063234,85.92717664147631,3.2771,-75.62800812686316,35.96640439106221,0.08565581367734187,56.15512273363407,60.467794195100055,288.23243080075997,343.6349378767677,2.1086,52.927169556286785,0.03983965168886566,0.17678991849081263,40.72844515815859,0.07170664111185632
13,124.66886790745534,0.3341,-75.6279772561895,35.96751431628844,0.003946405389012869,-0.0106873076330573,-0.0189804663192632,0.02213709017993827,78.97353474431578,5.9355,-75.62864021878298,35.967319699789904,60.000020718421304,3.0475,-75.62883807141577,35.9672616184834,97.84764605574722,1.4588,-75.62844340249062,35.96737747664097,0.07124871755371533,90.41627135915101,17.540617892478394,299.51903810143483,331.38774917645327,4.4767,37.847625337325915,0.11828218970411887,0.2371873263928781,26.821221851708117,0.041933212670860226
14,123.67547012209232,0.3117,-75.6283599560711,35.9683586615154,0.0037446304805284223,-0.010741816737792278,0.21358917561373403,0.21389189985508691,67.99996317768496,6.8643,-75.62913130944796,35.96811727273156,46.99996075839275,2.2213,-75.62934859214432,35.968049274320684,82.9469784626931,2.7848,-75.6289766558036,35.96816567177668,0.07161211158528186,71.38680442700041,53.104111433755236,277.3849765031729,333.0217689914117,4.0794999999999995,35.94701770430034,0.11348646593043986,0.27293074384500965,40.728491659399225,0.060721620154309444
15,121.68881872536674,0.3342,-75.62876280147266,35.969195535363326,0.0013256307105189238,-0.011841186470779407,0.06857116098098004,0.06959867176962445,51.00000814367304,4.2981,-75.6297046785858,35.96886470751402,28.000009692856253,3.0889,-75.62993876467122,35.968782484302295,53.00002314500709,4.2092,-75.62968432279098,35.96887185681477,0.07894124313852938,12.222300166418108,209.62802081965955,357.78940681213555,335.7137148086565,0.08889999999999976,25.00001345215084,0.0035559980865670845,0.044449666597851385,68.68879558035965,0.056413858581442176
16,121.68872832754026,0.3577,-75.62919245500672,35.97002644274279,0.007087643874464831,-0.014281762518062647,-0.5382830612586815,0.5385191338052262,64.99997023242338,6.4815,-75.63000196083172,35.96974210732833,42.0000145392906,2.6799,-75.63023604912178,35.96965988447529,80.96026842748097,2.9595,-75.62983952018693,35.9697991635634,0.09521175012041765,69.51935392512036,63.94656876724093,310.4222314396646,335.82380908189634,3.522,38.960253888190366,0.0903998215747662,0.22067256870492896,40.72845990005929,0.06388162003631795
17,121.68873271260209,0.3643,-75.62967949078852,35.970834098553745,0.001159067545201917,-0.00937693186449306,-0.32744032140259094,0.32757660839717745,73.00004563185426,6.0522,-75.63036668008996,35.97057001975583,58.00001951175104,4.4974,-75.63051703556893,35.970512238747,82.9469598387663,3.0088,-75.63026697516317,35.97060833557677,0.0625128790966204,43.050774866762424,46.14291178010012,370.7935178595891,337.7922362129144,3.0434,24.946940327015263,0.12199492042333845,0.3059642354093255,38.741772873835785,0.06825965369762312
18,120.69536742217224,0.35,-75.63016155930154,35.97163729785704,0.008900586781636308,-0.014040133988260102,-0.4129503083271402,0.41328477222726934,75.99337465913784,5.8,-75.63080127074079,35.971320686303464,60.99999965149705,3.8337,-75.63094326076626,35.97125041027454,85.92708957167639,2.9995,-75.63070719591418,35.97136724613877,0.09360089325506735,35.56834363933001,50.325798550809964,341.84671412378316,342.4916422678517,2.8005,24.92708992017934,0.11234765104822358,0.28191870057244633,34.76827785049585,0.0762045221622104
19,126.65562980003284,0.3451,-75.63067528055366,35.972441166367126,0.0034858386758533106,-0.01285798410307072,-0.1802359032566727,0.18072758408504658,80.96034142661001,4.5006,-75.63129824154792,35.972192733162295,55.99999428862933,3.3866,-75.63154670081623,35.97209364742084,90.89404145103217,2.9625,-75.63119935930125,35.97223216635033,0.08571989402047146,28.152775350556738,48.396401425255874,307.2470353278561,338.7243525904785,1.5381000000000005,34.894047162402835,0.044079151748761654,0.15483656605479915,35.761588349000675,0.07319026141838414
21,124.66881675405426,0.4044,-75.63168788717115,35.97404252777124,0.013885281661376562,-0.015045392892094073,-0.8724126879859568,0.8726528880677447,80.96021672006954,7.9125,-75.63230066155685,35.9737778608535,74.99990784062487,7.035,-75.63235902098694,35.973752653936955,96.85436935969001,3.5012,-75.6321450358874,35.97384507854943,0.10030261928062716,55.71083140735061,48.58237428317261,503.2379242904442,340.4083497081875,4.4113,21.85446151906514,0.20184894494662892,0.27754232012366875,27.81444739436425,0.11133782225087355
22,132.61587004968447,0.2982,-75.63220963514979,35.97484074349475,0.010840688548981205,-0.01087535378867006,-0.135357541074967,0.1362257603175924,46.00009118681821,3.0457,-75.63316385719034,35.974466442836,1.0000790767938,2.1795,-75.63361322331562,35.974290171447414,46.999988744275704,3.033,-75.63315387195914,35.974470359016564,0.07250235859113374,24.537121060398192,308.3174203858008,422.22334520613407,338.70850193262686,0.012700000000000156,45.9999096674819,0.00027608749868867667,0.01270130115358346,85.61588130540878,0.03194267183029312
23,136.58943376565293,0.3072,-75.63261002535393,35.97568589792135,0.0038617351357349474,-0.01649660784487672,0.2556999419527699,0.2562606317468528,50.999946890685194,4.439,-75.63357842510509,35.97535992553951,24.000057764060738,3.0392,-75.63385502102473,35.97526681970102,51.99997618707915,4.4351,-75.63356818080715,35.97536337469357,0.10997738563251148,16.368506069273167,309.5160793710903,461.66967360918886,335.6938472561294,0.0038999999999997925,27.99991842301841,0.00013928612009075168,0.0038998857474105597,84.58945757857379,0.048799225319132236
24,140.56297593528217,0.3341,-75.63308984609142,35.97649627191848,0.00257894134057132,-0.012439718526650151,-0.19743958428642827,0.19784788848673115,80.96022619665003,5.1038,-75.63371839282104,35.97625725965993,62.99988842418816,4.4024,-75.63389877558336,35.97618866554386,100.82776519058184,2.502,-75.63351885501004,35.976333137590586,0.08293145684433434,66.28304006418375,51.13571844355084,411.1165294685761,338.31312549084,2.6018,37.827876766393686,0.06877996394213277,0.13095733703075518,39.735210744700325,0.05455866369827026
25,136.58944911943144,0.3216,-75.63357166636486,35.977307878199305,0.007833317991379759,-0.011246247337135369,-0.45061308958784707,0.45082146738795303,81.95368489203906,6.5978,-75.63417947228582,35.977075081222,64.00000076198837,3.5841,-75.63435955609884,35.97700610752634,97.84770157389892,2.8265,-75.63402004816439,35.97713614285748,0.07497498224756913,57.07098019165187,53.10638815114032,406.5312110866215,338.55656849213983,3.7713000000000005,33.84770081191054,0.111419680200935,0.23727796915579294,38.74174754553252,0.06465635028611018
26,134.60267361514215,0.3456,-75.63403854752752,35.97812787623478,0.007089408324197388,-0.011221311274358443,-0.9011654621963316,0.9012632067230034,59.00004594864809,6.1829,-75.6348899674787,35.97783105049733,0.0,2.4717,-75.63549120884745,35.97762143888785,111.75501541023883,1.9717,-75.63435236417243,35.97801847267942,0.0748087418290563,281.9759955033106,20.61636235798869,485.37486764077715,336.7741627578046,4.2112,111.75501541023883,0.037682425120172065,0.07982565515588147,22.847658204903325,0.071171407827303
27,134.60258310086095,0.3673,-75.63449587977905,35.97894912555561,0.0046885400544963126,-0.009107940894603065,-1.1701759205849385,1.1702207578538293,81.95367970297016,6.7385,-75.63509314726853,35.97874090317613,63.000101524158346,3.8948,-75.63528629644938,35.97867356602949,92.88083763356964,3.6149,-75.63498179276282,35.978779725199004,0.06071960596402044,43.62924259363433,62.610563219803964,403.62649642242854,336.8848814859669,3.1236,29.880736109411295,0.10453557732187813,0.28585658044283757,41.72174546729131,0.0778395046426336
28,132.61586688853203,0.3473,-75.63491272488818,35.97978448626057,0.008587117686855376,-0.010753294077265505,-0.901771689970218,0.9018766837852185,66.00001806208886,7.1929,-75.63569282504979,35.97951252729966,12.999949199886451,3.0367,-75.63623293241135,35.979324227555495,90.89403090682424,3.5285,-75.63543913616829,35.97960096891709,0.07168862718177003,135.94130092552746,67.36000721015216,448.0827584159105,337.00010187107387,3.6643999999999997,77.89408170693778,0.04704336863212065,0.14720005259316604,41.721835981707784,0.07624784300946733
29,131.6224650199511,0.3794,-75.63533244578046,35.980617314487745,0.003112384637960887,-0.01484525235977797,-0.515204365779681,0.5154275962482058,75.99333040734973,7.6827,-75.6360223797704,35.98035814301309,63.000010763470996,6.8505,-75.63615316613695,35.980309013116205,93.87427249717099,2.918,-75.63584239672599,35.98042575489053,0.09896834906518646,91.9402511446657,51.24591635616957,472.6290918147122,338.6033302372989,4.7646999999999995,30.874261733699996,0.15432595736529678,0.26646806281601393,37.748192522780116,0.06725090210526019
30,131.62259932521872,0.2956,-75.6358076534192,35.981431687708195,0.009579439481047817,-0.013708952161918548,-0.08925614903776591,0.09080947732038054,116.72185913673114,1.6823,-75.63607762950718,35.98133027256484,109.76827901430495,1.6917,-75.63614762292568,35.98130398024558,117.71521476584765,1.6407,-75.63606763030684,35.98133402808809,0.09139301441279032,0.19271317094069218,9.84261512628143,457.4415471140757,338.70845119499194,0.04159999999999986,7.946935751542696,0.005234722074093058,0.04187825465588692,13.907384559371067,0.0967184012391205
31,129.6357973488523,0.3024,-75.63625287158935,35.9822573263053,0.0059409642781573955,-0.01506055971909803,0.6024781897233424,0.6026956815905707,49.9998936487108,3.7314,-75.63721446025579,35.98189610714656,35.000051141829466,2.8703,-75.63736544630102,35.981839389982525,51.000047457339214,3.7261,-75.63720439334105,35.9818998897549,0.10040373146065354,7.136619930365782,265.8992590659683,402.2863593497759,338.8174736478054,0.005299999999999638,15.999996315509748,0.0003312500762804572,0.005299184939632375,78.63574989151309,0.04353872131598391
32,127.64900514874049,0.2983,-75.63672886295629,35.983071076216724,0.004526228112834679,-0.01239441219403753,0.30181773913501786,0.302106034119047,39.99995140198524,3.282,-75.63777815271725,35.982670623485134,15.999881600203793,2.4283,-75.63801905269204,35.98257868290416,40.999917480149584,3.2752,-75.63776811484868,35.982674452932145,0.08262941462691686,7.305254477491076,283.47598853541496,378.5602868928441,339.22693022319805,0.006800000000000139,25.00003587994579,0.00027199960962675563,0.006800230676307582,86.64908766859091,0.03435581470154457
33,128.642399943227,0.3481,-75.63719021803819,35.9838906989248,0.006370600658841443,-0.01491692219595198,-0.30356998941522306,0.3040030223437148,69.0000813826243,7.6611,-75.63795839627463,35.98359753004686,43.00003181595353,3.0111,-75.63821937371799,35.98349792744749,91.88747969778686,3.5041,-75.63772866105995,35.98368520681903,0.0994461479730132,136.71489770401746,60.63115633853903,439.0083075671582,339.332519729266,4.157,48.88744788183333,0.08503205178654354,0.1816283328824688,36.75492024544013,0.08586605490979232
34,131.62244356529155,0.336,-75.63768149426309,35.98469890059181,0.008804043222535824,-0.011711782655476535,-0.6460108991029472,0.6461770336291995,71.00001560261282,7.8403,-75.63840966117813,35.984421002631414,49.99998273368831,2.5421,-75.6386204524768,35.98434055394824,86.92055746047537,3.686,-75.63824985510219,35.98448199087264,0.07807855103651024,104.30034111585093,80.06680313485884,387.735695191917,339.43993066209526,4.1543,36.92057472678705,0.11251991689571189,0.2609396110439765,44.70188610481618,0.07494090947627982
35,135.5960600342489,0.31,-75.63815283780251,35.98551471486858,0.006012883057923373,-0.012426635464700056,-0.29861267982664685,0.29893161188621775,72.00002722567433,7.9105,-75.6388709734298,35.98524064375104,59.99997058417704,5.2261,-75.63899142723535,35.98519467295439,89.90069217219111,3.81,-75.63869129031904,35.98530921867994,0.0828442364313337,73.44619791447428,86.01755317992439,445.0924250020905,339.5479422990307,4.1005,29.900721588014072,0.1371371586444829,0.2290697028435192,45.69536786205778,0.07659419682462287
36,134.60266936675353,0.3098,-75.63861422021574,35.98633433138551,0.012026752017583072,-0.014435776216566833,-0.22455997732541277,0.22534466449298757,75.99345688955394,7.4921,-75.6393022468061,35.98607174905191,57.99994733804124,3.2393,-75.6394828635099,35.986002818350805,95.86087256943837,3.1224,-75.63910282046224,35.986147859445126,0.09623850811044556,79.54649443113624,66.56309315153112,414.17046172617984,339.65409749468625,4.3697,37.86092523139713,0.11541450646790627,0.21994304998733577,38.74179679731516,0.07259859460609518
37,131.62241724270794,0.3886,-75.6390887556738,35.9871484766954,0.005378851432956788,-0.01662335994880537,-0.596262390317321,0.5965183201257532,78.97348580816193,8.1843,-75.63974436278757,35.98689300824409,0.0,2.4463,-75.64053406529857,35.9865852805506,94.86759688879692,3.6315,-75.63958542783946,35.98695494118231,0.11082239965870247,180.79722475352952,60.22640743775452,437.2547092241077,340.1447558075725,4.5528,94.86759688879692,0.04799109653148227,0.28644571419580817,36.754820353911015,0.08823060400715382
38,132.61591264799284,0.3237,-75.63957813267251,35.98795729901491,0.007515551839882799,-0.014171619912205845,-0.2448348089907597,0.24535974002255503,80.96030317102816,7.4825,-75.64020394407025,35.98771344101988,49.9999546727628,3.6111,-75.6405135379389,35.98759280037258,97.84773234415957,3.4855,-75.64003507432437,35.98777924402105,0.09447746608137231,101.53634523704557,51.923704293482444,437.8691853229685,340.24820969703774,3.997,47.84777767139677,0.08353575013347782,0.23668493049015363,34.768180303833276,0.09093947317258372
39,136.5892428738929,0.327,-75.6400774553171,35.98876225059347,0.004198323937125908,-0.010132140037228864,-0.4882544863271505,0.48837765059859634,75.99330022719113,7.8458,-75.64073307248908,35.988506775195155,38.000005647002894,3.8987,-75.64111299678925,35.98835872901455,102.8145155796058,2.9872,-75.64046486594124,35.98861128767096,0.06754760024819242,178.4876070752453,43.76902582299107,502.9118937139254,340.35565961586195,4.858599999999999,64.8145099326029,0.07496160975454716,0.18114764510708825,33.77472729428712,0.07876303417111422
40,128.64236533291498,0.3512,-75.64052713123797,35.98958799159412,0.004412593440072803,-0.014857663559017733,-0.3560186114395094,0.35635582335443416,74.99999516815473,7.7057,-75.64123113319326,35.98933220252303,50.99989206652391,3.7816,-75.64147411372467,35.98924391572003,104.80120837404911,2.5629,-75.64092941942931,35.989441826417696,0.09905109039345156,165.4640617529048,25.03706071063806,451.2418901676175,339.1587147419227,5.1428,53.8013163075252,0.0955887393275669,0.1725701555996655,23.841156958865866,0.09276814895417775
41,124.66887469013757,0.3243,-75.64097976656439,35.990410781810546,0.006338293394497747,-0.01515532147226321,-0.13650933436548485,0.13749420388143682,76.98678436934036,6.9314,-75.6416636584621,35.99016229696638,53.99993316621917,3.9466,-75.64189638254913,35.9900777365682,96.85431904592915,3.4322,-75.64146251397165,35.99023538092494,0.10103547648175475,92.13429299989252,45.203975982903614,429.657418513294,339.26893373087154,3.4992,42.85438587970997,0.08165325271075105,0.176126532907142,27.814555644208426,0.11173646056959856
42,124.66896454871728,0.3061,-75.6414525261806,35.99122626154018,0.01041254826990773,-0.012079014489465951,-0.24041069429399897,0.2409390497271717,72.99992388851138,6.9889,-75.64215667257496,35.990970415950194,49.0000422849839,3.513,-75.64239965580666,35.99088213003461,98.84110824721938,2.8829,-75.64189504749687,35.99106547608704,0.08052676326310634,113.59010203770481,35.94440479089849,429.69963481963975,339.38148221247013,4.106,49.84106596223548,0.08238186565092952,0.1588936460110952,25.827856301497903,0.09976824905327342
43,120.69534226648992,0.2961,-75.64188506495319,35.99205635551416,0.008331192816345055,-0.012352202673147416,-0.10107313176321497,0.10216537402195446,68.00003300738503,6.972,-75.64265995407166,35.99177480626099,53.99997704597996,4.5185,-75.64280169589748,35.991723303693455,99.83441403865747,2.2458,-75.64233764816089,35.991891912415795,0.08234801782098278,126.17484853753945,20.933609893602295,418.2625665990745,339.4918230828625,4.7262,45.83443699267751,0.10311460792580601,0.1484621295245925,20.860928227832446,0.09346180470525417
44,124.66887469013757,0.3775,-75.64234778397162,35.99287548641292,0.005501485508741891,-0.0141287738812843,-0.764903413571858,0.7650536717695512,59.99996938681266,5.0722,-75.64319361849847,35.992568157146835,22.000031822040384,3.6247,-75.64357834797642,35.99242836576945,75.00003904808013,3.7808,-75.64304175077157,35.9926233388631,0.09419182587522867,48.4668735153914,96.2163474625404,386.52121482483403,339.608085301461,1.2913999999999994,53.00000722603974,0.02436603441377484,0.08609293351047541,49.668835642057445,0.06851982648689738
45,120.69534226648992,0.3699,-75.64278033972786,35.99370557574788,0.010467916821482437,-0.0168334896127664,-0.5375704110619353,0.5379357680099202,65.00008176617861,8.2307,-75.64359567286617,35.9934093320784,46.99997100529299,5.3626,-75.64377791587027,35.99334311338246,84.93380743575976,3.7722,-75.64339385164864,35.99348266221647,0.11222326408510934,116.34265720139274,66.4785762760136,480.90261154241756,339.71798657321824,4.458500000000001,37.93383643046677,0.11753359057612038,0.22366616627034594,35.761534830730156,0.09513853407310635
46,122.68213146767556,0.3164,-75.64323302110097,35.9945283571852,0.01381273643482925,-0.017275947579685223,-0.2692128716589224,0.2701200109570513,60.9999392069893,8.1393,-75.64408886036604,35.99421739091261,6.999962161320527,2.6621,-75.6446355903759,35.9940187354018,88.90729597962611,2.8754,-75.64380630802954,35.99432005663607,0.11517298386456816,211.00962199254474,49.22122964646644,470.2314493158521,339.8337835082241,5.2639000000000005,81.90733381830559,0.06426652846101509,0.18862051475836147,33.77483548804945,0.07576646823062844
47,122.68220708079232,0.3018,-75.64370230182656,35.99534463265761,0.00760013099808773,-0.013701103612623809,-0.10435446300328977,0.10552410236574827,56.999998748757136,7.1638,-75.64458525930627,35.99501661858324,0.0,2.6928,-75.6451601997836,35.99480302758565,89.90062727218296,2.6653,-75.64425339924993,35.99513990165569,0.09134069075082539,180.63804196853516,49.07562362880731,443.3814954774862,340.35250272388714,4.4985,89.90062727218296,0.05003858300543722,0.13672991070055057,32.781579808609365,0.07209841666566899
48,113.7417761806464,0.3856,-75.64416341233286,35.99616431818934,0.010418138626095527,-0.017344658426932325,-0.7255043103109813,0.7257863866649692,55.99998389948217,8.6003,-75.64505646364857,35.995832554232386,0.0,2.7199,-75.64562132197018,35.99562270868972,86.92061759685716,3.0558,-75.64474457381549,35.99594842093403,0.11563105617954884,243.8720749143382,42.853888598965966,490.7841511109917,340.45889272930333,5.544500000000001,86.92061759685716,0.06378808795072893,0.17931391879820052,26.82115858378924,0.09955572917024821
49,119.70192941010505,0.368,-75.64464457196982,35.99697655619585,0.011938826551555924,-0.012589885075929839,-0.8173428226831305,0.8175269601531687,46.99980539215748,5.8726,-75.6456083734524,35.996618507050265,27.000043921792734,3.0701,-75.64581010979288,35.996543565669725,47.999909731714496,5.8203,-75.64559828549459,35.9966222546205,0.0839325671728656,25.345053179588376,224.3907107310286,379.86072419465745,340.5723797593113,0.05230000000000068,20.99986580992176,0.0024904921047300506,0.052294543610485834,71.70201967839056,0.07604109374401911
50,119.70204732891958,0.3201,-75.6450754826651,35.99780766273625,0.008767366556023377,-0.014507967410534334,-0.10125836974133051,0.10266744994098569,56.99988036314978,7.9504,-75.64597033092579,35.99747922108637,36.0001868812694,4.3391,-75.64618259285535,35.9974013145129,93.87420678778463,2.4511,-75.64559761042032,35.99761602164475,0.09671978273689556,187.27933213299218,29.387547621232898,459.38587561754167,340.46676876937113,5.4993,57.87401990651523,0.0950219115396356,0.1491362835125864,25.827840541134947,0.08250786575076004
51,121.68873298380522,0.2952,-75.64552199389439,35.998632721846064,0.006582627831269671,-0.01599569467825931,0.5634743500704076,0.563739777224096,60.99990969969001,7.4121,-75.64638645666773,35.99831543254024,16.99979554764302,3.0508,-75.64683120372216,35.99815218932408,79.96689319866789,3.5951,-75.64619474124106,35.99838580213276,0.10663796452172875,136.68049234743052,70.5954348566267,428.95657262710813,340.5818206142111,3.8169999999999997,62.96709765102487,0.06061896041571598,0.20124444143717926,41.721839785137334,0.0790928687947153
52,115.728356451302,0.3845,-75.64598859000839,35.99945041365426,0.008247921135964587,-0.018471385251720193,-0.6213843450687477,0.6217135389974221,65.00012092948732,7.6557,-75.64680258434856,35.99915164301884,53.99997016308752,6.9786,-75.6469137728428,35.999110830441204,79.9669411802229,3.7718,-75.64665129955881,35.99920717000203,0.12314256834480129,68.09681214336996,64.49502041514302,473.3001477866376,340.69063798539344,3.8839000000000006,25.966971017135386,0.14957077579194922,0.259500677828286,35.7614152710791,0.09471940565896367
53,117.71535916525399,0.3334,-75.64645519702766,36.00026809533986,0.01697829712851026,-0.014792181619649673,-0.4248260008849627,0.42542238097961305,43.00004048952866,7.9645,-75.64748153703643,35.99989139146607,25.000036113977558,4.8296,-75.64766348174909,35.9998246094512,81.95358512535542,3.5354,-75.6470877910072,36.00003591048942,0.09861454413099782,167.41833326167796,65.7759177148198,528.1626470653919,340.80567784726895,4.4291,56.95354901137786,0.07776688330897832,0.11370210442739587,35.76177403989857,0.0895369451310666
54,118.70876894799444,0.3145,-75.64691177733214,36.00108946637231,0.01920724776642107,-0.015879066794295807,-0.3913917763951815,0.3921843772497754,61.000178776199206,6.7555,-75.64775617488651,36.00077953746063,35.00006900009354,4.3144,-75.64801898670147,36.000683072211125,70.00009252644199,4.2403,-75.64766520160416,36.000812926757035,0.10586044529530537,38.507274133907515,105.18061951263121,412.7407572787797,340.9195741205937,2.515199999999999,35.00002352634845,0.0718628088380148,0.27946934490701636,48.708676421552454,0.0805975503424463
55,116.72172452456974,0.3719,-75.64737840082405,36.0019071475442,0.012448594826976207,-0.015208757833307232,-0.6780717382108179,0.6783565109794689,42.99999501622439,7.3601,-75.64839471711682,36.00153411944432,13.999839873744,3.5333,-75.64868785556733,36.00142652195785,79.96689570670587,3.2256,-75.64802104655281,36.00167127123692,0.10139171888871489,160.01770539194274,61.237048721782116,453.2572832906847,341.03268641879566,4.1345,65.96705583296188,0.06267522398557777,0.11184329556371445,36.75482881786387,0.07764149886648425
56,112.74836093044915,0.3178,-75.64782086622657,36.00273326952216,0.011498520046861816,-0.018332116125483022,-0.16413397627599124,0.1655543554639199,26.999830899033743,4.6916,-75.6490140546789,36.00228470050522,19.000206169951397,4.0705,-75.64909458387083,36.002254427859164,28.000209841999613,4.6707,-75.64900398558585,36.00228848855958,0.12221410750322016,3.1621681742612395,360.6850058849184,468.2461417744875,341.55937542745596,0.02090000000000014,9.000003672048216,0.0023222212747435167,0.020892083092070024,84.74815108844953,0.051362772451011784
57,118.70863408473593,0.3493,-75.64829660769793,36.00354748016289,0.007889074761670457,-0.015112250612601772,-0.3679600305497672,0.36835472265380137,50.99987045327773,4.4127,-75.64923820719764,36.00319349507116,13.000040413774084,2.839,-75.64962073694909,36.00304968660033,69.00014566144286,3.3423,-75.64905700523732,36.003261616500765,0.10074833741734515,44.68474091315153,92.35295849506798,312.03525581629395,341.6739109141421,1.0704000000000002,56.00010524766877,0.0191142497905316,0.05946575747433321,49.708488423293076,0.0602110443293524
58,111.75495955676973,0.3513,-75.64875236116242,36.00436920730123,0.008324590063284733,-0.020380090764772586,-0.30237448223593333,0.30317482482348507,39.99987131107134,9.3169,-75.64981470029174,36.00396982546366,0.0,2.9002,-75.65021736538662,36.00381844418284,77.98015993022203,2.9844,-75.64943236584533,36.00411356510979,0.13586727176515057,249.7241102346024,53.124661146521305,502.87827022673815,341.782337247395,6.3325000000000005,77.98015993022203,0.08120655312410784,0.1667312237539707,33.774799626547704,0.07796049211585337
59,114.73502936028078,0.3252,-75.64921812228278,36.00518717221364,0.0050974674470331055,-0.011169685251651146,-0.0235782597794838,0.02658346059532767,13.000040413760978,7.0555,-75.6505522700132,36.00468560588616,0.0,3.6022,-75.65068313703698,36.00463640455911,28.00012055418128,4.9642,-75.6504012678631,36.00474237448827,0.07446456834434098,58.7955002520921,282.601071294735,434.7914260010062,341.89558358156523,2.0913000000000004,28.00012055418128,0.07468896414046707,0.13941925512548642,86.7349088060995,0.05348480864112893
60,109.76817753867772,0.3816,-75.64971057327159,36.0059940626511,0.01210014164498754,-0.01476500613961805,-0.8418052755612422,0.8420216985309051,37.99999626443985,3.9996,-75.65076537746484,36.00558139790346,0.0,2.6422,-75.65114514726316,36.005432815991085,39.000095854387204,3.9951,-75.65075538181317,36.005585307155684,0.09843337426412034,28.592247561004513,184.32705396861232,302.2129779597193,342.6636187879945,0.0045000000000001705,39.000095854387204,0.00011538433179245522,0.004499551889864344,70.76808168429051,0.0510611551704975
61,120.69523011924973,0.3501,-75.65017192381706,36.00681387137861,0.005872359344139575,-0.015845300023552576,-0.11132864227526795,0.11260383975672267,56.000046671123876,7.8052,-75.65106669968834,36.00646381786419,48.000165350082575,7.0646,-75.65114665036624,36.00643253689952,68.999936622353,4.4874,-75.65093677574836,36.006514644363804,0.10563533349035052,42.09667879009652,110.03753275932633,492.51545875428644,342.7757431108388,3.3178,20.99977127227043,0.1579921970093577,0.25521754510593414,51.695293496896724,0.08003243081013482
62,114.73519102597108,0.3169,-75.65065313791699,36.007625913557355,0.01060755853145647,-0.015648666428988853,-0.030728006277115583,0.03607785233034933,53.00000523255552,7.9432,-75.65157790278008,36.00726412493078,14.999831799321008,4.1076,-75.65195768122177,36.007115540652734,68.99989022497374,4.4297,-75.65141799580078,36.00732668272579,0.10432444285992569,142.7086728313243,97.16575152093947,498.33418618299083,342.88139671402064,3.5134999999999996,54.00005842565273,0.06506474441758958,0.21959532844548094,45.73530080099734,0.08992616049242894
63,111.75505548538115,0.3592,-75.65113436174393,36.00843795267792,0.01295916394224482,-0.01969043331437833,-0.4019667385961583,0.4026573133966676,38.000042662694256,8.8504,-75.65220904806131,36.00801751133832,0.0,3.8319,-75.65258882670783,36.00786892418139,77.98033220883657,3.6455,-75.65180947480745,36.00817383665359,0.13126955542918886,204.13319648234767,64.5094159315558,526.6347101184448,342.98801292702075,5.2049,77.98033220883657,0.06674631734141537,0.13018665094941062,33.77472327654458,0.09730057513993687
64,113.74175944839814,0.3305,-75.65161271312883,36.00925220115075,0.009116789809241464,-0.017394393808192136,-0.2353536590590295,0.23617160207115134,0.9999450435026923,3.2497,-75.6530742802381,36.008716861739735,0.0,3.2444,-75.65308439195628,36.00871315747482,1.9998459365767705,3.2451,-75.65306416855637,36.00872056510309,0.11596262538794758,0.005999616572466948,498.194866773015,505.4854152622769,342.01907601471015,0.0045999999999999375,1.9998459365767705,0.002300177186585669,0.004600455937045697,111.74191351182137,0.026083319216577222
65,111.75501631590137,0.3135,-75.65206859562221,36.01007384003382,0.006270495016988078,-0.014982894782779546,0.06866704658912681,0.07056181354743674,54.00000186418196,6.3211,-75.65299420502606,36.009734811022945,53.000011242705746,6.5878,-75.6530043179468,36.00973110769728,62.000012269094945,4.9502,-75.65291330361966,36.00976444306328,0.09988596521853031,5.379437300655127,130.42021655624933,444.75448056180835,342.1321400768847,1.3709000000000007,9.0000010263892,0.15232220485090386,0.1713622771238023,49.75500404680643,0.0931906265274962
66,108.77485675391917,0.376,-75.65254458498484,36.01088812005668,0.007673527342980546,-0.013384870154853228,-0.7277691392555283,0.7279326602259844,45.000044985848696,7.3422,-75.65354112164913,36.01052310619648,37.000034581214415,6.0588,-75.65362202358584,36.0104934737494,77.98026063351645,3.0883,-75.65320760397833,36.01064527132511,0.08923246769902152,106.35259620609634,45.38051942191504,422.1533232865861,342.24663778575797,4.2539,40.98022605230204,0.10380372217983506,0.12898338947946875,30.794596120402716,0.08807714150220619
67,113.7417565878702,0.304,-75.65298039619745,36.011717113003684,0.00769986306555424,-0.01622474829216642,0.29120547006996844,0.2917587293416321,32.000084336481805,10.0048,-75.65412850015899,36.01129658408264,0.0,3.9239,-75.65445210879281,36.01117804971895,70.99992070590339,3.6776,-75.6537341031737,36.011441045016674,0.1081649886144428,237.3680435643791,70.6331981473241,549.3368099338932,342.3662940222757,6.3271999999999995,70.99992070590339,0.0891155924836676,0.16223657812474662,42.74183588196681,0.0789296933645135
68,109.7682731835713,0.3236,-75.65344635327463,36.012535067848845,0.014620537755746068,-0.01382070485509645,-0.3669458124935545,0.3674969405498687,36.9999448542411,4.8206,-75.65453385612071,36.012136734730085,23.00008331136617,3.8782,-75.65467543498349,36.01208487720014,37.999845748339716,4.8187,-75.65452374407722,36.01214043820915,0.09213803236730966,6.560724998633475,196.14668114327998,332.75243370638805,342.4793092484823,0.0019000000000000128,14.999762436973548,0.00012666867278621845,0.0019001883198762539,71.76842743523159,0.06263339132039177
69,113.74175944839814,0.3031,-75.6538821795165,36.01336405243994,0.013288507362914837,-0.016689339708771265,0.10674124221536374,0.10885224516530635,39.00014969881368,7.6899,-75.65496955927941,36.01296576966965,0.0,3.9971,-75.65536396487121,36.01282130402589,68.9998084502449,3.4472,-75.65466617320348,36.01307689305982,0.11126226472514178,181.72097430627434,86.73747353606518,487.24798571006187,342.59828345642705,4.242699999999999,68.9998084502449,0.06148857649451838,0.14142494203530195,44.74195099815324,0.07027185739240059
70,109.76827318355845,0.338,-75.65435820439048,36.01417832426819,0.011783070787947325,-0.014733734768205903,-0.4752800377144837,0.4756543261101434,36.000133687116545,7.9177,-75.65545583709724,36.01377627974173,23.999984205196306,6.6174,-75.65557719496574,36.01373182833643,62.999954449649145,3.4068,-75.65518278752056,36.01387629467669,0.09822489845470603,119.69340310531015,94.0457322613683,482.84172715879384,342.7117957393105,4.5108999999999995,38.99997024445284,0.11566419081157138,0.16707147946180936,46.768318733909304,0.06561706905608669
71,111.75469900496857,0.3965,-75.65483192599524,36.01499162344413,0.00886522074051553,-0.0197237568717007,-0.604502970274396,0.604889626125692,41.99987169279922,6.4504,-75.65586370761058,36.01458177931795,24.000121453856977,4.9935,-75.65604309309245,36.01451052366736,62.00004741683559,3.5598,-75.65566438667604,36.01466095566726,0.13149171247800467,61.759658880860684,100.79055138324605,389.4137194156558,344.093437434691,2.8906,37.999925962978615,0.07606856926027077,0.14452873014140838,49.75465158813298,0.06357797510443186
72,100.82788054906268,0.3991,-75.65531919279022,36.01580129809259,0.01564914392519542,-0.01840032037976626,-0.6758872335990134,0.676318726665022,44.00010947711877,6.5227,-75.65633104722183,36.01539936655124,33.000020035898785,5.6767,-75.65644067577225,36.01535582139582,65.00007432986004,3.3982,-75.656121761569,36.015482502924975,0.12266880253177508,67.87498097233356,76.95009518014581,415.1682607828346,344.1946599932566,3.1245000000000003,32.000054293961256,0.09764045933477138,0.14878596330565466,35.82780621920264,0.08370872560967943
73,112.74813521766936,0.3947,-75.65581636858549,36.01660703116308,0.004352755478632602,-0.0160368223799771,-0.667162791918301,0.6673697004453573,49.99998114649626,6.1075,-75.65675853483437,36.016232782541394,39.99989882800036,4.8575,-75.65685819778986,36.01619319537202,69.9998919508059,3.4487,-75.65655921402413,36.016311960389174,0.10691214919984734,52.584236237797654,79.5733058757042,430.5704909990398,344.30862873431397,2.6588,29.99999312280554,0.08862668698343201,0.13294059288639795,42.748243266863454,0.07144153225045685
74,107.78154748055823,0.3719,-75.65630318418326,36.01741700048844,0.00831303756288879,-0.014280663269308784,-0.6138994168178868,0.6141217614661404,58.00018535737791,6.7435,-75.65716648766552,36.01707585468822,44.99993912552878,5.1548,-75.65729617902603,36.01702460204098,69.99983305011531,3.6559,-75.65704677567525,36.01712315820028,0.0952044217953919,48.96289442715562,71.33587256124855,456.8777120924842,344.3366330243997,3.0876,24.99989392458653,0.12350452403173809,0.25730755427667434,37.78171443044292,0.0869203541847188
75,94.86763691627613,0.3658,-75.65679834842369,36.0182235589809,0.0074782705283644125,-0.014005284211634179,-0.6502551263470764,0.6504489233264948,53.99993731647045,6.2194,-75.65769165419367,36.01787055429002,41.99979069591525,5.2028,-75.65781137042812,36.01782324574758,64.00017026543803,4.2851,-75.65759189081523,36.017909980697496,0.09336856141089453,29.943243346931524,60.494709775245155,375.04921294165734,344.4379072838941,1.9343000000000004,22.000379569522778,0.08792121035400656,0.19342549417308294,30.867466650838097,0.12697187120451897
76,96.85427279764515,0.3422,-75.65727370452242,36.01903794766721,0.010588568538488653,-0.016715262954175365,-0.29281344951927224,0.293481232821959,63.000080826924005,6.5417,-75.65808714194382,36.0187165086968,29.000188712010132,4.8486,-75.65842633556066,36.01858246903801,71.99994895865896,3.6025,-75.65799735721562,36.01875199084604,0.11143508636116911,85.67572351881068,39.61329442177231,402.0228133495366,344.5474573337066,2.9391999999999996,42.99976024664883,0.06835386948998314,0.3265825628751066,24.85432383898619,0.13117637080458142
77,103.80787536410962,0.3202,-75.65775897874934,36.0198484184062,0.007275455960337151,-0.014500115143103277,-0.018988821446043858,0.024975206475698924,62.9999924248662,6.3425,-75.65857242241141,36.01952697630984,33.99980371355211,4.718,-75.65886173819716,36.019412643688455,72.99981484773443,3.4589,-75.65847265981868,36.01956639896709,0.09666743428735518,78.46218883269478,45.166477220903346,410.6367970776787,344.6599285212715,2.8836000000000004,39.000011134182316,0.0739384404296391,0.28836512070510384,30.808060516375193,0.10187918185669977
78,99.83442679660587,0.3684,-75.65824426498514,36.02065888611437,0.006609236813006361,-0.014925796600159082,-0.5187660058330863,0.5190227646485397,56.00000648076265,7.4373,-75.65912755061818,36.02030984484428,42.00002441726051,6.0824,-75.65926721986713,36.02025464896438,70.00006677136508,3.5781,-75.65898787800097,36.02036503686932,0.09950531066772722,77.19836032860508,51.193984505055425,396.21125939378607,344.7661685248316,3.8591999999999995,28.000042354104572,0.13782836294296794,0.2756559557525973,29.834360025240784,0.10758400707387374
79,103.80792210857985,0.3279,-75.65871964671429,36.021473268289085,0.004805720757954284,-0.016250454970135723,0.10349523500538282,0.10487342803379347,24.00002803517578,4.7003,-75.65993209772284,36.02099414550403,0.0,3.6487,-75.66017153337012,36.02089952393852,27.00004131787709,4.5469,-75.6599021678303,36.02100597270475,0.1083363664675715,11.035019074398065,285.7804069631751,388.1374181838678,344.8782296261642,0.15340000000000042,27.00004131787709,0.005681472787170597,0.0511331069380713,76.80788079070275,0.054929259296927394
80,109.76830475299751,0.3876,-75.65921970040546,36.0222773942292,0.004727094472485691,-0.015919628131599164,-0.5901398995179932,0.5903735097250785,59.999829105132136,7.3889,-75.66005942561549,36.02193805268805,30.000121351236896,3.6272,-75.66035742102929,36.021817631435106,72.99998977993664,3.3896,-75.65993029338627,36.02199023982646,0.1061308542106611,93.21107740978425,64.05026309403559,401.12390034405405,345.3064583241664,3.9992999999999994,42.99986842869974,0.0930072613275885,0.30763465929701983,36.76831497306087,0.0816463849975035
81,115.72840212776254,0.3335,-75.65971384060613,36.02308433174424,0.0109178127037116,-0.015796417298582253,-0.21538891052254883,0.21624316916331673,59.000006753354306,6.8478,-75.66056350262008,36.02274097496681,18.999878342818242,3.2042,-75.66096083369297,36.02258040285917,76.98666522930073,3.2148,-75.6603848353959,36.02281317685608,0.10530944865721503,112.40280738015798,67.06477805541977,401.4874411317634,345.4166156024791,3.6330000000000005,57.986786886482484,0.06265220397729784,0.201983042312079,38.74173689846181,0.07437198821394088
82,111.75479858019456,0.364,-75.66020798419231,36.02389126321432,0.006208212959152215,-0.015639474134298635,-0.4178877005862063,0.4182263326962691,56.99989898282745,7.9407,-75.66107752062645,36.02353987300747,17.999906346986094,3.5638,-75.66146492372512,36.023383320311446,73.99992131729827,3.6363,-75.66090865390454,36.023608116939855,0.10426316089532424,98.9291478242285,74.86857896553096,412.75763505089446,345.520977757041,4.304399999999999,56.00001497031218,0.07686426516639204,0.25319966734820104,37.75487726289629,0.08667224573964812
83,115.72844965374479,0.3239,-75.66071201170762,36.0246942086738,0.005018946046176281,-0.013339461589480024,-0.08946069979853633,0.09058889481252919,62.000160370287134,5.9731,-75.66152201681017,36.024366875799195,22.99997763333935,3.4147,-75.66190942316808,36.02421031814314,73.00003730584059,3.4471,-75.66141274888184,36.024411030642064,0.08892974392986683,65.18013823941612,82.78933964717612,378.8433012160123,345.6297869114685,2.526,50.000059672501244,0.05051993970697669,0.2296389327625604,42.7284123479042,0.07309422064574302
84,113.74166048912558,0.3178,-75.66123150635121,36.02548756187208,0.005058837097028415,-0.015395999890985864,0.2185462398731488,0.21914626989321404,63.00008919172946,5.7781,-75.66203053527072,36.02512429473179,37.0001833233189,3.9215,-75.66228225764263,36.025009851834504,72.99995623435542,3.6352,-75.66193371901443,36.02516830964087,0.1026399992732391,39.786042738182005,68.083665396502,353.892597413712,347.26161186958416,2.1429,35.99977291103652,0.059525375487661666,0.21429284918145017,40.741704254770156,0.08142516521290563
85,102.81432124612779,0.306,-75.66177337122636,36.02627402900001,0.010439938438823262,-0.016742046760681795,-0.035938274133854975,0.04099814620276611,67.99993613603054,5.3876,-75.66252399770622,36.02593276386703,32.999833296671675,3.7726,-75.66286285820576,36.025778702145985,78.97361224680652,3.1545,-75.66241775259122,36.025981065594365,0.11161364507121196,52.1997089743158,36.39483028729728,333.6583206030738,347.3496447385762,2.2331,45.97377895013485,0.048573340086359156,0.20349607346321527,23.840708999321265,0.11948050706382497
86,110.76133901115855,0.3722,-75.6623441006433,36.027047375588204,0.0033436079592925067,-0.012141075588054552,-0.6458330480698322,0.6459558122734019,71.99989012060591,6.2111,-75.66302714934487,36.026736832084595,47.999857753893124,4.1361,-75.66325951215128,36.026631188954184,80.96007463983305,3.5398,-75.66294039697429,36.026776270271064,0.08094050392036369,46.14455454905385,43.047413237917624,362.3194665867805,347.4476567858179,2.6713,32.96021688593993,0.08104618999456631,0.29813002112487885,29.8012643713255,0.1062907922473194
87,103.80792361756284,0.326,-75.66285713512761,36.027846949955524,0.004363192549002108,-0.015639088482185686,0.005408790316607792,0.01711354873959024,73.0000418056122,6.3327,-75.66355935853693,36.02752768949681,37.000183323303844,3.2528,-75.66390790527743,36.02736922723502,79.96669917824354,3.9841,-75.6634919088858,36.02755835619387,0.1042605898812379,45.34153601431004,38.838073834967474,315.6236648235767,347.53811500938343,2.3486,42.9665158549397,0.054661169361024414,0.3371200669673411,23.84122443931929,0.15343591136900708
88,106.78815659519121,0.3328,-75.66340140811964,36.02863291042493,0.010491919667133885,-0.014997365963930592,-0.35272412789831264,0.3531986859627069,70.99990493530447,5.084,-75.66411778208223,36.02831567984955,43.0002011396943,3.142,-75.66439054606548,36.028194889653875,80.96045756816476,2.7516,-75.66402075103066,36.02835865172343,0.09998243975953729,44.84126036085553,31.198819551808015,280.90795222569454,347.31528558216854,2.3324,37.96025642847046,0.0614432098053659,0.23416371420048657,25.827699027026455,0.09365139331494203
89,109.76825514511803,0.3617,-75.66394217256406,36.02941993901225,0.0069624272268749,-0.012769919720520323,-0.5708231310926948,0.571008400317391,69.99997402344884,4.6807,-75.6646586127263,36.0291026718734,62.99994923489993,3.3533,-75.66472680537994,36.029072473895006,78.97352503466865,2.504,-75.66457119483263,36.02914138426593,0.08513279813680216,20.605019685264153,36.060564697669065,282.440608781613,347.4139332569041,2.1767,15.973575799768724,0.13626879962791522,0.24256840990578069,30.79473011044938,0.06956709775719279
90,98.84108870320219,0.3458,-75.66446359349108,36.03021552908119,0.009664160693390428,-0.014970754658760656,-0.39170435724902575,0.39210945281239123,75.00007274749872,5.4503,-75.66514100879952,36.02991555000298,66.99985861904136,3.3329,-75.66521894367341,36.02988103398791,81.953705243498,2.4926,-75.6650732679167,36.02994554863397,0.09980503105840438,24.132275609051533,16.647439108104834,267.0869879673041,347.50495420224934,2.9577000000000004,14.953846624456645,0.19778857402233588,0.42534603341515215,16.887383459704182,0.1271244894226856
91,100.82777177574273,0.3757,-75.66499469950158,36.0310068367589,0.01159152664500633,-0.01646810127255719,-0.6077666034276916,0.6081001612329321,66.0000093655797,5.5511,-75.66575979537771,36.03066802514446,48.99981351526728,3.7333,-75.66592540848174,36.03059468350128,76.98692810428544,2.586,-75.66565276190158,36.03071542355711,0.10978734181704795,50.68203238014584,29.041425405468374,279.29096833810917,347.60334734234385,2.9651,27.987114589018162,0.10594518382982834,0.2698754828825911,23.840843671457293,0.09271064524642693
92,95.86093936457458,0.2954,-75.66551613867128,36.03180242626968,0.013745223177718011,-0.016405937311086458,0.12038446343905207,0.12227225759250968,57.000027642949235,5.8464,-75.66637859553661,36.0314205014881,40.00009021953377,3.7465,-75.66654420629649,36.03134715893793,71.99996182708156,2.7672,-75.66623246581557,36.03148521164414,0.10937291540724305,50.5469974370738,30.290308603696474,290.6047890860134,347.6980728779851,3.0792,31.999871607547796,0.09622538608166512,0.2052809007160398,23.860977537493014,0.10359173240559963
93,96.85467883233602,0.3538,-75.66605937077551,36.03258821123856,0.011521563544545286,-0.01663527569226971,-0.37173041841899135,0.3722807848947179,55.999869922217144,6.4014,-75.6669206534185,36.03220440102284,30.999910541382327,3.8612,-75.66716385198087,36.03209602511021,66.00013210481087,4.06,-75.66682337046872,36.032247751520586,0.11090183794846473,32.88034453532265,52.12192730273114,311.553758589615,347.8698945288109,2.3414,35.000221563428546,0.06689671937524276,0.23413386141769338,30.854546727525147,0.12011843935771456
94,92.880599553841,0.3331,-75.66659308675383,36.03337836599542,0.007366915975111741,-0.014887537868336164,-0.1686434481471224,0.1694595020579155,67.00013807997588,5.3427,-75.66734736133999,36.03304223483648,57.99996788145772,3.7162,-75.66743491352672,36.03300321569876,75.99333019496815,2.7186,-75.66725987484139,36.03308122053613,0.09925025245557444,26.60923505178721,18.39591216931541,264.36487755033335,347.96415574669857,2.6241,17.99336231351043,0.14583711227943638,0.291787383884021,16.887269358872842,0.1412602564278173
95,99.83438189485256,0.394,-75.66712681873761,36.03416851831973,0.008160786047771724,-0.014921791954147291,-0.6832924798289781,0.6835041121272606,55.99992093901126,5.9392,-75.66798810797015,36.03378469256937,41.99983466453595,3.6284,-75.6681242999355,36.03372399718441,67.00021820778693,3.186,-75.66788109849035,36.033832383974485,0.09947861302764861,31.370630440294292,45.86310869077968,278.9101861640349,348.06531982467806,2.7531999999999996,25.000383543250976,0.11012631047187453,0.2502841453035051,32.834163687065626,0.0850333825039635
96,95.86076176090637,0.3312,-75.66766055563733,36.034958667908704,0.012168982931830462,-0.01357478668958364,-0.31353213360586096,0.31406171015057904,65.99970206670012,3.9034,-75.66842457140272,36.03461818950111,38.00009070424184,3.2133,-75.66869695687747,36.0344968075546,72.99974520415297,2.816,-75.6683564748035,36.03464853736904,0.0904985779305576,22.15628858516928,28.769372315768607,249.33128993709175,348.15968871363816,1.0874000000000001,34.99965449991113,0.031068878122861503,0.1553418998494457,22.8610165567534,0.10869157956433755
97,95.86114078131085,0.295,-75.66818463815028,36.03575311338653,0.012548166251910218,-0.01641978629661308,0.1163600473235391,0.11818090569735994,62.00033712559387,5.412,-75.66899723757362,36.03539099818399,48.00016484277379,3.9011,-75.66913343260156,36.03533030174433,75.00030230672557,2.9722,-75.66887076989845,36.03544735437023,0.10946524197742054,37.993916752890215,28.974839194406854,295.8468315898101,348.2564978054085,2.4398,27.00013746395178,0.09036250290419474,0.18767742574735155,20.86083847458528,0.12833616459192798
98,105.79476109923472,0.3053,-75.66872578899856,36.0365402807003,0.007602031534062696,-0.012330644585617435,-0.01124832744044113,0.018340134938137208,52.00007177548909,6.1283,-75.66962887549508,36.03614337738675,21.00007208372755,3.1269,-75.66993141216942,36.03601041526469,68.99962557755946,3.547,-75.66946297146276,36.03621628873438,0.08220429723744957,73.75021397767881,64.42305774381953,334.60348438457277,348.2013870824511,2.5813,47.99955349383191,0.05377758358380782,0.15184516194099312,36.79513552167526,0.08810131975435669
99,112.74816760445893,0.3183,-75.6692344987977,36.03734145155489,0.0035263116587779943,-0.01566930971283578,0.11040279485527549,0.11156495530697642,48.0001091550921,6.5528,-75.67019601056549,36.03691886464907,6.000160721149948,3.2845,-75.67060589862902,36.03673871720423,64.9996629561392,3.6304,-75.67003010545035,36.03699177674356,0.10446206475223853,62.35159117090484,80.19058801203244,337.6047828785566,348.3041451144029,2.9224000000000006,58.99950223498926,0.049532621281453644,0.1719103944845889,47.748504648319724,0.06936552305448068
100,99.83447163670988,0.3342,-75.66980137392493,36.038117055698144,0.011675750332553605,-0.012122350705913753,-0.7273045284706825,0.7274992451311734,51.00010320954939,6.6327,-75.67069484252967,36.03772438298507,29.00001204784222,3.3106,-75.67090954782707,36.037630017482485,68.00000222367042,3.1098,-75.67052893177195,36.03779729561185,0.08081567137275836,67.58108153473813,47.46492350658903,308.4377836011661,348.395476860986,3.5229,38.9999901758282,0.09033079198526203,0.20723064278638884,31.834469413039457,0.08718851142099164
101,104.8012503797333,0.3685,-75.6703197953404,36.0389139687197,0.009834194722289594,-0.012503824938428528,-0.986898911298951,0.9870271111509459,43.999750808094305,6.1045,-75.67129128050902,36.03848699450612,35.99981084395309,3.2838,-75.67136935573183,36.03845268125587,72.0000889892145,2.7568,-75.67101801577928,36.03860709947785,0.08335883292285685,75.81251527470164,43.66836969837311,310.52339516054127,348.49714419199927,3.3476999999999997,36.00027814526141,0.09299094819467792,0.11955927026114474,32.8011613905188,0.07281144626453197
