LineID,Shape_Length,OBJECTID,Join_Count,TARGET_FID,Coords,domain_id,reach,z_mean,z_max,z_min,relief_m,slope_avg,road_z,shch_myr,eros_hot,bnour,bnour_yr,bnour_src,armor,editor,edit_date,notes,hotspot,Shape_Length_1
1.000000000000000,10000.000000000000000,1,0,1,,,,,,,,,,,,,,,,,,,,10000.000000000000000
2.000000000000000,10000.000000000000000,2,0,2,,,,,,,,,,,,,,,,,,,,10000.000000000000000
3.000000000000000,10000.000000000000000,3,0,3,,,,,,,,,,,,,,,,,,,,10000.000000000000000
4.000000000000000,10000.000000000000000,4,0,4,,,,,,,,,,,,,,,,,,,,10000.000000000000000
5.000000000000000,10000.000000000000000,5,0,5,,,,,,,,,,,,,,,,,,,,10000.000000000000000
6.000000000000000,10000.000000000000000,6,0,6,,,,,,,,,,,,,,,,,,,,10000.000000000000000
7.000000000000000,10000.000000000000000,7,0,7,,,,,,,,,,,,,,,,,,,,10000.000000000000000
8.000000000000000,10000.000000000000000,8,0,8,,,,,,,,,,,,,,,,,,,,10000.000000000000000
9.000000000000000,10000.000000000000000,9,0,9,,,,,,,,,,,,,,,,,,,,10000.000000000000000
10.000000000000000,10000.000000000000000,10,0,10,,,,,,,,,,,,,,,,,,,,10000.000000000000000
11.000000000000000,10000.000000000000000,11,0,11,,,,,,,,,,,,,,,,,,,,10000.000000000000000
12.000000000000000,10000.000000000000000,12,1,12,3899029,1,,0.0000000,0.0000000,0.0000000,0.0000000,0.0000000,0.0000000,0.0000000,,,0,,,,,,0,10000.000000000000000
13.000000000000000,10000.000000000000000,13,1,13,3899029,1,,0.0000000,0.0000000,0.0000000,0.0000000,0.0000000,0.0000000,0.0000000,,,0,,,,,,0,10000.000000000000000
14.000000000000000,10000.000000000000000,14,1,14,3899029,1,,0.0000000,0.0000000,0.0000000,0.0000000,0.0000000,0.0000000,0.0000000,,,0,,,,,,0,10000.000000000000000
15.000000000000000,10000.000000000000000,15,1,15,3899029,1,,0.0000000,0.0000000,0.0000000,0.0000000,0.0000000,0.0000000,0.0000000,,,0,,,,,,0,10000.000000000000000
16.000000000000000,10000.000000000000000,16,1,16,3899029,1,,0.0000000,0.0000000,0.0000000,0.0000000,0.0000000,0.0000000,0.0000000,,,0,,,,,,0,10000.000000000000000
17.000000000000000,10000.000000000000000,17,1,17,3899535,2,,0.0000000,0.0000000,0.0000000,0.0000000,0.0000000,0.0000000,0.0000000,,,0,,,,,,0,10000.000000000000000
18.000000000000000,10000.000000000000000,18,1,18,3899535,2,,0.0000000,0.0000000,0.0000000,0.0000000,0.0000000,0.0000000,0.0000000,,,0,,,,,,0,10000.000000000000000
19.000000000000000,10000.000000000000000,19,1,19,3899535,2,,0.0000000,0.0000000,0.0000000,0.0000000,0.0000000,0.0000000,0.0000000,,,0,,,,,,0,10000.000000000000000
20.000000000000000,10000.000000000000000,20,1,20,3899535,2,,0.0000000,0.0000000,0.0000000,0.0000000,0.0000000,0.0000000,0.0000000,,,0,,,,,,0,10000.000000000000000
21.000000000000000,10000.000000000000000,21,1,21,3899535,2,,0.0000000,0.0000000,0.0000000,0.0000000,0.0000000,0.0000000,0.0000000,,,0,,,,,,0,10000.000000000000000
22.000000000000000,10000.000000000000000,22,1,22,3900040,3,,0.0000000,0.0000000,0.0000000,0.0000000,0.0000000,0.0000000,0.0000000,,,0,,,,,,0,10000.000000000000000
23.000000000000000,10000.000000000000000,23,1,23,3900040,3,,0.0000000,0.0000000,0.0000000,0.0000000,0.0000000,0.0000000,0.0000000,,,0,,,,,,0,10000.000000000000000
24.000000000000000,10000.000000000000000,24,1,24,3900040,3,,0.0000000,0.0000000,0.0000000,0.0000000,0.0000000,0.0000000,0.0000000,,,0,,,,,,0,10000.000000000000000
25.000000000000000,10000.000000000000000,25,1,25,3900040,3,,0.0000000,0.0000000,0.0000000,0.0000000,0.0000000,0.0000000,0.0000000,,,0,,,,,,0,10000.000000000000000
26.000000000000000,10000.000000000000000,26,1,26,3900040,3,,0.0000000,0.0000000,0.0000000,0.0000000,0.0000000,0.0000000,0.0000000,,,0,,,,,,0,10000.000000000000000
27.000000000000000,10000.000000000000000,27,1,27,3900543,4,,0.0000000,0.0000000,0.0000000,0.0000000,0.0000000,0.0000000,0.0000000,,,0,,,,,,0,10000.000000000000000
28.000000000000000,10000.000000000000000,28,1,28,3900543,4,,0.0000000,0.0000000,0.0000000,0.0000000,0.0000000,0.0000000,0.0000000,,,0,,,,,,0,10000.000000000000000
29.000000000000000,10000.000000000000000,29,1,29,3900543,4,,0.0000000,0.0000000,0.0000000,0.0000000,0.0000000,0.0000000,0.0000000,,,0,,,,,,0,10000.000000000000000
30.000000000000000,10000.000000000000000,30,1,30,3900543,4,,0.0000000,0.0000000,0.0000000,0.0000000,0.0000000,0.0000000,0.0000000,,,0,,,,,,0,10000.000000000000000
31.000000000000000,10000.000000000000000,31,1,31,3900543,4,,0.0000000,0.0000000,0.0000000,0.0000000,0.0000000,0.0000000,0.0000000,,,0,,,,,,0,10000.000000000000000
32.000000000000000,10000.000000000000000,32,1,32,3901046,5,,0.0000000,0.0000000,0.0000000,0.0000000,0.0000000,0.0000000,0.0000000,,,0,,,,,,0,10000.000000000000000
33.000000000000000,10000.000000000000000,33,1,33,3901046,5,,0.0000000,0.0000000,0.0000000,0.0000000,0.0000000,0.0000000,0.0000000,,,0,,,,,,0,10000.000000000000000
34.000000000000000,10000.000000000000000,34,1,34,3901046,5,,0.0000000,0.0000000,0.0000000,0.0000000,0.0000000,0.0000000,0.0000000,,,0,,,,,,0,10000.000000000000000
35.000000000000000,10000.000000000000000,35,1,35,3901046,5,,0.0000000,0.0000000,0.0000000,0.0000000,0.0000000,0.0000000,0.0000000,,,0,,,,,,0,10000.000000000000000
36.000000000000000,10000.000000000000000,36,1,36,3901046,5,,0.0000000,0.0000000,0.0000000,0.0000000,0.0000000,0.0000000,0.0000000,,,0,,,,,,0,10000.000000000000000
37.000000000000000,10000.000000000000000,37,1,37,3901548,6, ,0.0000000,0.0000000,0.0000000,0.0000000,0.0000000,0.0000000,0.0000000, , ,0, ,"3 jetties, from 1930s and 1970s", ,, ,0,10000.000000000000000
38.000000000000000,10000.000000000000000,38,1,38,3901548,6, ,0.0000000,0.0000000,0.0000000,0.0000000,0.0000000,0.0000000,0.0000000, , ,0, ,"3 jetties, from 1930s and 1970s", ,, ,0,10000.000000000000000
39.000000000000000,10000.000000000000000,39,1,39,3901548,6, ,0.0000000,0.0000000,0.0000000,0.0000000,0.0000000,0.0000000,0.0000000, , ,0, ,"3 jetties, from 1930s and 1970s", ,, ,0,10000.000000000000000
40.000000000000000,10000.000000000000000,40,1,40,3901548,6, ,0.0000000,0.0000000,0.0000000,0.0000000,0.0000000,0.0000000,0.0000000, , ,0, ,"3 jetties, from 1930s and 1970s", ,, ,0,10000.000000000000000
41.000000000000000,10000.000000000000000,41,1,41,3901548,6, ,0.0000000,0.0000000,0.0000000,0.0000000,0.0000000,0.0000000,0.0000000, , ,0, ,"3 jetties, from 1930s and 1970s", ,, ,0,10000.000000000000000
42.000000000000000,10000.000000000000000,42,1,42,3902050,7,,0.0000000,0.0000000,0.0000000,0.0000000,0.0000000,0.0000000,0.0000000,,,0,,,,,,0,10000.000000000000000
43.000000000000000,10000.000000000000000,43,1,43,3902050,7,,0.0000000,0.0000000,0.0000000,0.0000000,0.0000000,0.0000000,0.0000000,,,0,,,,,,0,10000.000000000000000
44.000000000000000,10000.000000000000000,44,1,44,3902050,7,,0.0000000,0.0000000,0.0000000,0.0000000,0.0000000,0.0000000,0.0000000,,,0,,,,,,0,10000.000000000000000
45.000000000000000,10000.000000000000000,45,1,45,3902050,7,,0.0000000,0.0000000,0.0000000,0.0000000,0.0000000,0.0000000,0.0000000,,,0,,,,,,0,10000.000000000000000
46.000000000000000,10000.000000000000000,46,1,46,3902050,7,,0.0000000,0.0000000,0.0000000,0.0000000,0.0000000,0.0000000,0.0000000,,,0,,,,,,0,10000.000000000000000
47.000000000000000,10000.000000000000000,47,1,47,3902555,8,,0.0000000,0.0000000,0.0000000,0.0000000,0.0000000,0.0000000,0.0000000,,,0,,,,,,0,10000.000000000000000
48.000000000000000,10000.000000000000000,48,1,48,3902555,8,,0.0000000,0.0000000,0.0000000,0.0000000,0.0000000,0.0000000,0.0000000,,,0,,,,,,0,10000.000000000000000
49.000000000000000,10000.000000000000000,49,1,49,3902555,8,,0.0000000,0.0000000,0.0000000,0.0000000,0.0000000,0.0000000,0.0000000,,,0,,,,,,0,10000.000000000000000
50.000000000000000,10000.000000000000000,50,1,50,3902555,8,,0.0000000,0.0000000,0.0000000,0.0000000,0.0000000,0.0000000,0.0000000,,,0,,,,,,0,10000.000000000000000
51.000000000000000,10000.000000000000000,51,1,51,3902555,8,,0.0000000,0.0000000,0.0000000,0.0000000,0.0000000,0.0000000,0.0000000,,,0,,,,,,0,10000.000000000000000
52.000000000000000,10000.000000000000000,52,1,52,3903062,9,,0.0000000,0.0000000,0.0000000,0.0000000,0.0000000,0.0000000,0.0000000,,,0,,,,,,0,10000.000000000000000
53.000000000000000,10000.000000000000000,53,1,53,3903062,9,,0.0000000,0.0000000,0.0000000,0.0000000,0.0000000,0.0000000,0.0000000,,,0,,,,,,0,10000.000000000000000
54.000000000000000,10000.000000000000000,54,1,54,3903062,9,,0.0000000,0.0000000,0.0000000,0.0000000,0.0000000,0.0000000,0.0000000,,,0,,,,,,0,10000.000000000000000
55.000000000000000,10000.000000000000000,55,1,55,3903062,9,,0.0000000,0.0000000,0.0000000,0.0000000,0.0000000,0.0000000,0.0000000,,,0,,,,,,0,10000.000000000000000
56.000000000000000,10000.000000000000000,56,1,56,3903062,9,,0.0000000,0.0000000,0.0000000,0.0000000,0.0000000,0.0000000,0.0000000,,,0,,,,,,0,10000.000000000000000
57.000000000000000,10000.000000000000000,57,1,57,3903566,10, ,0.0000000,0.0000000,0.0000000,0.0000000,0.0000000,0.0000000,0.0000000,5 - Buxton, ,0, , , ,, ,1,10000.000000000000000
58.000000000000000,10000.000000000000000,58,1,58,3903566,10, ,0.0000000,0.0000000,0.0000000,0.0000000,0.0000000,0.0000000,0.0000000,5 - Buxton, ,0, , , ,, ,1,10000.000000000000000
59.000000000000000,10000.000000000000000,59,1,59,3903566,10, ,0.0000000,0.0000000,0.0000000,0.0000000,0.0000000,0.0000000,0.0000000,5 - Buxton, ,0, , , ,, ,1,10000.000000000000000
60.000000000000000,10000.000000000000000,60,1,60,3903566,10, ,0.0000000,0.0000000,0.0000000,0.0000000,0.0000000,0.0000000,0.0000000,5 - Buxton, ,0, , , ,, ,1,10000.000000000000000
61.000000000000000,10000.000000000000000,61,1,61,3903566,10, ,0.0000000,0.0000000,0.0000000,0.0000000,0.0000000,0.0000000,0.0000000,5 - Buxton, ,0, , , ,, ,1,10000.000000000000000
62.000000000000000,10000.000000000000000,62,1,62,3904070,11, ,0.0000000,0.0000000,0.0000000,0.0000000,0.0000000,0.0000000,0.0000000,5 - Buxton, ,0, , , ,, ,1,10000.000000000000000
63.000000000000000,10000.000000000000000,63,1,63,3904070,11, ,0.0000000,0.0000000,0.0000000,0.0000000,0.0000000,0.0000000,0.0000000,5 - Buxton, ,0, , , ,, ,1,10000.000000000000000
64.000000000000000,10000.000000000000000,64,1,64,3904070,11, ,0.0000000,0.0000000,0.0000000,0.0000000,0.0000000,0.0000000,0.0000000,5 - Buxton, ,0, , , ,, ,1,10000.000000000000000
65.000000000000000,10000.000000000000000,65,1,65,3904070,11, ,0.0000000,0.0000000,0.0000000,0.0000000,0.0000000,0.0000000,0.0000000,5 - Buxton, ,0, , , ,, ,1,10000.000000000000000
66.000000000000000,10000.000000000000000,66,1,66,3904070,11, ,0.0000000,0.0000000,0.0000000,0.0000000,0.0000000,0.0000000,0.0000000,5 - Buxton, ,0, , , ,, ,1,10000.000000000000000
67.000000000000000,10000.000000000000000,67,1,67,3904574,12, ,0.0000000,0.0000000,0.0000000,0.0000000,0.0000000,0.0000000,0.0000000,5 - Buxton, ,0, , , ,, ,1,10000.000000000000000
68.000000000000000,10000.000000000000000,68,1,68,3904574,12, ,0.0000000,0.0000000,0.0000000,0.0000000,0.0000000,0.0000000,0.0000000,5 - Buxton, ,0, , , ,, ,1,10000.000000000000000
69.000000000000000,10000.000000000000000,69,1,69,3904574,12, ,0.0000000,0.0000000,0.0000000,0.0000000,0.0000000,0.0000000,0.0000000,5 - Buxton, ,0, , , ,, ,1,10000.000000000000000
70.000000000000000,10000.000000000000000,70,1,70,3904574,12, ,0.0000000,0.0000000,0.0000000,0.0000000,0.0000000,0.0000000,0.0000000,5 - Buxton, ,0, , , ,, ,1,10000.000000000000000
71.000000000000000,10000.000000000000000,71,1,71,3904574,12, ,0.0000000,0.0000000,0.0000000,0.0000000,0.0000000,0.0000000,0.0000000,5 - Buxton, ,0, , , ,, ,1,10000.000000000000000
72.000000000000000,10000.000000000000000,72,1,72,3905075,13, ,0.0000000,0.0000000,0.0000000,0.0000000,0.0000000,0.0000000,0.0000000,5 - Buxton, ,0, , , ,, ,1,10000.000000000000000
73.000000000000000,10000.000000000000000,73,1,73,3905075,13, ,0.0000000,0.0000000,0.0000000,0.0000000,0.0000000,0.0000000,0.0000000,5 - Buxton, ,0, , , ,, ,1,10000.000000000000000
74.000000000000000,10000.000000000000000,74,1,74,3905075,13, ,0.0000000,0.0000000,0.0000000,0.0000000,0.0000000,0.0000000,0.0000000,5 - Buxton, ,0, , , ,, ,1,10000.000000000000000
75.000000000000000,10000.000000000000000,75,1,75,3905075,13, ,0.0000000,0.0000000,0.0000000,0.0000000,0.0000000,0.0000000,0.0000000,5 - Buxton, ,0, , , ,, ,1,10000.000000000000000
76.000000000000000,10000.000000000000000,76,1,76,3905075,13, ,0.0000000,0.0000000,0.0000000,0.0000000,0.0000000,0.0000000,0.0000000,5 - Buxton, ,0, , , ,, ,1,10000.000000000000000
77.000000000000000,10000.000000000000000,77,1,77,3905578,14, ,0.0000000,0.0000000,0.0000000,0.0000000,0.0000000,0.0000000,0.0000000,5 - Buxton, ,0, , , ,, ,1,10000.000000000000000
78.000000000000000,10000.000000000000000,78,1,78,3905578,14, ,0.0000000,0.0000000,0.0000000,0.0000000,0.0000000,0.0000000,0.0000000,5 - Buxton, ,0, , , ,, ,1,10000.000000000000000
79.000000000000000,10000.000000000000000,79,1,79,3905578,14, ,0.0000000,0.0000000,0.0000000,0.0000000,0.0000000,0.0000000,0.0000000,5 - Buxton, ,0, , , ,, ,1,10000.000000000000000
80.000000000000000,10000.000000000000000,80,1,80,3905578,14, ,0.0000000,0.0000000,0.0000000,0.0000000,0.0000000,0.0000000,0.0000000,5 - Buxton, ,0, , , ,, ,1,10000.000000000000000
81.000000000000000,10000.000000000000000,81,1,81,3905578,14, ,0.0000000,0.0000000,0.0000000,0.0000000,0.0000000,0.0000000,0.0000000,5 - Buxton, ,0, , , ,, ,1,10000.000000000000000
82.000000000000000,10000.000000000000000,82,1,82,3906084,15, ,0.0000000,0.0000000,0.0000000,0.0000000,0.0000000,0.0000000,0.0000000,5 - Buxton, ,0, , , ,, ,1,10000.000000000000000
83.000000000000000,10000.000000000000000,83,1,83,3906084,15, ,0.0000000,0.0000000,0.0000000,0.0000000,0.0000000,0.0000000,0.0000000,5 - Buxton, ,0, , , ,, ,1,10000.000000000000000
84.000000000000000,10000.000000000000000,84,1,84,3906084,15, ,0.0000000,0.0000000,0.0000000,0.0000000,0.0000000,0.0000000,0.0000000,5 - Buxton, ,0, , , ,, ,1,10000.000000000000000
85.000000000000000,10000.000000000000000,85,1,85,3906084,15, ,0.0000000,0.0000000,0.0000000,0.0000000,0.0000000,0.0000000,0.0000000,5 - Buxton, ,0, , , ,, ,1,10000.000000000000000
86.000000000000000,10000.000000000000000,86,1,86,3906084,15, ,0.0000000,0.0000000,0.0000000,0.0000000,0.0000000,0.0000000,0.0000000,5 - Buxton, ,0, , , ,, ,1,10000.000000000000000
87.000000000000000,10000.000000000000000,87,1,87,3906587,16, ,0.0000000,0.0000000,0.0000000,0.0000000,0.0000000,0.0000000,0.0000000,5 - Buxton, ,0, , , ,, ,1,10000.000000000000000
88.000000000000000,10000.000000000000000,88,1,88,3906587,16, ,0.0000000,0.0000000,0.0000000,0.0000000,0.0000000,0.0000000,0.0000000,5 - Buxton, ,0, , , ,, ,1,10000.000000000000000
89.000000000000000,10000.000000000000000,89,1,89,3906587,16, ,0.0000000,0.0000000,0.0000000,0.0000000,0.0000000,0.0000000,0.0000000,5 - Buxton, ,0, , , ,, ,1,10000.000000000000000
90.000000000000000,10000.000000000000000,90,1,90,3906587,16, ,0.0000000,0.0000000,0.0000000,0.0000000,0.0000000,0.0000000,0.0000000,5 - Buxton, ,0, , , ,, ,1,10000.000000000000000
91.000000000000000,10000.000000000000000,91,1,91,3906587,16, ,0.0000000,0.0000000,0.0000000,0.0000000,0.0000000,0.0000000,0.0000000,5 - Buxton, ,0, , , ,, ,1,10000.000000000000000
92.000000000000000,10000.000000000000000,92,1,92,3907090,17,,0.0000000,0.0000000,0.0000000,0.0000000,0.0000000,0.0000000,0.0000000,,,0,,,,,,0,10000.000000000000000
93.000000000000000,10000.000000000000000,93,1,93,3907090,17,,0.0000000,0.0000000,0.0000000,0.0000000,0.0000000,0.0000000,0.0000000,,,0,,,,,,0,10000.000000000000000
94.000000000000000,10000.000000000000000,94,1,94,3907090,17,,0.0000000,0.0000000,0.0000000,0.0000000,0.0000000,0.0000000,0.0000000,,,0,,,,,,0,10000.000000000000000
95.000000000000000,10000.000000000000000,95,1,95,3907090,17,,0.0000000,0.0000000,0.0000000,0.0000000,0.0000000,0.0000000,0.0000000,,,0,,,,,,0,10000.000000000000000
96.000000000000000,10000.000000000000000,96,1,96,3907090,17,,0.0000000,0.0000000,0.0000000,0.0000000,0.0000000,0.0000000,0.0000000,,,0,,,,,,0,10000.000000000000000
97.000000000000000,10000.000000000000000,97,1,97,3907595,18,,0.0000000,0.0000000,0.0000000,0.0000000,0.0000000,0.0000000,0.0000000,,,0,,,,,,0,10000.000000000000000
98.000000000000000,10000.000000000000000,98,1,98,3907595,18,,0.0000000,0.0000000,0.0000000,0.0000000,0.0000000,0.0000000,0.0000000,,,0,,,,,,0,10000.000000000000000
99.000000000000000,10000.000000000000000,99,1,99,3907595,18,,0.0000000,0.0000000,0.0000000,0.0000000,0.0000000,0.0000000,0.0000000,,,0,,,,,,0,10000.000000000000000
100.000000000000000,10000.000000000000000,100,1,100,3907595,18,,0.0000000,0.0000000,0.0000000,0.0000000,0.0000000,0.0000000,0.0000000,,,0,,,,,,0,10000.000000000000000
101.000000000000000,10000.000000000000000,101,1,101,3907595,18,,0.0000000,0.0000000,0.0000000,0.0000000,0.0000000,0.0000000,0.0000000,,,0,,,,,,0,10000.000000000000000
102.000000000000000,10000.000000000000000,102,1,102,3908099,19,,0.0000000,0.0000000,0.0000000,0.0000000,0.0000000,0.0000000,0.0000000,,,0,,,,,,0,10000.000000000000000
103.000000000000000,10000.000000000000000,103,1,103,3908099,19,,0.0000000,0.0000000,0.0000000,0.0000000,0.0000000,0.0000000,0.0000000,,,0,,,,,,0,10000.000000000000000
104.000000000000000,10000.000000000000000,104,1,104,3908099,19,,0.0000000,0.0000000,0.0000000,0.0000000,0.0000000,0.0000000,0.0000000,,,0,,,,,,0,10000.000000000000000
105.000000000000000,10000.000000000000000,105,1,105,3908099,19,,0.0000000,0.0000000,0.0000000,0.0000000,0.0000000,0.0000000,0.0000000,,,0,,,,,,0,10000.000000000000000
106.000000000000000,10000.000000000000000,106,1,106,3908099,19,,0.0000000,0.0000000,0.0000000,0.0000000,0.0000000,0.0000000,0.0000000,,,0,,,,,,0,10000.000000000000000
107.000000000000000,10000.000000000000000,107,1,107,3908600,20,,0.0000000,0.0000000,0.0000000,0.0000000,0.0000000,0.0000000,0.0000000,,,0,,,,,,0,10000.000000000000000
108.000000000000000,10000.000000000000000,108,1,108,3908600,20,,0.0000000,0.0000000,0.0000000,0.0000000,0.0000000,0.0000000,0.0000000,,,0,,,,,,0,10000.000000000000000
109.000000000000000,10000.000000000000000,109,1,109,3908600,20,,0.0000000,0.0000000,0.0000000,0.0000000,0.0000000,0.0000000,0.0000000,,,0,,,,,,0,10000.000000000000000
110.000000000000000,10000.000000000000000,110,1,110,3908600,20,,0.0000000,0.0000000,0.0000000,0.0000000,0.0000000,0.0000000,0.0000000,,,0,,,,,,0,10000.000000000000000
111.000000000000000,10000.000000000000000,111,1,111,3908600,20,,0.0000000,0.0000000,0.0000000,0.0000000,0.0000000,0.0000000,0.0000000,,,0,,,,,,0,10000.000000000000000
112.000000000000000,10000.000000000000000,112,1,112,3909103,21,,0.0000000,0.0000000,0.0000000,0.0000000,0.0000000,0.0000000,0.0000000,,,0,,,,,,0,10000.000000000000000
113.000000000000000,10000.000000000000000,113,1,113,3909103,21,,0.0000000,0.0000000,0.0000000,0.0000000,0.0000000,0.0000000,0.0000000,,,0,,,,,,0,10000.000000000000000
114.000000000000000,10000.000000000000000,114,1,114,3909103,21,,0.0000000,0.0000000,0.0000000,0.0000000,0.0000000,0.0000000,0.0000000,,,0,,,,,,0,10000.000000000000000
115.000000000000000,10000.000000000000000,115,1,115,3909103,21,,0.0000000,0.0000000,0.0000000,0.0000000,0.0000000,0.0000000,0.0000000,,,0,,,,,,0,10000.000000000000000
116.000000000000000,10000.000000000000000,116,1,116,3909103,21,,0.0000000,0.0000000,0.0000000,0.0000000,0.0000000,0.0000000,0.0000000,,,0,,,,,,0,10000.000000000000000
117.000000000000000,10000.000000000000000,117,1,117,3909605,22,,0.0000000,0.0000000,0.0000000,0.0000000,0.0000000,0.0000000,0.0000000,,,0,,,,,,0,10000.000000000000000
118.000000000000000,10000.000000000000000,118,1,118,3909605,22,,0.0000000,0.0000000,0.0000000,0.0000000,0.0000000,0.0000000,0.0000000,,,0,,,,,,0,10000.000000000000000
119.000000000000000,10000.000000000000000,119,1,119,3909605,22,,0.0000000,0.0000000,0.0000000,0.0000000,0.0000000,0.0000000,0.0000000,,,0,,,,,,0,10000.000000000000000
120.000000000000000,10000.000000000000000,120,1,120,3909605,22,,0.0000000,0.0000000,0.0000000,0.0000000,0.0000000,0.0000000,0.0000000,,,0,,,,,,0,10000.000000000000000
121.000000000000000,10000.000000000000000,121,1,121,3909605,22,,0.0000000,0.0000000,0.0000000,0.0000000,0.0000000,0.0000000,0.0000000,,,0,,,,,,0,10000.000000000000000
122.000000000000000,10000.000000000000000,122,1,122,3910110,23,,0.0000000,0.0000000,0.0000000,0.0000000,0.0000000,0.0000000,0.0000000,,,0,,,,,,0,10000.000000000000000
123.000000000000000,10000.000000000000000,123,1,123,3910110,23,,0.0000000,0.0000000,0.0000000,0.0000000,0.0000000,0.0000000,0.0000000,,,0,,,,,,0,10000.000000000000000
124.000000000000000,10000.000000000000000,124,1,124,3910110,23,,0.0000000,0.0000000,0.0000000,0.0000000,0.0000000,0.0000000,0.0000000,,,0,,,,,,0,10000.000000000000000
125.000000000000000,10000.000000000000000,125,1,125,3910110,23,,0.0000000,0.0000000,0.0000000,0.0000000,0.0000000,0.0000000,0.0000000,,,0,,,,,,0,10000.000000000000000
126.000000000000000,10000.000000000000000,126,1,126,3910110,23,,0.0000000,0.0000000,0.0000000,0.0000000,0.0000000,0.0000000,0.0000000,,,0,,,,,,0,10000.000000000000000
127.000000000000000,10000.000000000000000,127,0,127,,,,,,,,,,,,,,,,,,,,10000.000000000000000
128.000000000000000,10000.000000000000000,128,1,128,3910613,24,,0.0000000,0.0000000,0.0000000,0.0000000,0.0000000,0.0000000,0.0000000,,,0,,,,,,0,10000.000000000000000
129.000000000000000,10000.000000000000000,129,1,129,3910613,24,,0.0000000,0.0000000,0.0000000,0.0000000,0.0000000,0.0000000,0.0000000,,,0,,,,,,0,10000.000000000000000
130.000000000000000,10000.000000000000000,130,1,130,3910613,24,,0.0000000,0.0000000,0.0000000,0.0000000,0.0000000,0.0000000,0.0000000,,,0,,,,,,0,10000.000000000000000
131.000000000000000,10000.000000000000000,131,1,131,3910613,24,,0.0000000,0.0000000,0.0000000,0.0000000,0.0000000,0.0000000,0.0000000,,,0,,,,,,0,10000.000000000000000
132.000000000000000,10000.000000000000000,132,1,132,3910613,24,,0.0000000,0.0000000,0.0000000,0.0000000,0.0000000,0.0000000,0.0000000,,,0,,,,,,0,10000.000000000000000
133.000000000000000,10000.000000000000000,133,1,133,3911117,25,,0.0000000,0.0000000,0.0000000,0.0000000,0.0000000,0.0000000,0.0000000,,,0,,,,,,0,10000.000000000000000
134.000000000000000,10000.000000000000000,134,1,134,3911117,25,,0.0000000,0.0000000,0.0000000,0.0000000,0.0000000,0.0000000,0.0000000,,,0,,,,,,0,10000.000000000000000
135.000000000000000,10000.000000000000000,135,1,135,3911117,25,,0.0000000,0.0000000,0.0000000,0.0000000,0.0000000,0.0000000,0.0000000,,,0,,,,,,0,10000.000000000000000
136.000000000000000,10000.000000000000000,136,1,136,3911117,25,,0.0000000,0.0000000,0.0000000,0.0000000,0.0000000,0.0000000,0.0000000,,,0,,,,,,0,10000.000000000000000
137.000000000000000,10000.000000000000000,137,1,137,3911117,25,,0.0000000,0.0000000,0.0000000,0.0000000,0.0000000,0.0000000,0.0000000,,,0,,,,,,0,10000.000000000000000
138.000000000000000,10000.000000000000000,138,1,138,3911618,26,,0.0000000,0.0000000,0.0000000,0.0000000,0.0000000,0.0000000,0.0000000,,,0,,,,,,0,10000.000000000000000
139.000000000000000,10000.000000000000000,139,1,139,3911618,26,,0.0000000,0.0000000,0.0000000,0.0000000,0.0000000,0.0000000,0.0000000,,,0,,,,,,0,10000.000000000000000
140.000000000000000,10000.000000000000000,140,1,140,3911618,26,,0.0000000,0.0000000,0.0000000,0.0000000,0.0000000,0.0000000,0.0000000,,,0,,,,,,0,10000.000000000000000
141.000000000000000,10000.000000000000000,141,1,141,3911618,26,,0.0000000,0.0000000,0.0000000,0.0000000,0.0000000,0.0000000,0.0000000,,,0,,,,,,0,10000.000000000000000
142.000000000000000,10000.000000000000000,142,1,142,3911618,26,,0.0000000,0.0000000,0.0000000,0.0000000,0.0000000,0.0000000,0.0000000,,,0,,,,,,0,10000.000000000000000
143.000000000000000,10000.000000000000000,143,1,143,3912125,27,,0.0000000,0.0000000,0.0000000,0.0000000,0.0000000,0.0000000,0.0000000,,,0,,,,,,0,10000.000000000000000
144.000000000000000,10000.000000000000000,144,1,144,3912125,27,,0.0000000,0.0000000,0.0000000,0.0000000,0.0000000,0.0000000,0.0000000,,,0,,,,,,0,10000.000000000000000
145.000000000000000,10000.000000000000000,145,1,145,3912125,27,,0.0000000,0.0000000,0.0000000,0.0000000,0.0000000,0.0000000,0.0000000,,,0,,,,,,0,10000.000000000000000
146.000000000000000,10000.000000000000000,146,1,146,3912125,27,,0.0000000,0.0000000,0.0000000,0.0000000,0.0000000,0.0000000,0.0000000,,,0,,,,,,0,10000.000000000000000
147.000000000000000,10000.000000000000000,147,1,147,3912125,27,,0.0000000,0.0000000,0.0000000,0.0000000,0.0000000,0.0000000,0.0000000,,,0,,,,,,0,10000.000000000000000
148.000000000000000,10000.000000000000000,148,1,148,3912627,28,,0.0000000,0.0000000,0.0000000,0.0000000,0.0000000,0.0000000,0.0000000,,,0,,,,,,0,10000.000000000000000
149.000000000000000,10000.000000000000000,149,1,149,3912627,28,,0.0000000,0.0000000,0.0000000,0.0000000,0.0000000,0.0000000,0.0000000,,,0,,,,,,0,10000.000000000000000
150.000000000000000,10000.000000000000000,150,1,150,3912627,28,,0.0000000,0.0000000,0.0000000,0.0000000,0.0000000,0.0000000,0.0000000,,,0,,,,,,0,10000.000000000000000
151.000000000000000,10000.000000000000000,151,1,151,3912627,28,,0.0000000,0.0000000,0.0000000,0.0000000,0.0000000,0.0000000,0.0000000,,,0,,,,,,0,10000.000000000000000
152.000000000000000,10000.000000000000000,152,1,152,3912627,28,,0.0000000,0.0000000,0.0000000,0.0000000,0.0000000,0.0000000,0.0000000,,,0,,,,,,0,10000.000000000000000
153.000000000000000,10000.000000000000000,153,1,153,3913130,29,,0.0000000,0.0000000,0.0000000,0.0000000,0.0000000,0.0000000,0.0000000,,,0,,,,,,0,10000.000000000000000
154.000000000000000,10000.000000000000000,154,1,154,3913130,29,,0.0000000,0.0000000,0.0000000,0.0000000,0.0000000,0.0000000,0.0000000,,,0,,,,,,0,10000.000000000000000
155.000000000000000,10000.000000000000000,155,1,155,3913130,29,,0.0000000,0.0000000,0.0000000,0.0000000,0.0000000,0.0000000,0.0000000,,,0,,,,,,0,10000.000000000000000
156.000000000000000,10000.000000000000000,156,1,156,3913130,29,,0.0000000,0.0000000,0.0000000,0.0000000,0.0000000,0.0000000,0.0000000,,,0,,,,,,0,10000.000000000000000
157.000000000000000,10000.000000000000000,157,1,157,3913130,29,,0.0000000,0.0000000,0.0000000,0.0000000,0.0000000,0.0000000,0.0000000,,,0,,,,,,0,10000.000000000000000
158.000000000000000,10000.000000000000000,158,1,158,3913631,30,,0.0000000,0.0000000,0.0000000,0.0000000,0.0000000,0.0000000,0.0000000,,,0,,,,,,0,10000.000000000000000
159.000000000000000,10000.000000000000000,159,1,159,3913631,30,,0.0000000,0.0000000,0.0000000,0.0000000,0.0000000,0.0000000,0.0000000,,,0,,,,,,0,10000.000000000000000
160.000000000000000,10000.000000000000000,160,1,160,3913631,30,,0.0000000,0.0000000,0.0000000,0.0000000,0.0000000,0.0000000,0.0000000,,,0,,,,,,0,10000.000000000000000
161.000000000000000,10000.000000000000000,161,1,161,3913631,30,,0.0000000,0.0000000,0.0000000,0.0000000,0.0000000,0.0000000,0.0000000,,,0,,,,,,0,10000.000000000000000
162.000000000000000,10000.000000000000000,162,1,162,3913631,30,,0.0000000,0.0000000,0.0000000,0.0000000,0.0000000,0.0000000,0.0000000,,,0,,,,,,0,10000.000000000000000
163.000000000000000,10000.000000000000000,163,1,163,3914133,31,,0.0000000,0.0000000,0.0000000,0.0000000,0.0000000,0.0000000,0.0000000,,,0,,,,,,0,10000.000000000000000
164.000000000000000,10000.000000000000000,164,1,164,3914133,31,,0.0000000,0.0000000,0.0000000,0.0000000,0.0000000,0.0000000,0.0000000,,,0,,,,,,0,10000.000000000000000
165.000000000000000,10000.000000000000000,165,1,165,3914133,31,,0.0000000,0.0000000,0.0000000,0.0000000,0.0000000,0.0000000,0.0000000,,,0,,,,,,0,10000.000000000000000
166.000000000000000,10000.000000000000000,166,1,166,3914133,31,,0.0000000,0.0000000,0.0000000,0.0000000,0.0000000,0.0000000,0.0000000,,,0,,,,,,0,10000.000000000000000
167.000000000000000,10000.000000000000000,167,1,167,3914133,31,,0.0000000,0.0000000,0.0000000,0.0000000,0.0000000,0.0000000,0.0000000,,,0,,,,,,0,10000.000000000000000
168.000000000000000,10000.000000000000000,168,1,168,3914635,32, ,0.0000000,0.0000000,0.0000000,0.0000000,0.0000000,0.0000000,0.0000000,4 - Avon, ,0, , , ,, ,1,10000.000000000000000
169.000000000000000,10000.000000000000000,169,1,169,3914635,32, ,0.0000000,0.0000000,0.0000000,0.0000000,0.0000000,0.0000000,0.0000000,4 - Avon, ,0, , , ,, ,1,10000.000000000000000
170.000000000000000,10000.000000000000000,170,1,170,3914635,32, ,0.0000000,0.0000000,0.0000000,0.0000000,0.0000000,0.0000000,0.0000000,4 - Avon, ,0, , , ,, ,1,10000.000000000000000
171.000000000000000,10000.000000000000000,171,1,171,3914635,32, ,0.0000000,0.0000000,0.0000000,0.0000000,0.0000000,0.0000000,0.0000000,4 - Avon, ,0, , , ,, ,1,10000.000000000000000
172.000000000000000,10000.000000000000000,172,1,172,3914635,32, ,0.0000000,0.0000000,0.0000000,0.0000000,0.0000000,0.0000000,0.0000000,4 - Avon, ,0, , , ,, ,1,10000.000000000000000
173.000000000000000,10000.000000000000000,173,1,173,3915137,33, ,0.0000000,0.0000000,0.0000000,0.0000000,0.0000000,0.0000000,0.0000000,4 - Avon, ,0, , , ,, ,1,10000.000000000000000
174.000000000000000,10000.000000000000000,174,1,174,3915137,33, ,0.0000000,0.0000000,0.0000000,0.0000000,0.0000000,0.0000000,0.0000000,4 - Avon, ,0, , , ,, ,1,10000.000000000000000
175.000000000000000,10000.000000000000000,175,1,175,3915137,33, ,0.0000000,0.0000000,0.0000000,0.0000000,0.0000000,0.0000000,0.0000000,4 - Avon, ,0, , , ,, ,1,10000.000000000000000
176.000000000000000,10000.000000000000000,176,1,176,3915137,33, ,0.0000000,0.0000000,0.0000000,0.0000000,0.0000000,0.0000000,0.0000000,4 - Avon, ,0, , , ,, ,1,10000.000000000000000
177.000000000000000,10000.000000000000000,177,1,177,3915137,33, ,0.0000000,0.0000000,0.0000000,0.0000000,0.0000000,0.0000000,0.0000000,4 - Avon, ,0, , , ,, ,1,10000.000000000000000
178.000000000000000,10000.000000000000000,178,1,178,3915639,34, ,0.0000000,0.0000000,0.0000000,0.0000000,0.0000000,0.0000000,0.0000000,4 - Avon, ,0, , , ,, ,1,10000.000000000000000
179.000000000000000,10000.000000000000000,179,1,179,3915639,34, ,0.0000000,0.0000000,0.0000000,0.0000000,0.0000000,0.0000000,0.0000000,4 - Avon, ,0, , , ,, ,1,10000.000000000000000
180.000000000000000,10000.000000000000000,180,1,180,3915639,34, ,0.0000000,0.0000000,0.0000000,0.0000000,0.0000000,0.0000000,0.0000000,4 - Avon, ,0, , , ,, ,1,10000.000000000000000
181.000000000000000,10000.000000000000000,181,1,181,3915639,34, ,0.0000000,0.0000000,0.0000000,0.0000000,0.0000000,0.0000000,0.0000000,4 - Avon, ,0, , , ,, ,1,10000.000000000000000
182.000000000000000,10000.000000000000000,182,1,182,3915639,34, ,0.0000000,0.0000000,0.0000000,0.0000000,0.0000000,0.0000000,0.0000000,4 - Avon, ,0, , , ,, ,1,10000.000000000000000
183.000000000000000,10000.000000000000000,183,1,183,3916141,35, ,0.0000000,0.0000000,0.0000000,0.0000000,0.0000000,0.0000000,0.0000000,4 - Avon, ,0, , , ,, ,1,10000.000000000000000
184.000000000000000,10000.000000000000000,184,1,184,3916141,35, ,0.0000000,0.0000000,0.0000000,0.0000000,0.0000000,0.0000000,0.0000000,4 - Avon, ,0, , , ,, ,1,10000.000000000000000
185.000000000000000,10000.000000000000000,185,1,185,3916141,35, ,0.0000000,0.0000000,0.0000000,0.0000000,0.0000000,0.0000000,0.0000000,4 - Avon, ,0, , , ,, ,1,10000.000000000000000
186.000000000000000,10000.000000000000000,186,1,186,3916141,35, ,0.0000000,0.0000000,0.0000000,0.0000000,0.0000000,0.0000000,0.0000000,4 - Avon, ,0, , , ,, ,1,10000.000000000000000
187.000000000000000,10000.000000000000000,187,1,187,3916141,35, ,0.0000000,0.0000000,0.0000000,0.0000000,0.0000000,0.0000000,0.0000000,4 - Avon, ,0, , , ,, ,1,10000.000000000000000
188.000000000000000,10000.000000000000000,188,1,188,3916644,36, ,0.0000000,0.0000000,0.0000000,0.0000000,0.0000000,0.0000000,0.0000000,4 - Avon, ,0, , , ,, ,1,10000.000000000000000
189.000000000000000,10000.000000000000000,189,1,189,3916644,36, ,0.0000000,0.0000000,0.0000000,0.0000000,0.0000000,0.0000000,0.0000000,4 - Avon, ,0, , , ,, ,1,10000.000000000000000
190.000000000000000,10000.000000000000000,190,1,190,3916644,36, ,0.0000000,0.0000000,0.0000000,0.0000000,0.0000000,0.0000000,0.0000000,4 - Avon, ,0, , , ,, ,1,10000.000000000000000
191.000000000000000,10000.000000000000000,191,1,191,3916644,36, ,0.0000000,0.0000000,0.0000000,0.0000000,0.0000000,0.0000000,0.0000000,4 - Avon, ,0, , , ,, ,1,10000.000000000000000
192.000000000000000,10000.000000000000000,192,1,192,3916644,36, ,0.0000000,0.0000000,0.0000000,0.0000000,0.0000000,0.0000000,0.0000000,4 - Avon, ,0, , , ,, ,1,10000.000000000000000
193.000000000000000,10000.000000000000000,193,1,193,3917147,37,,0.0000000,0.0000000,0.0000000,0.0000000,0.0000000,0.0000000,0.0000000,,,0,,,,,,0,10000.000000000000000
194.000000000000000,10000.000000000000000,194,1,194,3917147,37,,0.0000000,0.0000000,0.0000000,0.0000000,0.0000000,0.0000000,0.0000000,,,0,,,,,,0,10000.000000000000000
195.000000000000000,10000.000000000000000,195,1,195,3917147,37,,0.0000000,0.0000000,0.0000000,0.0000000,0.0000000,0.0000000,0.0000000,,,0,,,,,,0,10000.000000000000000
196.000000000000000,10000.000000000000000,196,1,196,3917147,37,,0.0000000,0.0000000,0.0000000,0.0000000,0.0000000,0.0000000,0.0000000,,,0,,,,,,0,10000.000000000000000
197.000000000000000,10000.000000000000000,197,1,197,3917147,37,,0.0000000,0.0000000,0.0000000,0.0000000,0.0000000,0.0000000,0.0000000,,,0,,,,,,0,10000.000000000000000
198.000000000000000,10000.000000000000000,198,1,198,3917648,38,,0.0000000,0.0000000,0.0000000,0.0000000,0.0000000,0.0000000,0.0000000,,,0,,,,,,0,10000.000000000000000
199.000000000000000,10000.000000000000000,199,1,199,3917648,38,,0.0000000,0.0000000,0.0000000,0.0000000,0.0000000,0.0000000,0.0000000,,,0,,,,,,0,10000.000000000000000
200.000000000000000,10000.000000000000000,200,1,200,3917648,38,,0.0000000,0.0000000,0.0000000,0.0000000,0.0000000,0.0000000,0.0000000,,,0,,,,,,0,10000.000000000000000
201.000000000000000,10000.000000000000000,201,1,201,3917648,38,,0.0000000,0.0000000,0.0000000,0.0000000,0.0000000,0.0000000,0.0000000,,,0,,,,,,0,10000.000000000000000
202.000000000000000,10000.000000000000000,202,1,202,3917648,38,,0.0000000,0.0000000,0.0000000,0.0000000,0.0000000,0.0000000,0.0000000,,,0,,,,,,0,10000.000000000000000
203.000000000000000,10000.000000000000000,203,1,203,3918149,39,,0.0000000,0.0000000,0.0000000,0.0000000,0.0000000,0.0000000,0.0000000,,,0,,,,,,0,10000.000000000000000
204.000000000000000,10000.000000000000000,204,1,204,3918149,39,,0.0000000,0.0000000,0.0000000,0.0000000,0.0000000,0.0000000,0.0000000,,,0,,,,,,0,10000.000000000000000
205.000000000000000,10000.000000000000000,205,1,205,3918149,39,,0.0000000,0.0000000,0.0000000,0.0000000,0.0000000,0.0000000,0.0000000,,,0,,,,,,0,10000.000000000000000
206.000000000000000,10000.000000000000000,206,1,206,3918149,39,,0.0000000,0.0000000,0.0000000,0.0000000,0.0000000,0.0000000,0.0000000,,,0,,,,,,0,10000.000000000000000
207.000000000000000,10000.000000000000000,207,1,207,3918149,39,,0.0000000,0.0000000,0.0000000,0.0000000,0.0000000,0.0000000,0.0000000,,,0,,,,,,0,10000.000000000000000
208.000000000000000,10000.000000000000000,208,1,208,3918656,40,,0.0000000,0.0000000,0.0000000,0.0000000,0.0000000,0.0000000,0.0000000,,,0,,,,,,0,10000.000000000000000
209.000000000000000,10000.000000000000000,209,1,209,3918656,40,,0.0000000,0.0000000,0.0000000,0.0000000,0.0000000,0.0000000,0.0000000,,,0,,,,,,0,10000.000000000000000
210.000000000000000,10000.000000000000000,210,1,210,3918656,40,,0.0000000,0.0000000,0.0000000,0.0000000,0.0000000,0.0000000,0.0000000,,,0,,,,,,0,10000.000000000000000
211.000000000000000,10000.000000000000000,211,1,211,3918656,40,,0.0000000,0.0000000,0.0000000,0.0000000,0.0000000,0.0000000,0.0000000,,,0,,,,,,0,10000.000000000000000
212.000000000000000,10000.000000000000000,212,1,212,3918656,40,,0.0000000,0.0000000,0.0000000,0.0000000,0.0000000,0.0000000,0.0000000,,,0,,,,,,0,10000.000000000000000
213.000000000000000,10000.000000000000000,213,1,213,3919156,41,,0.0000000,0.0000000,0.0000000,0.0000000,0.0000000,0.0000000,0.0000000,,,0,,,,,,0,10000.000000000000000
214.000000000000000,10000.000000000000000,214,1,214,3919156,41,,0.0000000,0.0000000,0.0000000,0.0000000,0.0000000,0.0000000,0.0000000,,,0,,,,,,0,10000.000000000000000
215.000000000000000,10000.000000000000000,215,1,215,3919156,41,,0.0000000,0.0000000,0.0000000,0.0000000,0.0000000,0.0000000,0.0000000,,,0,,,,,,0,10000.000000000000000
216.000000000000000,10000.000000000000000,216,1,216,3919156,41,,0.0000000,0.0000000,0.0000000,0.0000000,0.0000000,0.0000000,0.0000000,,,0,,,,,,0,10000.000000000000000
217.000000000000000,10000.000000000000000,217,1,217,3919156,41,,0.0000000,0.0000000,0.0000000,0.0000000,0.0000000,0.0000000,0.0000000,,,0,,,,,,0,10000.000000000000000
218.000000000000000,10000.000000000000000,218,1,218,3919658,42,,0.0000000,0.0000000,0.0000000,0.0000000,0.0000000,0.0000000,0.0000000,,,0,,,,,,0,10000.000000000000000
219.000000000000000,10000.000000000000000,219,1,219,3919658,42,,0.0000000,0.0000000,0.0000000,0.0000000,0.0000000,0.0000000,0.0000000,,,0,,,,,,0,10000.000000000000000
220.000000000000000,10000.000000000000000,220,1,220,3919658,42,,0.0000000,0.0000000,0.0000000,0.0000000,0.0000000,0.0000000,0.0000000,,,0,,,,,,0,10000.000000000000000
221.000000000000000,10000.000000000000000,221,1,221,3919658,42,,0.0000000,0.0000000,0.0000000,0.0000000,0.0000000,0.0000000,0.0000000,,,0,,,,,,0,10000.000000000000000
222.000000000000000,10000.000000000000000,222,1,222,3919658,42,,0.0000000,0.0000000,0.0000000,0.0000000,0.0000000,0.0000000,0.0000000,,,0,,,,,,0,10000.000000000000000
223.000000000000000,10000.000000000000000,223,1,223,3920164,43,,0.0000000,0.0000000,0.0000000,0.0000000,0.0000000,0.0000000,0.0000000,,,0,,,,,,0,10000.000000000000000
224.000000000000000,10000.000000000000000,224,1,224,3920164,43,,0.0000000,0.0000000,0.0000000,0.0000000,0.0000000,0.0000000,0.0000000,,,0,,,,,,0,10000.000000000000000
225.000000000000000,10000.000000000000000,225,1,225,3920164,43,,0.0000000,0.0000000,0.0000000,0.0000000,0.0000000,0.0000000,0.0000000,,,0,,,,,,0,10000.000000000000000
226.000000000000000,10000.000000000000000,226,1,226,3920164,43,,0.0000000,0.0000000,0.0000000,0.0000000,0.0000000,0.0000000,0.0000000,,,0,,,,,,0,10000.000000000000000
227.000000000000000,10000.000000000000000,227,1,227,3920164,43,,0.0000000,0.0000000,0.0000000,0.0000000,0.0000000,0.0000000,0.0000000,,,0,,,,,,0,10000.000000000000000
228.000000000000000,10000.000000000000000,228,1,228,3920667,44,,0.0000000,0.0000000,0.0000000,0.0000000,0.0000000,0.0000000,0.0000000,,,0,,,,,,0,10000.000000000000000
229.000000000000000,10000.000000000000000,229,1,229,3920667,44,,0.0000000,0.0000000,0.0000000,0.0000000,0.0000000,0.0000000,0.0000000,,,0,,,,,,0,10000.000000000000000
230.000000000000000,10000.000000000000000,230,1,230,3920667,44,,0.0000000,0.0000000,0.0000000,0.0000000,0.0000000,0.0000000,0.0000000,,,0,,,,,,0,10000.000000000000000
231.000000000000000,10000.000000000000000,231,1,231,3920667,44,,0.0000000,0.0000000,0.0000000,0.0000000,0.0000000,0.0000000,0.0000000,,,0,,,,,,0,10000.000000000000000
232.000000000000000,10000.000000000000000,232,1,232,3920667,44,,0.0000000,0.0000000,0.0000000,0.0000000,0.0000000,0.0000000,0.0000000,,,0,,,,,,0,10000.000000000000000
233.000000000000000,10000.000000000000000,233,1,233,3921168,45,,0.0000000,0.0000000,0.0000000,0.0000000,0.0000000,0.0000000,0.0000000,,,0,,,,,,0,10000.000000000000000
234.000000000000000,10000.000000000000000,234,1,234,3921168,45,,0.0000000,0.0000000,0.0000000,0.0000000,0.0000000,0.0000000,0.0000000,,,0,,,,,,0,10000.000000000000000
235.000000000000000,10000.000000000000000,235,1,235,3921168,45,,0.0000000,0.0000000,0.0000000,0.0000000,0.0000000,0.0000000,0.0000000,,,0,,,,,,0,10000.000000000000000
236.000000000000000,10000.000000000000000,236,1,236,3921168,45,,0.0000000,0.0000000,0.0000000,0.0000000,0.0000000,0.0000000,0.0000000,,,0,,,,,,0,10000.000000000000000
237.000000000000000,10000.000000000000000,237,1,237,3921168,45,,0.0000000,0.0000000,0.0000000,0.0000000,0.0000000,0.0000000,0.0000000,,,0,,,,,,0,10000.000000000000000
238.000000000000000,10000.000000000000000,238,1,238,3921670,46,,0.0000000,0.0000000,0.0000000,0.0000000,0.0000000,0.0000000,0.0000000,,,0,,,,,,0,10000.000000000000000
239.000000000000000,10000.000000000000000,239,1,239,3921670,46,,0.0000000,0.0000000,0.0000000,0.0000000,0.0000000,0.0000000,0.0000000,,,0,,,,,,0,10000.000000000000000
240.000000000000000,10000.000000000000000,240,1,240,3921670,46,,0.0000000,0.0000000,0.0000000,0.0000000,0.0000000,0.0000000,0.0000000,,,0,,,,,,0,10000.000000000000000
241.000000000000000,10000.000000000000000,241,1,241,3921670,46,,0.0000000,0.0000000,0.0000000,0.0000000,0.0000000,0.0000000,0.0000000,,,0,,,,,,0,10000.000000000000000
242.000000000000000,10000.000000000000000,242,1,242,3921670,46,,0.0000000,0.0000000,0.0000000,0.0000000,0.0000000,0.0000000,0.0000000,,,0,,,,,,0,10000.000000000000000
243.000000000000000,10000.000000000000000,243,1,243,3922170,47,,0.0000000,0.0000000,0.0000000,0.0000000,0.0000000,0.0000000,0.0000000,,,0,,,,,,0,10000.000000000000000
244.000000000000000,10000.000000000000000,244,1,244,3922170,47,,0.0000000,0.0000000,0.0000000,0.0000000,0.0000000,0.0000000,0.0000000,,,0,,,,,,0,10000.000000000000000
245.000000000000000,10000.000000000000000,245,1,245,3922170,47,,0.0000000,0.0000000,0.0000000,0.0000000,0.0000000,0.0000000,0.0000000,,,0,,,,,,0,10000.000000000000000
246.000000000000000,10000.000000000000000,246,1,246,3922170,47,,0.0000000,0.0000000,0.0000000,0.0000000,0.0000000,0.0000000,0.0000000,,,0,,,,,,0,10000.000000000000000
247.000000000000000,10000.000000000000000,247,1,247,3922170,47,,0.0000000,0.0000000,0.0000000,0.0000000,0.0000000,0.0000000,0.0000000,,,0,,,,,,0,10000.000000000000000
248.000000000000000,10000.000000000000000,248,1,248,3922671,48,,0.0000000,0.0000000,0.0000000,0.0000000,0.0000000,0.0000000,0.0000000,,,0,,,,,,0,10000.000000000000000
249.000000000000000,10000.000000000000000,249,1,249,3922671,48,,0.0000000,0.0000000,0.0000000,0.0000000,0.0000000,0.0000000,0.0000000,,,0,,,,,,0,10000.000000000000000
250.000000000000000,10000.000000000000000,250,1,250,3922671,48,,0.0000000,0.0000000,0.0000000,0.0000000,0.0000000,0.0000000,0.0000000,,,0,,,,,,0,10000.000000000000000
251.000000000000000,10000.000000000000000,251,1,251,3922671,48,,0.0000000,0.0000000,0.0000000,0.0000000,0.0000000,0.0000000,0.0000000,,,0,,,,,,0,10000.000000000000000
252.000000000000000,10000.000000000000000,252,1,252,3922671,48,,0.0000000,0.0000000,0.0000000,0.0000000,0.0000000,0.0000000,0.0000000,,,0,,,,,,0,10000.000000000000000
253.000000000000000,10000.000000000000000,253,1,253,3923174,49,,0.0000000,0.0000000,0.0000000,0.0000000,0.0000000,0.0000000,0.0000000,,,0,,,,,,0,10000.000000000000000
254.000000000000000,10000.000000000000000,254,1,254,3923174,49,,0.0000000,0.0000000,0.0000000,0.0000000,0.0000000,0.0000000,0.0000000,,,0,,,,,,0,10000.000000000000000
255.000000000000000,10000.000000000000000,255,1,255,3923174,49,,0.0000000,0.0000000,0.0000000,0.0000000,0.0000000,0.0000000,0.0000000,,,0,,,,,,0,10000.000000000000000
256.000000000000000,10000.000000000000000,256,1,256,3923174,49,,0.0000000,0.0000000,0.0000000,0.0000000,0.0000000,0.0000000,0.0000000,,,0,,,,,,0,10000.000000000000000
257.000000000000000,10000.000000000000000,257,1,257,3923174,49,,0.0000000,0.0000000,0.0000000,0.0000000,0.0000000,0.0000000,0.0000000,,,0,,,,,,0,10000.000000000000000
258.000000000000000,10000.000000000000000,258,1,258,3923679,50,,0.0000000,0.0000000,0.0000000,0.0000000,0.0000000,0.0000000,0.0000000,,,0,,,,,,0,10000.000000000000000
259.000000000000000,10000.000000000000000,259,1,259,3923679,50,,0.0000000,0.0000000,0.0000000,0.0000000,0.0000000,0.0000000,0.0000000,,,0,,,,,,0,10000.000000000000000
260.000000000000000,10000.000000000000000,260,1,260,3923679,50,,0.0000000,0.0000000,0.0000000,0.0000000,0.0000000,0.0000000,0.0000000,,,0,,,,,,0,10000.000000000000000
261.000000000000000,10000.000000000000000,261,1,261,3923679,50,,0.0000000,0.0000000,0.0000000,0.0000000,0.0000000,0.0000000,0.0000000,,,0,,,,,,0,10000.000000000000000
262.000000000000000,10000.000000000000000,262,1,262,3923679,50,,0.0000000,0.0000000,0.0000000,0.0000000,0.0000000,0.0000000,0.0000000,,,0,,,,,,0,10000.000000000000000
263.000000000000000,10000.000000000000000,263,1,263,3924184,51,,0.0000000,0.0000000,0.0000000,0.0000000,0.0000000,0.0000000,0.0000000,,,0,,,,,,0,10000.000000000000000
264.000000000000000,10000.000000000000000,264,1,264,3924184,51,,0.0000000,0.0000000,0.0000000,0.0000000,0.0000000,0.0000000,0.0000000,,,0,,,,,,0,10000.000000000000000
265.000000000000000,10000.000000000000000,265,1,265,3924184,51,,0.0000000,0.0000000,0.0000000,0.0000000,0.0000000,0.0000000,0.0000000,,,0,,,,,,0,10000.000000000000000
266.000000000000000,10000.000000000000000,266,1,266,3924184,51,,0.0000000,0.0000000,0.0000000,0.0000000,0.0000000,0.0000000,0.0000000,,,0,,,,,,0,10000.000000000000000
267.000000000000000,10000.000000000000000,267,1,267,3924184,51,,0.0000000,0.0000000,0.0000000,0.0000000,0.0000000,0.0000000,0.0000000,,,0,,,,,,0,10000.000000000000000
268.000000000000000,10000.000000000000000,268,1,268,3924686,52,,0.0000000,0.0000000,0.0000000,0.0000000,0.0000000,0.0000000,0.0000000,,,0,,,,,,0,10000.000000000000000
269.000000000000000,10000.000000000000000,269,1,269,3924686,52,,0.0000000,0.0000000,0.0000000,0.0000000,0.0000000,0.0000000,0.0000000,,,0,,,,,,0,10000.000000000000000
270.000000000000000,10000.000000000000000,270,1,270,3924686,52,,0.0000000,0.0000000,0.0000000,0.0000000,0.0000000,0.0000000,0.0000000,,,0,,,,,,0,10000.000000000000000
271.000000000000000,10000.000000000000000,271,1,271,3924686,52,,0.0000000,0.0000000,0.0000000,0.0000000,0.0000000,0.0000000,0.0000000,,,0,,,,,,0,10000.000000000000000
272.000000000000000,10000.000000000000000,272,1,272,3924686,52,,0.0000000,0.0000000,0.0000000,0.0000000,0.0000000,0.0000000,0.0000000,,,0,,,,,,0,10000.000000000000000
273.000000000000000,10000.000000000000000,273,1,273,3925189,53,,0.0000000,0.0000000,0.0000000,0.0000000,0.0000000,0.0000000,0.0000000,,,0,,,,,,0,10000.000000000000000
274.000000000000000,10000.000000000000000,274,1,274,3925189,53,,0.0000000,0.0000000,0.0000000,0.0000000,0.0000000,0.0000000,0.0000000,,,0,,,,,,0,10000.000000000000000
275.000000000000000,10000.000000000000000,275,1,275,3925189,53,,0.0000000,0.0000000,0.0000000,0.0000000,0.0000000,0.0000000,0.0000000,,,0,,,,,,0,10000.000000000000000
276.000000000000000,10000.000000000000000,276,1,276,3925189,53,,0.0000000,0.0000000,0.0000000,0.0000000,0.0000000,0.0000000,0.0000000,,,0,,,,,,0,10000.000000000000000
277.000000000000000,10000.000000000000000,277,1,277,3925189,53,,0.0000000,0.0000000,0.0000000,0.0000000,0.0000000,0.0000000,0.0000000,,,0,,,,,,0,10000.000000000000000
278.000000000000000,10000.000000000000000,278,1,278,3925690,54,,0.0000000,0.0000000,0.0000000,0.0000000,0.0000000,0.0000000,0.0000000,,,0,,,,,,0,10000.000000000000000
279.000000000000000,10000.000000000000000,279,1,279,3925690,54,,0.0000000,0.0000000,0.0000000,0.0000000,0.0000000,0.0000000,0.0000000,,,0,,,,,,0,10000.000000000000000
280.000000000000000,10000.000000000000000,280,1,280,3925690,54,,0.0000000,0.0000000,0.0000000,0.0000000,0.0000000,0.0000000,0.0000000,,,0,,,,,,0,10000.000000000000000
281.000000000000000,10000.000000000000000,281,1,281,3925690,54,,0.0000000,0.0000000,0.0000000,0.0000000,0.0000000,0.0000000,0.0000000,,,0,,,,,,0,10000.000000000000000
282.000000000000000,10000.000000000000000,282,1,282,3925690,54,,0.0000000,0.0000000,0.0000000,0.0000000,0.0000000,0.0000000,0.0000000,,,0,,,,,,0,10000.000000000000000
283.000000000000000,10000.000000000000000,283,1,283,3926193,55,,0.0000000,0.0000000,0.0000000,0.0000000,0.0000000,0.0000000,0.0000000,,,0,,,,,,0,10000.000000000000000
284.000000000000000,10000.000000000000000,284,1,284,3926193,55,,0.0000000,0.0000000,0.0000000,0.0000000,0.0000000,0.0000000,0.0000000,,,0,,,,,,0,10000.000000000000000
285.000000000000000,10000.000000000000000,285,1,285,3926193,55,,0.0000000,0.0000000,0.0000000,0.0000000,0.0000000,0.0000000,0.0000000,,,0,,,,,,0,10000.000000000000000
286.000000000000000,10000.000000000000000,286,1,286,3926193,55,,0.0000000,0.0000000,0.0000000,0.0000000,0.0000000,0.0000000,0.0000000,,,0,,,,,,0,10000.000000000000000
287.000000000000000,10000.000000000000000,287,1,287,3926193,55,,0.0000000,0.0000000,0.0000000,0.0000000,0.0000000,0.0000000,0.0000000,,,0,,,,,,0,10000.000000000000000
288.000000000000000,10000.000000000000000,288,1,288,3926697,56,,0.0000000,0.0000000,0.0000000,0.0000000,0.0000000,0.0000000,0.0000000,,,0,,,,,,0,10000.000000000000000
289.000000000000000,10000.000000000000000,289,1,289,3926697,56,,0.0000000,0.0000000,0.0000000,0.0000000,0.0000000,0.0000000,0.0000000,,,0,,,,,,0,10000.000000000000000
290.000000000000000,10000.000000000000000,290,1,290,3926697,56,,0.0000000,0.0000000,0.0000000,0.0000000,0.0000000,0.0000000,0.0000000,,,0,,,,,,0,10000.000000000000000
291.000000000000000,10000.000000000000000,291,1,291,3926697,56,,0.0000000,0.0000000,0.0000000,0.0000000,0.0000000,0.0000000,0.0000000,,,0,,,,,,0,10000.000000000000000
292.000000000000000,10000.000000000000000,292,1,292,3926697,56,,0.0000000,0.0000000,0.0000000,0.0000000,0.0000000,0.0000000,0.0000000,,,0,,,,,,0,10000.000000000000000
293.000000000000000,10000.000000000000000,293,1,293,3927200,57,,0.0000000,0.0000000,0.0000000,0.0000000,0.0000000,0.0000000,0.0000000,,,0,,,,,,0,10000.000000000000000
294.000000000000000,10000.000000000000000,294,1,294,3927200,57,,0.0000000,0.0000000,0.0000000,0.0000000,0.0000000,0.0000000,0.0000000,,,0,,,,,,0,10000.000000000000000
295.000000000000000,10000.000000000000000,295,1,295,3927200,57,,0.0000000,0.0000000,0.0000000,0.0000000,0.0000000,0.0000000,0.0000000,,,0,,,,,,0,10000.000000000000000
296.000000000000000,10000.000000000000000,296,1,296,3927200,57,,0.0000000,0.0000000,0.0000000,0.0000000,0.0000000,0.0000000,0.0000000,,,0,,,,,,0,10000.000000000000000
297.000000000000000,10000.000000000000000,297,1,297,3927200,57,,0.0000000,0.0000000,0.0000000,0.0000000,0.0000000,0.0000000,0.0000000,,,0,,,,,,0,10000.000000000000000
298.000000000000000,10000.000000000000000,298,1,298,3927705,58,,0.0000000,0.0000000,0.0000000,0.0000000,0.0000000,0.0000000,0.0000000,,,0,,,,,,0,10000.000000000000000
299.000000000000000,10000.000000000000000,299,1,299,3927705,58,,0.0000000,0.0000000,0.0000000,0.0000000,0.0000000,0.0000000,0.0000000,,,0,,,,,,0,10000.000000000000000
300.000000000000000,10000.000000000000000,300,1,300,3927705,58,,0.0000000,0.0000000,0.0000000,0.0000000,0.0000000,0.0000000,0.0000000,,,0,,,,,,0,10000.000000000000000
301.000000000000000,10000.000000000000000,301,1,301,3927705,58,,0.0000000,0.0000000,0.0000000,0.0000000,0.0000000,0.0000000,0.0000000,,,0,,,,,,0,10000.000000000000000
302.000000000000000,10000.000000000000000,302,1,302,3927705,58,,0.0000000,0.0000000,0.0000000,0.0000000,0.0000000,0.0000000,0.0000000,,,0,,,,,,0,10000.000000000000000
303.000000000000000,10000.000000000000000,303,1,303,3928208,59,,0.0000000,0.0000000,0.0000000,0.0000000,0.0000000,0.0000000,0.0000000,,,0,,,,,,0,10000.000000000000000
304.000000000000000,10000.000000000000000,304,1,304,3928208,59,,0.0000000,0.0000000,0.0000000,0.0000000,0.0000000,0.0000000,0.0000000,,,0,,,,,,0,10000.000000000000000
305.000000000000000,10000.000000000000000,305,1,305,3928208,59,,0.0000000,0.0000000,0.0000000,0.0000000,0.0000000,0.0000000,0.0000000,,,0,,,,,,0,10000.000000000000000
306.000000000000000,10000.000000000000000,306,1,306,3928208,59,,0.0000000,0.0000000,0.0000000,0.0000000,0.0000000,0.0000000,0.0000000,,,0,,,,,,0,10000.000000000000000
307.000000000000000,10000.000000000000000,307,1,307,3928208,59,,0.0000000,0.0000000,0.0000000,0.0000000,0.0000000,0.0000000,0.0000000,,,0,,,,,,0,10000.000000000000000
308.000000000000000,10000.000000000000000,308,1,308,3928710,60,,0.0000000,0.0000000,0.0000000,0.0000000,0.0000000,0.0000000,0.0000000,,,0,,,,,,0,10000.000000000000000
309.000000000000000,10000.000000000000000,309,1,309,3928710,60,,0.0000000,0.0000000,0.0000000,0.0000000,0.0000000,0.0000000,0.0000000,,,0,,,,,,0,10000.000000000000000
310.000000000000000,10000.000000000000000,310,1,310,3928710,60,,0.0000000,0.0000000,0.0000000,0.0000000,0.0000000,0.0000000,0.0000000,,,0,,,,,,0,10000.000000000000000
311.000000000000000,10000.000000000000000,311,1,311,3928710,60,,0.0000000,0.0000000,0.0000000,0.0000000,0.0000000,0.0000000,0.0000000,,,0,,,,,,0,10000.000000000000000
312.000000000000000,10000.000000000000000,312,1,312,3928710,60,,0.0000000,0.0000000,0.0000000,0.0000000,0.0000000,0.0000000,0.0000000,,,0,,,,,,0,10000.000000000000000
313.000000000000000,10000.000000000000000,313,1,313,3929212,61,,0.0000000,0.0000000,0.0000000,0.0000000,0.0000000,0.0000000,0.0000000,,,0,,,,,,0,10000.000000000000000
314.000000000000000,10000.000000000000000,314,1,314,3929212,61,,0.0000000,0.0000000,0.0000000,0.0000000,0.0000000,0.0000000,0.0000000,,,0,,,,,,0,10000.000000000000000
315.000000000000000,10000.000000000000000,315,1,315,3929212,61,,0.0000000,0.0000000,0.0000000,0.0000000,0.0000000,0.0000000,0.0000000,,,0,,,,,,0,10000.000000000000000
316.000000000000000,10000.000000000000000,316,1,316,3929212,61,,0.0000000,0.0000000,0.0000000,0.0000000,0.0000000,0.0000000,0.0000000,,,0,,,,,,0,10000.000000000000000
317.000000000000000,10000.000000000000000,317,1,317,3929212,61,,0.0000000,0.0000000,0.0000000,0.0000000,0.0000000,0.0000000,0.0000000,,,0,,,,,,0,10000.000000000000000
318.000000000000000,10000.000000000000000,318,0,318,,,,,,,,,,,,,,,,,,,,10000.000000000000000
319.000000000000000,10000.000000000000000,319,1,319,3929713,62,,0.0000000,0.0000000,0.0000000,0.0000000,0.0000000,0.0000000,0.0000000,,,0,,,,,,0,10000.000000000000000
320.000000000000000,10000.000000000000000,320,1,320,3929713,62,,0.0000000,0.0000000,0.0000000,0.0000000,0.0000000,0.0000000,0.0000000,,,0,,,,,,0,10000.000000000000000
321.000000000000000,10000.000000000000000,321,1,321,3929713,62,,0.0000000,0.0000000,0.0000000,0.0000000,0.0000000,0.0000000,0.0000000,,,0,,,,,,0,10000.000000000000000
322.000000000000000,10000.000000000000000,322,1,322,3929713,62,,0.0000000,0.0000000,0.0000000,0.0000000,0.0000000,0.0000000,0.0000000,,,0,,,,,,0,10000.000000000000000
323.000000000000000,10000.000000000000000,323,1,323,3929713,62,,0.0000000,0.0000000,0.0000000,0.0000000,0.0000000,0.0000000,0.0000000,,,0,,,,,,0,10000.000000000000000
324.000000000000000,10000.000000000000000,324,1,324,3930214,63,,0.0000000,0.0000000,0.0000000,0.0000000,0.0000000,0.0000000,0.0000000,,,0,,,,,,0,10000.000000000000000
325.000000000000000,10000.000000000000000,325,1,325,3930214,63,,0.0000000,0.0000000,0.0000000,0.0000000,0.0000000,0.0000000,0.0000000,,,0,,,,,,0,10000.000000000000000
326.000000000000000,10000.000000000000000,326,1,326,3930214,63,,0.0000000,0.0000000,0.0000000,0.0000000,0.0000000,0.0000000,0.0000000,,,0,,,,,,0,10000.000000000000000
327.000000000000000,10000.000000000000000,327,1,327,3930214,63,,0.0000000,0.0000000,0.0000000,0.0000000,0.0000000,0.0000000,0.0000000,,,0,,,,,,0,10000.000000000000000
328.000000000000000,10000.000000000000000,328,1,328,3930214,63,,0.0000000,0.0000000,0.0000000,0.0000000,0.0000000,0.0000000,0.0000000,,,0,,,,,,0,10000.000000000000000
329.000000000000000,10000.000000000000000,329,1,329,3930717,64,,0.0000000,0.0000000,0.0000000,0.0000000,0.0000000,0.0000000,0.0000000,,,0,,,,,,0,10000.000000000000000
330.000000000000000,10000.000000000000000,330,1,330,3930717,64,,0.0000000,0.0000000,0.0000000,0.0000000,0.0000000,0.0000000,0.0000000,,,0,,,,,,0,10000.000000000000000
331.000000000000000,10000.000000000000000,331,1,331,3930717,64,,0.0000000,0.0000000,0.0000000,0.0000000,0.0000000,0.0000000,0.0000000,,,0,,,,,,0,10000.000000000000000
332.000000000000000,10000.000000000000000,332,1,332,3930717,64,,0.0000000,0.0000000,0.0000000,0.0000000,0.0000000,0.0000000,0.0000000,,,0,,,,,,0,10000.000000000000000
333.000000000000000,10000.000000000000000,333,1,333,3930717,64,,0.0000000,0.0000000,0.0000000,0.0000000,0.0000000,0.0000000,0.0000000,,,0,,,,,,0,10000.000000000000000
334.000000000000000,10000.000000000000000,334,1,334,3931218,65,,0.0000000,0.0000000,0.0000000,0.0000000,0.0000000,0.0000000,0.0000000,,,0,,,,,,0,10000.000000000000000
335.000000000000000,10000.000000000000000,335,1,335,3931218,65,,0.0000000,0.0000000,0.0000000,0.0000000,0.0000000,0.0000000,0.0000000,,,0,,,,,,0,10000.000000000000000
336.000000000000000,10000.000000000000000,336,1,336,3931218,65,,0.0000000,0.0000000,0.0000000,0.0000000,0.0000000,0.0000000,0.0000000,,,0,,,,,,0,10000.000000000000000
337.000000000000000,10000.000000000000000,337,1,337,3931218,65,,0.0000000,0.0000000,0.0000000,0.0000000,0.0000000,0.0000000,0.0000000,,,0,,,,,,0,10000.000000000000000
338.000000000000000,10000.000000000000000,338,1,338,3931218,65,,0.0000000,0.0000000,0.0000000,0.0000000,0.0000000,0.0000000,0.0000000,,,0,,,,,,0,10000.000000000000000
339.000000000000000,10000.000000000000000,339,1,339,3931721,66,,0.0000000,0.0000000,0.0000000,0.0000000,0.0000000,0.0000000,0.0000000,,,0,,,,,,0,10000.000000000000000
340.000000000000000,10000.000000000000000,340,1,340,3931721,66,,0.0000000,0.0000000,0.0000000,0.0000000,0.0000000,0.0000000,0.0000000,,,0,,,,,,0,10000.000000000000000
341.000000000000000,10000.000000000000000,341,1,341,3931721,66,,0.0000000,0.0000000,0.0000000,0.0000000,0.0000000,0.0000000,0.0000000,,,0,,,,,,0,10000.000000000000000
342.000000000000000,10000.000000000000000,342,1,342,3931721,66,,0.0000000,0.0000000,0.0000000,0.0000000,0.0000000,0.0000000,0.0000000,,,0,,,,,,0,10000.000000000000000
343.000000000000000,10000.000000000000000,343,1,343,3931721,66,,0.0000000,0.0000000,0.0000000,0.0000000,0.0000000,0.0000000,0.0000000,,,0,,,,,,0,10000.000000000000000
344.000000000000000,10000.000000000000000,344,1,344,3932222,67,,0.0000000,0.0000000,0.0000000,0.0000000,0.0000000,0.0000000,0.0000000,,,0,,,,,,0,10000.000000000000000
345.000000000000000,10000.000000000000000,345,1,345,3932222,67,,0.0000000,0.0000000,0.0000000,0.0000000,0.0000000,0.0000000,0.0000000,,,0,,,,,,0,10000.000000000000000
346.000000000000000,10000.000000000000000,346,1,346,3932222,67,,0.0000000,0.0000000,0.0000000,0.0000000,0.0000000,0.0000000,0.0000000,,,0,,,,,,0,10000.000000000000000
347.000000000000000,10000.000000000000000,347,1,347,3932222,67,,0.0000000,0.0000000,0.0000000,0.0000000,0.0000000,0.0000000,0.0000000,,,0,,,,,,0,10000.000000000000000
348.000000000000000,10000.000000000000000,348,1,348,3932222,67,,0.0000000,0.0000000,0.0000000,0.0000000,0.0000000,0.0000000,0.0000000,,,0,,,,,,0,10000.000000000000000
349.000000000000000,10000.000000000000000,349,1,349,3932724,68,,0.0000000,0.0000000,0.0000000,0.0000000,0.0000000,0.0000000,0.0000000,,,0,,,,,,0,10000.000000000000000
350.000000000000000,10000.000000000000000,350,1,350,3932724,68,,0.0000000,0.0000000,0.0000000,0.0000000,0.0000000,0.0000000,0.0000000,,,0,,,,,,0,10000.000000000000000
351.000000000000000,10000.000000000000000,351,1,351,3932724,68,,0.0000000,0.0000000,0.0000000,0.0000000,0.0000000,0.0000000,0.0000000,,,0,,,,,,0,10000.000000000000000
352.000000000000000,10000.000000000000000,352,1,352,3932724,68,,0.0000000,0.0000000,0.0000000,0.0000000,0.0000000,0.0000000,0.0000000,,,0,,,,,,0,10000.000000000000000
353.000000000000000,10000.000000000000000,353,1,353,3932724,68,,0.0000000,0.0000000,0.0000000,0.0000000,0.0000000,0.0000000,0.0000000,,,0,,,,,,0,10000.000000000000000
354.000000000000000,10000.000000000000000,354,1,354,3933227,69,,0.0000000,0.0000000,0.0000000,0.0000000,0.0000000,0.0000000,0.0000000,,,0,,,,,,0,10000.000000000000000
355.000000000000000,10000.000000000000000,355,1,355,3933227,69,,0.0000000,0.0000000,0.0000000,0.0000000,0.0000000,0.0000000,0.0000000,,,0,,,,,,0,10000.000000000000000
356.000000000000000,10000.000000000000000,356,1,356,3933227,69,,0.0000000,0.0000000,0.0000000,0.0000000,0.0000000,0.0000000,0.0000000,,,0,,,,,,0,10000.000000000000000
357.000000000000000,10000.000000000000000,357,1,357,3933227,69,,0.0000000,0.0000000,0.0000000,0.0000000,0.0000000,0.0000000,0.0000000,,,0,,,,,,0,10000.000000000000000
358.000000000000000,10000.000000000000000,358,1,358,3933227,69,,0.0000000,0.0000000,0.0000000,0.0000000,0.0000000,0.0000000,0.0000000,,,0,,,,,,0,10000.000000000000000
359.000000000000000,10000.000000000000000,359,1,359,3933731,70,,0.0000000,0.0000000,0.0000000,0.0000000,0.0000000,0.0000000,0.0000000,,,0,,,,,,0,10000.000000000000000
360.000000000000000,10000.000000000000000,360,1,360,3933731,70,,0.0000000,0.0000000,0.0000000,0.0000000,0.0000000,0.0000000,0.0000000,,,0,,,,,,0,10000.000000000000000
361.000000000000000,10000.000000000000000,361,1,361,3933731,70,,0.0000000,0.0000000,0.0000000,0.0000000,0.0000000,0.0000000,0.0000000,,,0,,,,,,0,10000.000000000000000
362.000000000000000,10000.000000000000000,362,1,362,3933731,70,,0.0000000,0.0000000,0.0000000,0.0000000,0.0000000,0.0000000,0.0000000,,,0,,,,,,0,10000.000000000000000
363.000000000000000,10000.000000000000000,363,1,363,3933731,70,,0.0000000,0.0000000,0.0000000,0.0000000,0.0000000,0.0000000,0.0000000,,,0,,,,,,0,10000.000000000000000
364.000000000000000,10000.000000000000000,364,1,364,3934233,71,,0.0000000,0.0000000,0.0000000,0.0000000,0.0000000,0.0000000,0.0000000,,,0,,,,,,0,10000.000000000000000
365.000000000000000,10000.000000000000000,365,1,365,3934233,71,,0.0000000,0.0000000,0.0000000,0.0000000,0.0000000,0.0000000,0.0000000,,,0,,,,,,0,10000.000000000000000
366.000000000000000,10000.000000000000000,366,1,366,3934233,71,,0.0000000,0.0000000,0.0000000,0.0000000,0.0000000,0.0000000,0.0000000,,,0,,,,,,0,10000.000000000000000
367.000000000000000,10000.000000000000000,367,1,367,3934233,71,,0.0000000,0.0000000,0.0000000,0.0000000,0.0000000,0.0000000,0.0000000,,,0,,,,,,0,10000.000000000000000
368.000000000000000,10000.000000000000000,368,1,368,3934233,71,,0.0000000,0.0000000,0.0000000,0.0000000,0.0000000,0.0000000,0.0000000,,,0,,,,,,0,10000.000000000000000
369.000000000000000,10000.000000000000000,369,1,369,3934734,72,,0.0000000,0.0000000,0.0000000,0.0000000,0.0000000,0.0000000,0.0000000,,,0,,,,,,0,10000.000000000000000
370.000000000000000,10000.000000000000000,370,1,370,3934734,72,,0.0000000,0.0000000,0.0000000,0.0000000,0.0000000,0.0000000,0.0000000,,,0,,,,,,0,10000.000000000000000
371.000000000000000,10000.000000000000000,371,1,371,3934734,72,,0.0000000,0.0000000,0.0000000,0.0000000,0.0000000,0.0000000,0.0000000,,,0,,,,,,0,10000.000000000000000
372.000000000000000,10000.000000000000000,372,1,372,3934734,72,,0.0000000,0.0000000,0.0000000,0.0000000,0.0000000,0.0000000,0.0000000,,,0,,,,,,0,10000.000000000000000
373.000000000000000,10000.000000000000000,373,1,373,3934734,72,,0.0000000,0.0000000,0.0000000,0.0000000,0.0000000,0.0000000,0.0000000,,,0,,,,,,0,10000.000000000000000
374.000000000000000,10000.000000000000000,374,1,374,3935235,73,,0.0000000,0.0000000,0.0000000,0.0000000,0.0000000,0.0000000,0.0000000,,,0,,,,,,0,10000.000000000000000
375.000000000000000,10000.000000000000000,375,1,375,3935235,73,,0.0000000,0.0000000,0.0000000,0.0000000,0.0000000,0.0000000,0.0000000,,,0,,,,,,0,10000.000000000000000
376.000000000000000,10000.000000000000000,376,1,376,3935235,73,,0.0000000,0.0000000,0.0000000,0.0000000,0.0000000,0.0000000,0.0000000,,,0,,,,,,0,10000.000000000000000
377.000000000000000,10000.000000000000000,377,1,377,3935235,73,,0.0000000,0.0000000,0.0000000,0.0000000,0.0000000,0.0000000,0.0000000,,,0,,,,,,0,10000.000000000000000
378.000000000000000,10000.000000000000000,378,1,378,3935235,73,,0.0000000,0.0000000,0.0000000,0.0000000,0.0000000,0.0000000,0.0000000,,,0,,,,,,0,10000.000000000000000
379.000000000000000,10000.000000000000000,379,1,379,3935737,74,,0.0000000,0.0000000,0.0000000,0.0000000,0.0000000,0.0000000,0.0000000,,,0,,,,,,0,10000.000000000000000
380.000000000000000,10000.000000000000000,380,1,380,3935737,74,,0.0000000,0.0000000,0.0000000,0.0000000,0.0000000,0.0000000,0.0000000,,,0,,,,,,0,10000.000000000000000
381.000000000000000,10000.000000000000000,381,1,381,3935737,74,,0.0000000,0.0000000,0.0000000,0.0000000,0.0000000,0.0000000,0.0000000,,,0,,,,,,0,10000.000000000000000
382.000000000000000,10000.000000000000000,382,1,382,3935737,74,,0.0000000,0.0000000,0.0000000,0.0000000,0.0000000,0.0000000,0.0000000,,,0,,,,,,0,10000.000000000000000
383.000000000000000,10000.000000000000000,383,1,383,3935737,74,,0.0000000,0.0000000,0.0000000,0.0000000,0.0000000,0.0000000,0.0000000,,,0,,,,,,0,10000.000000000000000
384.000000000000000,10000.000000000000000,384,1,384,3936238,75,,0.0000000,0.0000000,0.0000000,0.0000000,0.0000000,0.0000000,0.0000000,,,0,,,,,,0,10000.000000000000000
385.000000000000000,10000.000000000000000,385,1,385,3936238,75,,0.0000000,0.0000000,0.0000000,0.0000000,0.0000000,0.0000000,0.0000000,,,0,,,,,,0,10000.000000000000000
386.000000000000000,10000.000000000000000,386,1,386,3936238,75,,0.0000000,0.0000000,0.0000000,0.0000000,0.0000000,0.0000000,0.0000000,,,0,,,,,,0,10000.000000000000000
387.000000000000000,10000.000000000000000,387,1,387,3936238,75,,0.0000000,0.0000000,0.0000000,0.0000000,0.0000000,0.0000000,0.0000000,,,0,,,,,,0,10000.000000000000000
388.000000000000000,10000.000000000000000,388,1,388,3936238,75,,0.0000000,0.0000000,0.0000000,0.0000000,0.0000000,0.0000000,0.0000000,,,0,,,,,,0,10000.000000000000000
389.000000000000000,10000.000000000000000,389,1,389,3936739,76,,0.0000000,0.0000000,0.0000000,0.0000000,0.0000000,0.0000000,0.0000000,,,0,,,,,,0,10000.000000000000000
390.000000000000000,10000.000000000000000,390,1,390,3936739,76,,0.0000000,0.0000000,0.0000000,0.0000000,0.0000000,0.0000000,0.0000000,,,0,,,,,,0,10000.000000000000000
391.000000000000000,10000.000000000000000,391,1,391,3936739,76,,0.0000000,0.0000000,0.0000000,0.0000000,0.0000000,0.0000000,0.0000000,,,0,,,,,,0,10000.000000000000000
392.000000000000000,10000.000000000000000,392,1,392,3936739,76,,0.0000000,0.0000000,0.0000000,0.0000000,0.0000000,0.0000000,0.0000000,,,0,,,,,,0,10000.000000000000000
393.000000000000000,10000.000000000000000,393,1,393,3936739,76,,0.0000000,0.0000000,0.0000000,0.0000000,0.0000000,0.0000000,0.0000000,,,0,,,,,,0,10000.000000000000000
394.000000000000000,10000.000000000000000,394,1,394,3937239,77,,0.0000000,0.0000000,0.0000000,0.0000000,0.0000000,0.0000000,0.0000000,,,0,,,,,,0,10000.000000000000000
395.000000000000000,10000.000000000000000,395,1,395,3937239,77,,0.0000000,0.0000000,0.0000000,0.0000000,0.0000000,0.0000000,0.0000000,,,0,,,,,,0,10000.000000000000000
396.000000000000000,10000.000000000000000,396,1,396,3937239,77,,0.0000000,0.0000000,0.0000000,0.0000000,0.0000000,0.0000000,0.0000000,,,0,,,,,,0,10000.000000000000000
397.000000000000000,10000.000000000000000,397,1,397,3937239,77,,0.0000000,0.0000000,0.0000000,0.0000000,0.0000000,0.0000000,0.0000000,,,0,,,,,,0,10000.000000000000000
398.000000000000000,10000.000000000000000,398,1,398,3937239,77,,0.0000000,0.0000000,0.0000000,0.0000000,0.0000000,0.0000000,0.0000000,,,0,,,,,,0,10000.000000000000000
399.000000000000000,10000.000000000000000,399,1,399,3937740,78,,0.0000000,0.0000000,0.0000000,0.0000000,0.0000000,0.0000000,0.0000000,,,0,,,,,,0,10000.000000000000000
400.000000000000000,10000.000000000000000,400,1,400,3937740,78,,0.0000000,0.0000000,0.0000000,0.0000000,0.0000000,0.0000000,0.0000000,,,0,,,,,,0,10000.000000000000000
401.000000000000000,10000.000000000000000,401,1,401,3937740,78,,0.0000000,0.0000000,0.0000000,0.0000000,0.0000000,0.0000000,0.0000000,,,0,,,,,,0,10000.000000000000000
402.000000000000000,10000.000000000000000,402,1,402,3937740,78,,0.0000000,0.0000000,0.0000000,0.0000000,0.0000000,0.0000000,0.0000000,,,0,,,,,,0,10000.000000000000000
403.000000000000000,10000.000000000000000,403,1,403,3937740,78,,0.0000000,0.0000000,0.0000000,0.0000000,0.0000000,0.0000000,0.0000000,,,0,,,,,,0,10000.000000000000000
404.000000000000000,10000.000000000000000,404,1,404,3938241,79,,0.0000000,0.0000000,0.0000000,0.0000000,0.0000000,0.0000000,0.0000000,,,0,,,,,,0,10000.000000000000000
405.000000000000000,10000.000000000000000,405,1,405,3938241,79,,0.0000000,0.0000000,0.0000000,0.0000000,0.0000000,0.0000000,0.0000000,,,0,,,,,,0,10000.000000000000000
406.000000000000000,10000.000000000000000,406,1,406,3938241,79,,0.0000000,0.0000000,0.0000000,0.0000000,0.0000000,0.0000000,0.0000000,,,0,,,,,,0,10000.000000000000000
407.000000000000000,10000.000000000000000,407,1,407,3938241,79,,0.0000000,0.0000000,0.0000000,0.0000000,0.0000000,0.0000000,0.0000000,,,0,,,,,,0,10000.000000000000000
408.000000000000000,10000.000000000000000,408,1,408,3938241,79,,0.0000000,0.0000000,0.0000000,0.0000000,0.0000000,0.0000000,0.0000000,,,0,,,,,,0,10000.000000000000000
409.000000000000000,10000.000000000000000,409,1,409,3938742,80,,0.0000000,0.0000000,0.0000000,0.0000000,0.0000000,0.0000000,0.0000000,,,0,,,,,,0,10000.000000000000000
410.000000000000000,10000.000000000000000,410,1,410,3938742,80,,0.0000000,0.0000000,0.0000000,0.0000000,0.0000000,0.0000000,0.0000000,,,0,,,,,,0,10000.000000000000000
411.000000000000000,10000.000000000000000,411,1,411,3938742,80,,0.0000000,0.0000000,0.0000000,0.0000000,0.0000000,0.0000000,0.0000000,,,0,,,,,,0,10000.000000000000000
412.000000000000000,10000.000000000000000,412,1,412,3938742,80,,0.0000000,0.0000000,0.0000000,0.0000000,0.0000000,0.0000000,0.0000000,,,0,,,,,,0,10000.000000000000000
413.000000000000000,10000.000000000000000,413,1,413,3938742,80,,0.0000000,0.0000000,0.0000000,0.0000000,0.0000000,0.0000000,0.0000000,,,0,,,,,,0,10000.000000000000000
414.000000000000000,10000.000000000000000,414,1,414,3939243,81,,0.0000000,0.0000000,0.0000000,0.0000000,0.0000000,0.0000000,0.0000000,,,0,,,,,,0,10000.000000000000000
415.000000000000000,10000.000000000000000,415,1,415,3939243,81,,0.0000000,0.0000000,0.0000000,0.0000000,0.0000000,0.0000000,0.0000000,,,0,,,,,,0,10000.000000000000000
416.000000000000000,10000.000000000000000,416,1,416,3939243,81,,0.0000000,0.0000000,0.0000000,0.0000000,0.0000000,0.0000000,0.0000000,,,0,,,,,,0,10000.000000000000000
417.000000000000000,10000.000000000000000,417,1,417,3939243,81,,0.0000000,0.0000000,0.0000000,0.0000000,0.0000000,0.0000000,0.0000000,,,0,,,,,,0,10000.000000000000000
418.000000000000000,10000.000000000000000,418,1,418,3939243,81,,0.0000000,0.0000000,0.0000000,0.0000000,0.0000000,0.0000000,0.0000000,,,0,,,,,,0,10000.000000000000000
419.000000000000000,10000.000000000000000,419,1,419,3939743,82,,0.0000000,0.0000000,0.0000000,0.0000000,0.0000000,0.0000000,0.0000000,,,0,,,,,,0,10000.000000000000000
420.000000000000000,10000.000000000000000,420,1,420,3939743,82,,0.0000000,0.0000000,0.0000000,0.0000000,0.0000000,0.0000000,0.0000000,,,0,,,,,,0,10000.000000000000000
421.000000000000000,10000.000000000000000,421,1,421,3939743,82,,0.0000000,0.0000000,0.0000000,0.0000000,0.0000000,0.0000000,0.0000000,,,0,,,,,,0,10000.000000000000000
422.000000000000000,10000.000000000000000,422,1,422,3939743,82,,0.0000000,0.0000000,0.0000000,0.0000000,0.0000000,0.0000000,0.0000000,,,0,,,,,,0,10000.000000000000000
423.000000000000000,10000.000000000000000,423,1,423,3939743,82,,0.0000000,0.0000000,0.0000000,0.0000000,0.0000000,0.0000000,0.0000000,,,0,,,,,,0,10000.000000000000000
424.000000000000000,10000.000000000000000,424,1,424,3940244,83,,0.0000000,0.0000000,0.0000000,0.0000000,0.0000000,0.0000000,0.0000000,,,0,,,,,,0,10000.000000000000000
425.000000000000000,10000.000000000000000,425,1,425,3940244,83,,0.0000000,0.0000000,0.0000000,0.0000000,0.0000000,0.0000000,0.0000000,,,0,,,,,,0,10000.000000000000000
426.000000000000000,10000.000000000000000,426,1,426,3940244,83,,0.0000000,0.0000000,0.0000000,0.0000000,0.0000000,0.0000000,0.0000000,,,0,,,,,,0,10000.000000000000000
427.000000000000000,10000.000000000000000,427,1,427,3940244,83,,0.0000000,0.0000000,0.0000000,0.0000000,0.0000000,0.0000000,0.0000000,,,0,,,,,,0,10000.000000000000000
428.000000000000000,10000.000000000000000,428,1,428,3940244,83,,0.0000000,0.0000000,0.0000000,0.0000000,0.0000000,0.0000000,0.0000000,,,0,,,,,,0,10000.000000000000000
429.000000000000000,10000.000000000000000,429,1,429,3940745,84, ,0.0000000,0.0000000,0.0000000,0.0000000,0.0000000,0.0000000,0.0000000,3 - Rodanthe 'S' Curves, ,0, , , ,, ,1,10000.000000000000000
430.000000000000000,10000.000000000000000,430,1,430,3940745,84, ,0.0000000,0.0000000,0.0000000,0.0000000,0.0000000,0.0000000,0.0000000,3 - Rodanthe 'S' Curves, ,0, , , ,, ,1,10000.000000000000000
431.000000000000000,10000.000000000000000,431,1,431,3940745,84, ,0.0000000,0.0000000,0.0000000,0.0000000,0.0000000,0.0000000,0.0000000,3 - Rodanthe 'S' Curves, ,0, , , ,, ,1,10000.000000000000000
432.000000000000000,10000.000000000000000,432,1,432,3940745,84, ,0.0000000,0.0000000,0.0000000,0.0000000,0.0000000,0.0000000,0.0000000,3 - Rodanthe 'S' Curves, ,0, , , ,, ,1,10000.000000000000000
433.000000000000000,10000.000000000000000,433,1,433,3940745,84, ,0.0000000,0.0000000,0.0000000,0.0000000,0.0000000,0.0000000,0.0000000,3 - Rodanthe 'S' Curves, ,0, , , ,, ,1,10000.000000000000000
434.000000000000000,10000.000000000000000,434,1,434,3941246,85, ,0.0000000,0.0000000,0.0000000,0.0000000,0.0000000,0.0000000,0.0000000,3 - Rodanthe 'S' Curves, ,0, , , ,, ,1,10000.000000000000000
435.000000000000000,10000.000000000000000,435,1,435,3941246,85, ,0.0000000,0.0000000,0.0000000,0.0000000,0.0000000,0.0000000,0.0000000,3 - Rodanthe 'S' Curves, ,0, , , ,, ,1,10000.000000000000000
436.000000000000000,10000.000000000000000,436,1,436,3941246,85, ,0.0000000,0.0000000,0.0000000,0.0000000,0.0000000,0.0000000,0.0000000,3 - Rodanthe 'S' Curves, ,0, , , ,, ,1,10000.000000000000000
437.000000000000000,10000.000000000000000,437,1,437,3941246,85, ,0.0000000,0.0000000,0.0000000,0.0000000,0.0000000,0.0000000,0.0000000,3 - Rodanthe 'S' Curves, ,0, , , ,, ,1,10000.000000000000000
438.000000000000000,10000.000000000000000,438,1,438,3941246,85, ,0.0000000,0.0000000,0.0000000,0.0000000,0.0000000,0.0000000,0.0000000,3 - Rodanthe 'S' Curves, ,0, , , ,, ,1,10000.000000000000000
439.000000000000000,10000.000000000000000,439,1,439,3941748,86, ,0.0000000,0.0000000,0.0000000,0.0000000,0.0000000,0.0000000,0.0000000,3 - Rodanthe 'S' Curves, ,0, , , ,, ,1,10000.000000000000000
440.000000000000000,10000.000000000000000,440,1,440,3941748,86, ,0.0000000,0.0000000,0.0000000,0.0000000,0.0000000,0.0000000,0.0000000,3 - Rodanthe 'S' Curves, ,0, , , ,, ,1,10000.000000000000000
441.000000000000000,10000.000000000000000,441,1,441,3941748,86, ,0.0000000,0.0000000,0.0000000,0.0000000,0.0000000,0.0000000,0.0000000,3 - Rodanthe 'S' Curves, ,0, , , ,, ,1,10000.000000000000000
442.000000000000000,10000.000000000000000,442,1,442,3941748,86, ,0.0000000,0.0000000,0.0000000,0.0000000,0.0000000,0.0000000,0.0000000,3 - Rodanthe 'S' Curves, ,0, , , ,, ,1,10000.000000000000000
443.000000000000000,10000.000000000000000,443,1,443,3941748,86, ,0.0000000,0.0000000,0.0000000,0.0000000,0.0000000,0.0000000,0.0000000,3 - Rodanthe 'S' Curves, ,0, , , ,, ,1,10000.000000000000000
444.000000000000000,10000.000000000000000,444,1,444,3942250,87, ,0.0000000,0.0000000,0.0000000,0.0000000,0.0000000,0.0000000,0.0000000,3 - Rodanthe 'S' Curves, ,0, , , ,, ,1,10000.000000000000000
445.000000000000000,10000.000000000000000,445,1,445,3942250,87, ,0.0000000,0.0000000,0.0000000,0.0000000,0.0000000,0.0000000,0.0000000,3 - Rodanthe 'S' Curves, ,0, , , ,, ,1,10000.000000000000000
446.000000000000000,10000.000000000000000,446,1,446,3942250,87, ,0.0000000,0.0000000,0.0000000,0.0000000,0.0000000,0.0000000,0.0000000,3 - Rodanthe 'S' Curves, ,0, , , ,, ,1,10000.000000000000000
447.000000000000000,10000.000000000000000,447,1,447,3942250,87, ,0.0000000,0.0000000,0.0000000,0.0000000,0.0000000,0.0000000,0.0000000,3 - Rodanthe 'S' Curves, ,0, , , ,, ,1,10000.000000000000000
448.000000000000000,10000.000000000000000,448,1,448,3942250,87, ,0.0000000,0.0000000,0.0000000,0.0000000,0.0000000,0.0000000,0.0000000,3 - Rodanthe 'S' Curves, ,0, , , ,, ,1,10000.000000000000000
449.000000000000000,10000.000000000000000,449,1,449,3942752,88, ,0.0000000,0.0000000,0.0000000,0.0000000,0.0000000,0.0000000,0.0000000,3 - Rodanthe 'S' Curves, ,0, , , ,, ,1,10000.000000000000000
450.000000000000000,10000.000000000000000,450,1,450,3942752,88, ,0.0000000,0.0000000,0.0000000,0.0000000,0.0000000,0.0000000,0.0000000,3 - Rodanthe 'S' Curves, ,0, , , ,, ,1,10000.000000000000000
451.000000000000000,10000.000000000000000,451,1,451,3942752,88, ,0.0000000,0.0000000,0.0000000,0.0000000,0.0000000,0.0000000,0.0000000,3 - Rodanthe 'S' Curves, ,0, , , ,, ,1,10000.000000000000000
452.000000000000000,10000.000000000000000,452,1,452,3942752,88, ,0.0000000,0.0000000,0.0000000,0.0000000,0.0000000,0.0000000,0.0000000,3 - Rodanthe 'S' Curves, ,0, , , ,, ,1,10000.000000000000000
453.000000000000000,10000.000000000000000,453,1,453,3942752,88, ,0.0000000,0.0000000,0.0000000,0.0000000,0.0000000,0.0000000,0.0000000,3 - Rodanthe 'S' Curves, ,0, , , ,, ,1,10000.000000000000000
454.000000000000000,10000.000000000000000,454,1,454,3943255,89,,0.0000000,0.0000000,0.0000000,0.0000000,0.0000000,0.0000000,0.0000000,,,0,,,,,,0,10000.000000000000000
455.000000000000000,10000.000000000000000,455,1,455,3943255,89,,0.0000000,0.0000000,0.0000000,0.0000000,0.0000000,0.0000000,0.0000000,,,0,,,,,,0,10000.000000000000000
456.000000000000000,10000.000000000000000,456,1,456,3943255,89,,0.0000000,0.0000000,0.0000000,0.0000000,0.0000000,0.0000000,0.0000000,,,0,,,,,,0,10000.000000000000000
457.000000000000000,10000.000000000000000,457,1,457,3943255,89,,0.0000000,0.0000000,0.0000000,0.0000000,0.0000000,0.0000000,0.0000000,,,0,,,,,,0,10000.000000000000000
458.000000000000000,10000.000000000000000,458,1,458,3943255,89,,0.0000000,0.0000000,0.0000000,0.0000000,0.0000000,0.0000000,0.0000000,,,0,,,,,,0,10000.000000000000000
459.000000000000000,10000.000000000000000,459,1,459,3943757,90, ,0.0000000,0.0000000,0.0000000,0.0000000,0.0000000,0.0000000,0.0000000, , ,0, , , ,,Hannah last domain,0,10000.000000000000000
460.000000000000000,10000.000000000000000,460,1,460,3943757,90, ,0.0000000,0.0000000,0.0000000,0.0000000,0.0000000,0.0000000,0.0000000, , ,0, , , ,,Hannah last domain,0,10000.000000000000000
461.000000000000000,10000.000000000000000,461,1,461,3943757,90, ,0.0000000,0.0000000,0.0000000,0.0000000,0.0000000,0.0000000,0.0000000, , ,0, , , ,,Hannah last domain,0,10000.000000000000000
462.000000000000000,10000.000000000000000,462,1,462,3943757,90, ,0.0000000,0.0000000,0.0000000,0.0000000,0.0000000,0.0000000,0.0000000, , ,0, , , ,,Hannah last domain,0,10000.000000000000000
463.000000000000000,10000.000000000000000,463,1,463,3943757,90, ,0.0000000,0.0000000,0.0000000,0.0000000,0.0000000,0.0000000,0.0000000, , ,0, , , ,,Hannah last domain,0,10000.000000000000000
464.000000000000000,10000.000000000000000,464,0,464,,,,,,,,,,,,,,,,,,,,10000.000000000000000
465.000000000000000,10000.000000000000000,465,0,465,,,,,,,,,,,,,,,,,,,,10000.000000000000000
466.000000000000000,10000.000000000000000,466,0,466,,,,,,,,,,,,,,,,,,,,10000.000000000000000
467.000000000000000,10000.000000000000000,467,0,467,,,,,,,,,,,,,,,,,,,,10000.000000000000000
468.000000000000000,10000.000000000000000,468,0,468,,,,,,,,,,,,,,,,,,,,10000.000000000000000
469.000000000000000,10000.000000000000000,469,0,469,,,,,,,,,,,,,,,,,,,,10000.000000000000000
470.000000000000000,10000.000000000000000,470,0,470,,,,,,,,,,,,,,,,,,,,10000.000000000000000
471.000000000000000,10000.000000000000000,471,0,471,,,,,,,,,,,,,,,,,,,,10000.000000000000000
472.000000000000000,10000.000000000000000,472,0,472,,,,,,,,,,,,,,,,,,,,10000.000000000000000
473.000000000000000,10000.000000000000000,473,0,473,,,,,,,,,,,,,,,,,,,,10000.000000000000000
474.000000000000000,10000.000000000000000,474,0,474,,,,,,,,,,,,,,,,,,,,10000.000000000000000
475.000000000000000,10000.000000000000000,475,0,475,,,,,,,,,,,,,,,,,,,,10000.000000000000000
476.000000000000000,10000.000000000000000,476,0,476,,,,,,,,,,,,,,,,,,,,10000.000000000000000
477.000000000000000,10000.000000000000000,477,0,477,,,,,,,,,,,,,,,,,,,,10000.000000000000000
478.000000000000000,10000.000000000000000,478,0,478,,,,,,,,,,,,,,,,,,,,10000.000000000000000
479.000000000000000,10000.000000000000000,479,0,479,,,,,,,,,,,,,,,,,,,,10000.000000000000000
480.000000000000000,10000.000000000000000,480,0,480,,,,,,,,,,,,,,,,,,,,10000.000000000000000
481.000000000000000,10000.000000000000000,481,0,481,,,,,,,,,,,,,,,,,,,,10000.000000000000000
482.000000000000000,10000.000000000000000,482,0,482,,,,,,,,,,,,,,,,,,,,10000.000000000000000
483.000000000000000,10000.000000000000000,483,0,483,,,,,,,,,,,,,,,,,,,,10000.000000000000000
484.000000000000000,10000.000000000000000,484,0,484,,,,,,,,,,,,,,,,,,,,10000.000000000000000
485.000000000000000,10000.000000000000000,485,0,485,,,,,,,,,,,,,,,,,,,,10000.000000000000000
486.000000000000000,10000.000000000000000,486,0,486,,,,,,,,,,,,,,,,,,,,10000.000000000000000
487.000000000000000,10000.000000000000000,487,0,487,,,,,,,,,,,,,,,,,,,,10000.000000000000000
488.000000000000000,10000.000000000000000,488,0,488,,,,,,,,,,,,,,,,,,,,10000.000000000000000
489.000000000000000,10000.000000000000000,489,0,489,,,,,,,,,,,,,,,,,,,,10000.000000000000000
490.000000000000000,10000.000000000000000,490,0,490,,,,,,,,,,,,,,,,,,,,10000.000000000000000
491.000000000000000,10000.000000000000000,491,0,491,,,,,,,,,,,,,,,,,,,,10000.000000000000000
492.000000000000000,10000.000000000000000,492,0,492,,,,,,,,,,,,,,,,,,,,10000.000000000000000
493.000000000000000,10000.000000000000000,493,0,493,,,,,,,,,,,,,,,,,,,,10000.000000000000000
494.000000000000000,10000.000000000000000,494,0,494,,,,,,,,,,,,,,,,,,,,10000.000000000000000
495.000000000000000,10000.000000000000000,495,0,495,,,,,,,,,,,,,,,,,,,,10000.000000000000000
496.000000000000000,10000.000000000000000,496,0,496,,,,,,,,,,,,,,,,,,,,10000.000000000000000
497.000000000000000,10000.000000000000000,497,0,497,,,,,,,,,,,,,,,,,,,,10000.000000000000000
498.000000000000000,10000.000000000000000,498,0,498,,,,,,,,,,,,,,,,,,,,10000.000000000000000
499.000000000000000,10000.000000000000000,499,0,499,,,,,,,,,,,,,,,,,,,,10000.000000000000000
500.000000000000000,10000.000000000000000,500,0,500,,,,,,,,,,,,,,,,,,,,10000.000000000000000
501.000000000000000,10000.000000000000000,501,0,501,,,,,,,,,,,,,,,,,,,,10000.000000000000000
502.000000000000000,10000.000000000000000,502,0,502,,,,,,,,,,,,,,,,,,,,10000.000000000000000
503.000000000000000,10000.000000000000000,503,0,503,,,,,,,,,,,,,,,,,,,,10000.000000000000000
504.000000000000000,10000.000000000000000,504,0,504,,,,,,,,,,,,,,,,,,,,10000.000000000000000
505.000000000000000,10000.000000000000000,505,0,505,,,,,,,,,,,,,,,,,,,,10000.000000000000000
506.000000000000000,10000.000000000000000,506,0,506,,,,,,,,,,,,,,,,,,,,10000.000000000000000
507.000000000000000,10000.000000000000000,507,0,507,,,,,,,,,,,,,,,,,,,,10000.000000000000000
508.000000000000000,10000.000000000000000,508,0,508,,,,,,,,,,,,,,,,,,,,10000.000000000000000
509.000000000000000,10000.000000000000000,509,0,509,,,,,,,,,,,,,,,,,,,,10000.000000000000000
510.000000000000000,10000.000000000000000,510,0,510,,,,,,,,,,,,,,,,,,,,10000.000000000000000
511.000000000000000,10000.000000000000000,511,0,511,,,,,,,,,,,,,,,,,,,,10000.000000000000000
512.000000000000000,10000.000000000000000,512,0,512,,,,,,,,,,,,,,,,,,,,10000.000000000000000
513.000000000000000,10000.000000000000000,513,0,513,,,,,,,,,,,,,,,,,,,,10000.000000000000000
514.000000000000000,10000.000000000000000,514,0,514,,,,,,,,,,,,,,,,,,,,10000.000000000000000
515.000000000000000,10000.000000000000000,515,0,515,,,,,,,,,,,,,,,,,,,,10000.000000000000000
516.000000000000000,10000.000000000000000,516,0,516,,,,,,,,,,,,,,,,,,,,10000.000000000000000
517.000000000000000,10000.000000000000000,517,0,517,,,,,,,,,,,,,,,,,,,,10000.000000000000000
518.000000000000000,10000.000000000000000,518,0,518,,,,,,,,,,,,,,,,,,,,10000.000000000000000
519.000000000000000,10000.000000000000000,519,0,519,,,,,,,,,,,,,,,,,,,,10000.000000000000000
520.000000000000000,10000.000000000000000,520,0,520,,,,,,,,,,,,,,,,,,,,10000.000000000000000
521.000000000000000,10000.000000000000000,521,0,521,,,,,,,,,,,,,,,,,,,,10000.000000000000000
522.000000000000000,10000.000000000000000,522,0,522,,,,,,,,,,,,,,,,,,,,10000.000000000000000
523.000000000000000,10000.000000000000000,523,0,523,,,,,,,,,,,,,,,,,,,,10000.000000000000000
524.000000000000000,10000.000000000000000,524,0,524,,,,,,,,,,,,,,,,,,,,10000.000000000000000
525.000000000000000,10000.000000000000000,525,0,525,,,,,,,,,,,,,,,,,,,,10000.000000000000000
526.000000000000000,10000.000000000000000,526,0,526,,,,,,,,,,,,,,,,,,,,10000.000000000000000
527.000000000000000,10000.000000000000000,527,0,527,,,,,,,,,,,,,,,,,,,,10000.000000000000000
528.000000000000000,10000.000000000000000,528,0,528,,,,,,,,,,,,,,,,,,,,10000.000000000000000
529.000000000000000,10000.000000000000000,529,0,529,,,,,,,,,,,,,,,,,,,,10000.000000000000000
530.000000000000000,10000.000000000000000,530,0,530,,,,,,,,,,,,,,,,,,,,10000.000000000000000
531.000000000000000,10000.000000000000000,531,0,531,,,,,,,,,,,,,,,,,,,,10000.000000000000000
532.000000000000000,10000.000000000000000,532,0,532,,,,,,,,,,,,,,,,,,,,10000.000000000000000
533.000000000000000,10000.000000000000000,533,0,533,,,,,,,,,,,,,,,,,,,,10000.000000000000000
534.000000000000000,10000.000000000000000,534,0,534,,,,,,,,,,,,,,,,,,,,10000.000000000000000
535.000000000000000,10000.000000000000000,535,0,535,,,,,,,,,,,,,,,,,,,,10000.000000000000000
536.000000000000000,10000.000000000000000,536,0,536,,,,,,,,,,,,,,,,,,,,10000.000000000000000
537.000000000000000,10000.000000000000000,537,0,537,,,,,,,,,,,,,,,,,,,,10000.000000000000000
538.000000000000000,10000.000000000000000,538,0,538,,,,,,,,,,,,,,,,,,,,10000.000000000000000
539.000000000000000,10000.000000000000000,539,0,539,,,,,,,,,,,,,,,,,,,,10000.000000000000000
540.000000000000000,10000.000000000000000,540,0,540,,,,,,,,,,,,,,,,,,,,10000.000000000000000
541.000000000000000,10000.000000000000000,541,0,541,,,,,,,,,,,,,,,,,,,,10000.000000000000000
542.000000000000000,10000.000000000000000,542,0,542,,,,,,,,,,,,,,,,,,,,10000.000000000000000
543.000000000000000,10000.000000000000000,543,0,543,,,,,,,,,,,,,,,,,,,,10000.000000000000000
544.000000000000000,10000.000000000000000,544,0,544,,,,,,,,,,,,,,,,,,,,10000.000000000000000
545.000000000000000,10000.000000000000000,545,0,545,,,,,,,,,,,,,,,,,,,,10000.000000000000000
546.000000000000000,10000.000000000000000,546,0,546,,,,,,,,,,,,,,,,,,,,10000.000000000000000
547.000000000000000,10000.000000000000000,547,0,547,,,,,,,,,,,,,,,,,,,,10000.000000000000000
548.000000000000000,10000.000000000000000,548,0,548,,,,,,,,,,,,,,,,,,,,10000.000000000000000
549.000000000000000,10000.000000000000000,549,0,549,,,,,,,,,,,,,,,,,,,,10000.000000000000000
550.000000000000000,10000.000000000000000,550,0,550,,,,,,,,,,,,,,,,,,,,10000.000000000000000
551.000000000000000,10000.000000000000000,551,0,551,,,,,,,,,,,,,,,,,,,,10000.000000000000000
552.000000000000000,10000.000000000000000,552,0,552,,,,,,,,,,,,,,,,,,,,10000.000000000000000
553.000000000000000,10000.000000000000000,553,0,553,,,,,,,,,,,,,,,,,,,,10000.000000000000000
554.000000000000000,10000.000000000000000,554,0,554,,,,,,,,,,,,,,,,,,,,10000.000000000000000
555.000000000000000,10000.000000000000000,555,0,555,,,,,,,,,,,,,,,,,,,,10000.000000000000000
556.000000000000000,10000.000000000000000,556,0,556,,,,,,,,,,,,,,,,,,,,10000.000000000000000
557.000000000000000,10000.000000000000000,557,0,557,,,,,,,,,,,,,,,,,,,,10000.000000000000000
558.000000000000000,10000.000000000000000,558,0,558,,,,,,,,,,,,,,,,,,,,10000.000000000000000
559.000000000000000,10000.000000000000000,559,0,559,,,,,,,,,,,,,,,,,,,,10000.000000000000000
560.000000000000000,10000.000000000000000,560,0,560,,,,,,,,,,,,,,,,,,,,10000.000000000000000
561.000000000000000,10000.000000000000000,561,0,561,,,,,,,,,,,,,,,,,,,,10000.000000000000000
562.000000000000000,10000.000000000000000,562,0,562,,,,,,,,,,,,,,,,,,,,10000.000000000000000
563.000000000000000,10000.000000000000000,563,0,563,,,,,,,,,,,,,,,,,,,,10000.000000000000000
564.000000000000000,10000.000000000000000,564,0,564,,,,,,,,,,,,,,,,,,,,10000.000000000000000
565.000000000000000,10000.000000000000000,565,0,565,,,,,,,,,,,,,,,,,,,,10000.000000000000000
566.000000000000000,10000.000000000000000,566,0,566,,,,,,,,,,,,,,,,,,,,10000.000000000000000
567.000000000000000,10000.000000000000000,567,0,567,,,,,,,,,,,,,,,,,,,,10000.000000000000000
568.000000000000000,10000.000000000000000,568,0,568,,,,,,,,,,,,,,,,,,,,10000.000000000000000
569.000000000000000,10000.000000000000000,569,0,569,,,,,,,,,,,,,,,,,,,,10000.000000000000000
570.000000000000000,10000.000000000000000,570,0,570,,,,,,,,,,,,,,,,,,,,10000.000000000000000
571.000000000000000,10000.000000000000000,571,0,571,,,,,,,,,,,,,,,,,,,,10000.000000000000000
572.000000000000000,10000.000000000000000,572,0,572,,,,,,,,,,,,,,,,,,,,10000.000000000000000
573.000000000000000,10000.000000000000000,573,0,573,,,,,,,,,,,,,,,,,,,,10000.000000000000000
574.000000000000000,10000.000000000000000,574,0,574,,,,,,,,,,,,,,,,,,,,10000.000000000000000
575.000000000000000,10000.000000000000000,575,0,575,,,,,,,,,,,,,,,,,,,,10000.000000000000000
576.000000000000000,10000.000000000000000,576,0,576,,,,,,,,,,,,,,,,,,,,10000.000000000000000
577.000000000000000,10000.000000000000000,577,0,577,,,,,,,,,,,,,,,,,,,,10000.000000000000000
578.000000000000000,10000.000000000000000,578,0,578,,,,,,,,,,,,,,,,,,,,10000.000000000000000
579.000000000000000,10000.000000000000000,579,0,579,,,,,,,,,,,,,,,,,,,,10000.000000000000000
580.000000000000000,10000.000000000000000,580,0,580,,,,,,,,,,,,,,,,,,,,10000.000000000000000
581.000000000000000,10000.000000000000000,581,0,581,,,,,,,,,,,,,,,,,,,,10000.000000000000000
582.000000000000000,10000.000000000000000,582,0,582,,,,,,,,,,,,,,,,,,,,10000.000000000000000
583.000000000000000,10000.000000000000000,583,0,583,,,,,,,,,,,,,,,,,,,,10000.000000000000000
584.000000000000000,10000.000000000000000,584,0,584,,,,,,,,,,,,,,,,,,,,10000.000000000000000
585.000000000000000,10000.000000000000000,585,0,585,,,,,,,,,,,,,,,,,,,,10000.000000000000000
586.000000000000000,10000.000000000000000,586,0,586,,,,,,,,,,,,,,,,,,,,10000.000000000000000
587.000000000000000,10000.000000000000000,587,0,587,,,,,,,,,,,,,,,,,,,,10000.000000000000000
588.000000000000000,10000.000000000000000,588,0,588,,,,,,,,,,,,,,,,,,,,10000.000000000000000
589.000000000000000,10000.000000000000000,589,0,589,,,,,,,,,,,,,,,,,,,,10000.000000000000000
590.000000000000000,10000.000000000000000,590,0,590,,,,,,,,,,,,,,,,,,,,10000.000000000000000
591.000000000000000,10000.000000000000000,591,0,591,,,,,,,,,,,,,,,,,,,,10000.000000000000000
592.000000000000000,10000.000000000000000,592,0,592,,,,,,,,,,,,,,,,,,,,10000.000000000000000
593.000000000000000,10000.000000000000000,593,0,593,,,,,,,,,,,,,,,,,,,,10000.000000000000000
594.000000000000000,10000.000000000000000,594,0,594,,,,,,,,,,,,,,,,,,,,10000.000000000000000
595.000000000000000,10000.000000000000000,595,0,595,,,,,,,,,,,,,,,,,,,,10000.000000000000000
596.000000000000000,10000.000000000000000,596,0,596,,,,,,,,,,,,,,,,,,,,10000.000000000000000
597.000000000000000,10000.000000000000000,597,0,597,,,,,,,,,,,,,,,,,,,,10000.000000000000000
598.000000000000000,10000.000000000000000,598,0,598,,,,,,,,,,,,,,,,,,,,10000.000000000000000
599.000000000000000,10000.000000000000000,599,0,599,,,,,,,,,,,,,,,,,,,,10000.000000000000000
600.000000000000000,10000.000000000000000,600,0,600,,,,,,,,,,,,,,,,,,,,10000.000000000000000
601.000000000000000,10000.000000000000000,601,0,601,,,,,,,,,,,,,,,,,,,,10000.000000000000000
602.000000000000000,10000.000000000000000,602,0,602,,,,,,,,,,,,,,,,,,,,10000.000000000000000
603.000000000000000,10000.000000000000000,603,0,603,,,,,,,,,,,,,,,,,,,,10000.000000000000000
604.000000000000000,10000.000000000000000,604,0,604,,,,,,,,,,,,,,,,,,,,10000.000000000000000
605.000000000000000,10000.000000000000000,605,0,605,,,,,,,,,,,,,,,,,,,,10000.000000000000000
606.000000000000000,10000.000000000000000,606,0,606,,,,,,,,,,,,,,,,,,,,10000.000000000000000
607.000000000000000,10000.000000000000000,607,0,607,,,,,,,,,,,,,,,,,,,,10000.000000000000000
608.000000000000000,10000.000000000000000,608,0,608,,,,,,,,,,,,,,,,,,,,10000.000000000000000
609.000000000000000,10000.000000000000000,609,0,609,,,,,,,,,,,,,,,,,,,,10000.000000000000000
610.000000000000000,10000.000000000000000,610,0,610,,,,,,,,,,,,,,,,,,,,10000.000000000000000
611.000000000000000,10000.000000000000000,611,0,611,,,,,,,,,,,,,,,,,,,,10000.000000000000000
612.000000000000000,10000.000000000000000,612,0,612,,,,,,,,,,,,,,,,,,,,10000.000000000000000
613.000000000000000,10000.000000000000000,613,0,613,,,,,,,,,,,,,,,,,,,,10000.000000000000000
614.000000000000000,10000.000000000000000,614,0,614,,,,,,,,,,,,,,,,,,,,10000.000000000000000
615.000000000000000,10000.000000000000000,615,0,615,,,,,,,,,,,,,,,,,,,,10000.000000000000000
616.000000000000000,10000.000000000000000,616,0,616,,,,,,,,,,,,,,,,,,,,10000.000000000000000
617.000000000000000,10000.000000000000000,617,0,617,,,,,,,,,,,,,,,,,,,,10000.000000000000000
618.000000000000000,10000.000000000000000,618,0,618,,,,,,,,,,,,,,,,,,,,10000.000000000000000
619.000000000000000,10000.000000000000000,619,0,619,,,,,,,,,,,,,,,,,,,,10000.000000000000000
620.000000000000000,10000.000000000000000,620,0,620,,,,,,,,,,,,,,,,,,,,10000.000000000000000
621.000000000000000,10000.000000000000000,621,0,621,,,,,,,,,,,,,,,,,,,,10000.000000000000000
622.000000000000000,10000.000000000000000,622,0,622,,,,,,,,,,,,,,,,,,,,10000.000000000000000
