domain,number_of_samples,road_1984_length_m,mean_relocation_m,median_relocation_m,minimum_relocation_m,maximum_relocation_m,std_relocation_m,mean_signed_landward_m,median_signed_landward_m,landward_fraction,sign_agreement,coincident_fraction,oblique_fraction,classification,flags
8,239,1188.623387258726,2.4468931311327413,1.0273863482013483,0.0,56.59883182366377,7.297257466971674,1.512907535958145,-0.8053478155960172,0.4578313253012048,0.5421686746987953,0.3054393305439331,0.6736401673640168,relocated,ROADS_CROSS;OBLIQUE_SIGN
9,103,507.78632765781737,13.798040822716567,10.631356851143988,0.0,34.71619860563882,12.546928580887643,17.97479768385311,18.057725747487048,1.0,1.0,0.23300970873786409,0.0,relocated,
10,103,508.4013955756679,46.92372301151031,47.80040594088928,34.95678151063378,59.422894098526186,6.5889138885558225,46.92372301151031,47.80040594088928,1.0,1.0,0.0,0.0,relocated,
11,103,509.3538500437917,77.07311306507242,78.5098281008458,60.03001164817293,82.87693766676225,5.507461489405637,77.07311306507242,78.5098281008458,1.0,1.0,0.0,0.0,relocated,
12,102,503.58088428036285,68.39231658798096,68.52369361934433,61.52418642475959,75.3093987314558,3.8632409217400907,68.39231658798096,68.52369361934433,1.0,1.0,0.0,0.0,relocated,
13,102,503.4945325924682,50.92743521437591,51.733664040429,37.20282657962591,61.48747740748723,7.484718278674186,50.92743521437591,51.733664040429,1.0,1.0,0.0,0.0,relocated,
14,102,503.98284238791246,24.684022596276257,25.192872355050852,12.512581963232963,37.06368220539134,7.067223857265683,24.684022596276257,25.192872355050852,1.0,1.0,0.0,0.0,relocated,
15,103,508.02259205465367,4.006541873313475,3.318782416691717,0.15211222047581563,12.226015268117637,3.3255360208492957,1.7756789149428527,-0.9539069231528617,0.4444444444444444,0.5555555555555556,0.038834951456310676,0.0,relocated,ROADS_CROSS
16,103,506.0260321166544,1.652424958601721,1.7855950271906795,0.4699834514482916,3.141883244716632,0.7166988364566971,-1.6755569051999095,-1.8254749442123763,0.0,1.0,0.019417475728155338,0.0,redigitized,REDIGITIZED
17,102,503.80737258547964,0.9568625045761726,0.9918780626631692,0.5641610986737512,1.3315323574572895,0.17715371803202243,-0.9568625045761726,-0.9918780626631692,0.0,1.0,0.0,0.0,redigitized,REDIGITIZED
18,102,503.9746987608292,0.4936972262317503,0.5173232351356867,0.0,1.3077279066485994,0.4582563693360774,-0.8843745238884652,-0.8758521262481753,0.0,1.0,0.4803921568627451,0.0,redigitized,REDIGITIZED
19,104,514.0054491037628,1.163565400753301,0.4770779177831731,0.0,3.190073303407144,1.2226122033990743,2.2520473777479926,2.4880133042389576,1.0,1.0,0.5096153846153846,0.0,redigitized,REDIGITIZED
20,104,512.2970419737412,2.0571478044844227,1.953655109717706,1.668677808182394,3.245559406875906,0.34820425313587644,2.0571478044844227,1.953655109717706,1.0,1.0,0.0,0.0,redigitized,REDIGITIZED
21,102,503.7889122217848,1.6126682793949942,1.6100158172088022,0.8796829319603635,2.438019735796071,0.4721785777885569,1.6126682793949942,1.6100158172088022,1.0,1.0,0.0,0.0,redigitized,REDIGITIZED
22,102,503.96532222988543,0.24156762540506513,0.06218010530085162,0.0,0.8912784387457792,0.29409721830514063,0.7024738677586592,0.702473867722446,1.0,1.0,0.7647058823529411,0.0,redigitized,REDIGITIZED
23,104,512.2173091913706,2.630538522050931e-11,0.0,0.0,5.820766091346741e-11,2.896897739848878e-11,,,,,1.0,0.0,no_edit,NO_EDIT
24,104,512.5535642338455,0.3902491735503229,5.820766091346741e-11,0.0,1.1788736480979567,0.5124054266209781,-1.0697524384208401,-1.1676122464226628,0.0,1.0,0.6538461538461539,0.0,redigitized,REDIGITIZED
25,103,509.5932305253348,0.7443455176317715,0.8226403855913738,0.0,1.3500583313455408,0.44220984744447117,-0.9976975745578487,-1.1362287086967802,0.0,1.0,0.3106796116504854,0.0,redigitized,REDIGITIZED
26,102,502.0174067203449,0.7145734488662382,0.820131399449959,0.012960687771602229,1.3666188747558983,0.3518107717702654,-0.9099748047508095,-0.8750648631751509,0.0,1.0,0.29411764705882354,0.0,redigitized,REDIGITIZED
27,102,503.19840756869763,0.08912584977784178,0.0,0.0,0.7426988930774323,0.20761491960360104,-0.6293779048252623,-0.6284283739132572,0.0,1.0,0.8921568627450981,0.0,redigitized,REDIGITIZED
28,104,513.3802343040178,2.7984452362243947e-11,0.0,0.0,5.820766091346741e-11,2.9082295988038444e-11,,,,,1.0,0.0,no_edit,NO_EDIT
29,104,513.1582213440839,2.5186007126019552e-11,0.0,0.0,5.820766091346741e-11,2.8838925215819197e-11,,,,,1.0,0.0,no_edit,NO_EDIT
30,104,512.964770611277,3.358134283469273e-11,5.820766091346741e-11,0.0,5.820766091346741e-11,2.8757343934367863e-11,,,,,1.0,0.0,no_edit,NO_EDIT
31,106,520.8879632411335,3.075121708636014e-11,5.820766091346741e-11,0.0,5.820766091346741e-11,2.9057168901096136e-11,,,,,1.0,0.0,no_edit,NO_EDIT
32,105,515.5739221995447,2.3283064365386964e-11,0.0,0.0,5.820766091346741e-11,2.851581367178795e-11,,,,,1.0,0.0,no_edit,NO_EDIT
33,103,508.1045801041047,2.2604916859598993e-11,0.0,0.0,5.820766091346741e-11,2.836894550932899e-11,,,,,1.0,0.0,no_edit,NO_EDIT
34,104,510.4130430802942,2.2947250937040035e-11,0.0,0.0,5.820766091346741e-11,2.8445201280215774e-11,,,,,1.0,0.0,no_edit,NO_EDIT
35,104,513.1025119940749,2.630538522050931e-11,0.0,0.0,1.1641532182693481e-10,3.007254615213312e-11,,,,,1.0,0.0,no_edit,NO_EDIT
36,104,513.0473311825331,2.2947250937040035e-11,0.0,0.0,5.820766091346741e-11,2.8445201280215774e-11,,,,,1.0,0.0,no_edit,NO_EDIT
37,104,513.1871474667182,2.5186007126019552e-11,0.0,0.0,5.820766091346741e-11,2.8838925215819197e-11,,,,,1.0,0.0,no_edit,NO_EDIT
38,104,513.0516141554117,2.7424763314999066e-11,0.0,0.0,5.820766091346741e-11,2.905535545795039e-11,,,,,1.0,0.0,no_edit,NO_EDIT
39,103,507.102823607637,2.0344425173639094e-11,0.0,0.0,5.820766091346741e-11,2.7754382831199725e-11,,,,,1.0,0.0,no_edit,NO_EDIT
40,102,501.56682580601847,1.3695920214933507e-11,0.0,0.0,5.820766091346741e-11,2.469067129980327e-11,,,,,1.0,0.0,no_edit,NO_EDIT
41,102,501.59796069561423,5.7066334228889614e-12,0.0,0.0,5.820766091346741e-11,1.7309076180251418e-11,,,,,1.0,0.0,no_edit,NO_EDIT
42,102,501.52549389993726,9.130613476622338e-12,0.0,0.0,5.820766091346741e-11,2.116845650300681e-11,,,,,1.0,0.0,no_edit,NO_EDIT
43,102,501.079126859736,0.5934825393123291,0.749631325794329,0.0,1.2146168422043955,0.4112576268280237,-0.8874266769878323,-0.8558534555146528,0.0,1.0,0.38235294117647056,0.0,redigitized,REDIGITIZED
44,102,501.1268281572251,0.7843151828700259,0.7671892906746622,0.6514092298645558,0.954184462979942,0.09171146956261207,-0.7843151828700259,-0.7671892906746622,0.0,1.0,0.0,0.0,redigitized,REDIGITIZED
45,102,501.13694204357597,1.061297881662781,1.0615648398361157,0.9419257946552512,1.1751435729557198,0.06674178554761157,-1.061297881662781,-1.0615648398361157,0.0,1.0,0.0,0.0,redigitized,REDIGITIZED
46,102,501.1956116082111,0.610729515915054,0.6969902128710057,0.013103424665385627,0.9399884672550533,0.2504800969440404,-0.17641093362269733,-0.6984912717999935,0.4189189189189189,0.5810810810810811,0.27450980392156865,0.0,redigitized,REDIGITIZED
47,102,501.0637831486873,0.14436538673098046,0.0015010651235299502,0.0,0.5744594166340259,0.1870626816251078,0.5401719794583236,0.5401719794659714,1.0,1.0,0.9313725490196079,0.0,no_edit,NO_EDIT
48,102,501.06719517381777,1.0842603503489027e-11,0.0,0.0,5.820766091346741e-11,2.2661874093207527e-11,,,,,1.0,0.0,no_edit,NO_EDIT
49,102,501.08225862804125,9.701276818911234e-12,0.0,0.0,5.820766091346741e-11,2.169271443562844e-11,,,,,1.0,0.0,no_edit,NO_EDIT
50,102,501.06816007893076,9.701276818911234e-12,0.0,0.0,5.820766091346741e-11,2.169271443562844e-11,,,,,1.0,0.0,no_edit,NO_EDIT
51,102,501.07711932460194,4.565306738311169e-12,0.0,0.0,5.820766091346741e-11,1.564908307137243e-11,,,,,1.0,0.0,no_edit,NO_EDIT
52,102,501.78373396595333,1.1413266845777923e-11,0.0,0.0,5.820766091346741e-11,2.3110103988970445e-11,,,,,1.0,0.0,no_edit,NO_EDIT
53,102,502.9492084313433,1.6549236926377988e-11,0.0,0.0,5.820766091346741e-11,2.6256715875026156e-11,,,,,1.0,0.0,no_edit,NO_EDIT
54,102,502.95806371116726,1.3125256872644612e-11,0.0,0.0,5.820766091346741e-11,2.4325257110093426e-11,,,,,1.0,0.0,no_edit,NO_EDIT
55,102,502.98328053272434,1.2554593530355716e-11,0.0,0.0,5.820766091346741e-11,2.394067050875784e-11,,,,,1.0,0.0,no_edit,NO_EDIT
56,102,502.9336012028708,9.130613476622338e-12,0.0,0.0,5.820766091346741e-11,2.116845650300681e-11,,,,,1.0,0.0,no_edit,NO_EDIT
57,102,502.96362850431956,1.48372468995113e-11,0.0,0.0,5.820766091346741e-11,2.5367253317201915e-11,,,,,1.0,0.0,no_edit,NO_EDIT
58,102,502.9339792709849,1.4266583557222403e-11,0.0,0.0,5.820766091346741e-11,2.5037752528876125e-11,,,,,1.0,0.0,no_edit,NO_EDIT
59,102,502.9984571213864,1.769056361095578e-11,0.0,0.0,5.820766091346741e-11,2.677256594279612e-11,,,,,1.0,0.0,no_edit,NO_EDIT
60,102,503.9387421227666,2.2255870349266948e-11,0.0,0.0,5.820766091346741e-11,2.8286717547655547e-11,,,,,1.0,0.0,no_edit,NO_EDIT
61,103,507.3128016876339,2.3170039781088967e-11,0.0,0.0,5.820766091346741e-11,2.849250911155302e-11,,,,,1.0,0.0,no_edit,NO_EDIT
62,103,507.21869440769467,1.5823441801719295e-11,0.0,0.0,5.820766091346741e-11,2.589718564682396e-11,,,,,1.0,0.0,no_edit,NO_EDIT
63,103,507.215575204302,2.0344425173639094e-11,0.0,0.0,5.820766091346741e-11,2.7754382831199725e-11,,,,,1.0,0.0,no_edit,NO_EDIT
64,103,507.28086876351165,2.0344425173639094e-11,0.0,0.0,5.820766091346741e-11,2.7754382831199725e-11,,,,,1.0,0.0,no_edit,NO_EDIT
65,103,507.2837579880394,2.4300285624068916e-11,0.0,0.0,5.820766091346741e-11,2.870468436152677e-11,,,,,1.0,0.0,no_edit,NO_EDIT
66,103,507.293858038361,1.6953687644699244e-11,0.0,0.0,5.820766091346741e-11,2.6446303652901427e-11,,,,,1.0,0.0,no_edit,NO_EDIT
67,102,504.3144563906019,1.0271940161200131e-11,0.0,0.0,5.820766091346741e-11,2.2189926884766625e-11,,,,,1.0,0.0,no_edit,NO_EDIT
68,103,505.83051384604045,1.7518810566189218e-11,0.0,0.0,5.820766091346741e-11,2.6698694001579716e-11,,,,,1.0,0.0,no_edit,NO_EDIT
69,106,523.9083053059301,2.8005572703649413e-11,0.0,0.0,5.820766091346741e-11,2.9083101230131742e-11,,,,,1.0,0.0,no_edit,NO_EDIT
70,110,543.335126519974,4.180368374694477e-11,5.820766091346741e-11,0.0,1.1641532182693481e-10,3.608005869314664e-11,,,,,1.0,0.0,no_edit,NO_EDIT
71,103,505.7685178541606,9.607089665329573e-12,0.0,0.0,1.1641532182693481e-10,2.3080273233740783e-11,,,,,1.0,0.0,no_edit,NO_EDIT
72,102,500.0551618586452,1.7119900268666884e-12,0.0,0.0,5.820766091346741e-11,9.834633959584015e-12,,,,,1.0,0.0,no_edit,NO_EDIT
73,102,500.05499490042706,1.1413266845777923e-12,0.0,0.0,5.820766091346741e-11,8.070398382141166e-12,,,,,1.0,0.0,no_edit,NO_EDIT
74,102,504.62263209325044,9.701276818911234e-12,0.0,0.0,5.820766091346741e-11,2.169271443562844e-11,,,,,1.0,0.0,no_edit,NO_EDIT
75,104,511.2402925966288,2.4066629031529792e-11,0.0,0.0,5.820766091346741e-11,2.8664604463627682e-11,,,,,1.0,0.0,no_edit,NO_EDIT
76,102,501.4527209294804,8.559950134333443e-12,0.0,0.0,5.820766091346741e-11,2.0615089826464398e-11,,,,,1.0,0.0,no_edit,NO_EDIT
77,102,500.0191623466808,1.7119900268666884e-12,0.0,0.0,5.820766091346741e-11,9.834633959584016e-12,,,,,1.0,0.0,no_edit,NO_EDIT
78,102,500.0405843919471,1.7119900268666884e-12,0.0,0.0,5.820766091346741e-11,9.834633959584015e-12,,,,,1.0,0.0,no_edit,NO_EDIT
79,104,511.45347866576407,2.4626318078774672e-11,0.0,0.0,5.820766091346741e-11,2.8757343934367863e-11,,,,,1.0,0.0,no_edit,NO_EDIT
80,102,501.3101668033596,7.41862344975565e-12,0.0,0.0,5.820766091346741e-11,1.941094393167963e-11,,,,,1.0,0.0,no_edit,NO_EDIT
81,106,523.0156401031579,2.7456443827107268e-11,0.0,0.0,5.820766091346741e-11,2.9057168901096136e-11,,,,,1.0,0.0,no_edit,NO_EDIT
82,104,510.19059494137406,1.3432537133877095e-11,0.0,0.0,5.820766091346741e-11,2.452434530916759e-11,,,,,1.0,0.0,no_edit,NO_EDIT
83,102,500.00337534403275,0.011276826872527094,0.0,0.0,0.3318192181573111,0.0542792272918994,,,,,1.0,0.0,no_edit,NO_EDIT
84,102,500.12944131949763,39.10478808554178,32.38121510484119,0.34411639282486367,99.72151949397167,32.70458736133936,39.87915380132471,33.5647499560027,1.0,1.0,0.0196078431372549,0.0,relocated,
85,106,521.4212607159097,108.74330284572585,109.2054898780319,93.23050966143397,123.74780597734147,10.858947856175792,108.74330284572585,109.2054898780319,1.0,1.0,0.0,0.0,relocated,
86,104,513.2493941267151,93.68702029231018,100.91081690662205,46.83025860469176,114.95333583845124,20.43807917299019,93.68702029231018,100.91081690662205,1.0,1.0,0.0,0.0,relocated,
87,107,529.1427705217885,11.849073408200034,5.170862702399666,0.003400673534356635,46.342860579555385,13.8894125706378,17.522922126241088,14.622315747851296,1.0,1.0,0.32710280373831774,0.0,relocated,
88,105,519.643952513722,0.01654082956283755,5.820766091346741e-11,0.0,0.18474273303758879,0.04665815958591775,,,,,1.0,0.0,no_edit,NO_EDIT
89,102,504.27595233612095,1.5978573584089094e-11,0.0,0.0,5.820766091346741e-11,2.5976154051002154e-11,,,,,1.0,0.0,no_edit,NO_EDIT
90,102,504.9366311213826,1.3695920214933507e-11,0.0,0.0,5.820766091346741e-11,2.469067129980327e-11,,,,,1.0,0.0,no_edit,NO_EDIT
