transect_id,domain_number,match_method,lrr_m_yr,r_squared,p_value,unc_m_yr,n_obs,start_date,end_date
usa_NC_0032_0021,1.0,point_in_polygon,-3.1173,0.4713,0.0,0.408,256,1984-09-21,2004-12-17
usa_NC_0032_0022,1.0,point_in_polygon,-3.4789,0.5105,0.0,0.4235,253,1984-09-21,2004-12-17
usa_NC_0032_0023,1.0,point_in_polygon,-3.6936,0.5124,0.0,0.4488,252,1984-09-21,2004-12-17
usa_NC_0032_0024,1.0,point_in_polygon,-3.8589,0.5317,0.0,0.4502,253,1984-09-21,2004-12-17
usa_NC_0032_0025,1.0,point_in_polygon,-4.1028,0.5538,0.0,0.456,255,1984-09-21,2004-12-17
usa_NC_0032_0026,1.0,point_in_polygon,-4.4744,0.5986,0.0,0.4564,252,1984-09-21,2004-12-17
usa_NC_0032_0027,1.0,point_in_polygon,-4.7457,0.6223,0.0,0.4614,251,1984-09-21,2004-12-17
usa_NC_0032_0028,1.0,point_in_polygon,-4.906,0.6443,0.0,0.455,251,1984-09-21,2004-12-17
usa_NC_0032_0029,1.0,point_in_polygon,-5.085,0.6544,0.0,0.466,246,1984-09-21,2004-12-17
usa_NC_0032_0030,2.0,point_in_polygon,-5.1039,0.6804,0.0,0.4402,247,1984-09-21,2004-12-17
usa_NC_0032_0031,2.0,point_in_polygon,-5.0636,0.6633,0.0,0.454,247,1984-09-21,2004-12-17
usa_NC_0032_0032,2.0,point_in_polygon,-5.0344,0.6433,0.0,0.4718,247,1984-09-21,2004-12-17
usa_NC_0032_0033,2.0,point_in_polygon,-4.9954,0.6014,0.0,0.5117,247,1984-09-21,2004-12-17
usa_NC_0032_0034,2.0,point_in_polygon,-4.8307,0.5567,0.0,0.5414,248,1984-09-21,2004-12-17
usa_NC_0032_0035,2.0,point_in_polygon,-4.871,0.5546,0.0,0.5471,249,1984-09-21,2004-12-17
usa_NC_0032_0036,2.0,point_in_polygon,-4.8371,0.5515,0.0,0.5467,249,1984-09-21,2004-12-17
usa_NC_0032_0037,2.0,point_in_polygon,-4.7125,0.5392,0.0,0.5505,245,1984-09-21,2004-12-17
usa_NC_0032_0038,2.0,point_in_polygon,-4.5115,0.5157,0.0,0.5524,245,1984-09-21,2004-12-17
usa_NC_0032_0039,2.0,point_in_polygon,-4.4484,0.5167,0.0,0.5425,246,1984-09-21,2004-12-17
usa_NC_0032_0040,2.0,point_in_polygon,-4.3675,0.5207,0.0,0.5251,249,1984-09-21,2004-12-17
usa_NC_0032_0041,3.0,point_in_polygon,-4.3616,0.5405,0.0,0.5009,252,1984-09-21,2004-12-17
usa_NC_0032_0042,3.0,point_in_polygon,-4.5733,0.5605,0.0,0.5106,246,1984-09-21,2004-12-17
usa_NC_0032_0043,3.0,point_in_polygon,-4.7272,0.5998,0.0,0.4973,236,1984-09-21,2004-12-17
usa_NC_0032_0044,3.0,point_in_polygon,-4.8283,0.6182,0.0,0.4919,233,1984-09-21,2004-12-17
usa_NC_0032_0045,3.0,point_in_polygon,-4.9465,0.6485,0.0,0.4742,231,1984-09-21,2004-12-17
usa_NC_0032_0046,3.0,point_in_polygon,-4.9827,0.654,0.0,0.4699,233,1984-09-21,2004-12-17
usa_NC_0032_0047,3.0,point_in_polygon,-5.0296,0.6676,0.0,0.4591,234,1984-09-21,2004-12-17
usa_NC_0032_0048,3.0,point_in_polygon,-4.8875,0.6277,0.0,0.4786,242,1984-09-21,2004-12-17
usa_NC_0032_0049,3.0,point_in_polygon,-4.7281,0.6075,0.0,0.4802,245,1984-09-21,2004-12-17
usa_NC_0032_0050,3.0,point_in_polygon,-4.6248,0.5907,0.0,0.4855,246,1984-09-21,2004-12-17
usa_NC_0032_0051,4.0,point_in_polygon,-4.6038,0.5819,0.0,0.4881,250,1984-09-21,2004-12-17
usa_NC_0032_0052,4.0,point_in_polygon,-4.5832,0.5792,0.0,0.4866,252,1984-09-21,2004-12-17
usa_NC_0032_0053,4.0,point_in_polygon,-4.4875,0.569,0.0,0.4865,252,1984-09-21,2004-12-17
usa_NC_0032_0054,4.0,point_in_polygon,-4.3468,0.5461,0.0,0.4926,253,1984-09-21,2004-12-17
usa_NC_0032_0055,4.0,point_in_polygon,-4.2015,0.5274,0.0,0.4954,252,1984-09-21,2004-12-17
usa_NC_0032_0056,4.0,point_in_polygon,-4.0946,0.5181,0.0,0.4909,253,1984-09-21,2004-12-17
usa_NC_0032_0057,4.0,point_in_polygon,-3.9445,0.4955,0.0,0.4938,254,1984-09-21,2004-12-17
usa_NC_0032_0058,4.0,point_in_polygon,-3.7948,0.4759,0.0,0.494,254,1984-09-21,2004-12-17
usa_NC_0032_0059,4.0,point_in_polygon,-3.6539,0.4531,0.0,0.5,252,1984-09-21,2004-12-17
usa_NC_0032_0060,4.0,point_in_polygon,-3.5415,0.4373,0.0,0.5004,252,1984-09-21,2004-12-17
usa_NC_0032_0061,4.0,point_in_polygon,-3.5091,0.4374,0.0,0.4967,251,1984-09-21,2004-12-17
usa_NC_0032_0062,4.0,point_in_polygon,-3.5042,0.4521,0.0,0.4786,254,1984-09-21,2004-12-17
usa_NC_0032_0063,4.0,point_in_polygon,-3.4707,0.4594,0.0,0.4652,256,1984-09-21,2004-12-17
usa_NC_0032_0064,5.0,point_in_polygon,-3.48,0.4762,0.0,0.4519,255,1984-09-21,2004-12-17
usa_NC_0032_0065,5.0,point_in_polygon,-3.537,0.5,0.0,0.4397,253,1984-09-21,2004-12-17
usa_NC_0032_0066,5.0,point_in_polygon,-3.4104,0.4765,0.0,0.4462,251,1984-09-21,2004-12-17
usa_NC_0032_0067,5.0,point_in_polygon,-3.1184,0.4039,0.0,0.4709,253,1984-09-21,2004-12-17
usa_NC_0032_0068,5.0,point_in_polygon,-2.8209,0.3456,0.0,0.4835,252,1984-09-21,2004-12-17
usa_NC_0032_0069,5.0,point_in_polygon,-2.4641,0.2566,0.0,0.5224,252,1984-09-21,2004-12-17
usa_NC_0032_0070,5.0,point_in_polygon,-2.2113,0.2124,0.0,0.5304,252,1984-09-21,2004-12-17
usa_NC_0032_0071,5.0,point_in_polygon,-1.9863,0.178,0.0,0.5317,252,1984-09-21,2004-12-17
usa_NC_0032_0072,5.0,point_in_polygon,-1.8918,0.1581,0.0,0.5426,253,1984-09-21,2004-12-17
usa_NC_0032_0073,5.0,point_in_polygon,-1.6117,0.1243,0.0,0.5297,255,1984-09-21,2004-12-17
usa_NC_0032_0074,5.0,point_in_polygon,-1.5437,0.124,0.0,0.5059,257,1984-09-21,2004-12-17
usa_NC_0032_0075,5.0,point_in_polygon,-1.5121,0.117,0.0,0.5082,261,1984-09-21,2004-12-17
usa_NC_0032_0076,5.0,point_in_polygon,-1.2421,0.0989,0.0,0.4653,254,1984-09-21,2004-12-17
usa_NC_0032_0077,6.0,point_in_polygon,-1.5237,0.1449,0.0,0.4659,247,1984-09-21,2004-12-17
usa_NC_0032_0078,6.0,point_in_polygon,-0.7773,0.1115,6.7e-05,0.3734,137,1984-09-21,2004-12-17
usa_NC_0032_0079,6.0,point_in_polygon,-0.4853,0.0494,0.000267,0.2586,265,1984-09-21,2004-12-17
usa_NC_0032_0080,6.0,point_in_polygon,-1.3531,0.2841,0.0,0.2618,263,1984-09-21,2004-12-17
usa_NC_0032_0081,6.0,point_in_polygon,-1.89,0.4311,0.0,0.2626,267,1984-09-21,2004-12-17
usa_NC_0032_0082,6.0,point_in_polygon,-2.2826,0.5351,0.0,0.2603,261,1984-09-21,2004-12-17
usa_NC_0032_0083,7.0,point_in_polygon,-2.3012,0.5664,0.0,0.2478,258,1984-09-21,2004-12-17
usa_NC_0032_0084,7.0,point_in_polygon,-2.1953,0.5306,0.0,0.2562,254,1984-09-21,2004-12-17
usa_NC_0032_0085,7.0,point_in_polygon,-2.2267,0.5778,0.0,0.2333,260,1984-09-21,2004-12-17
usa_NC_0032_0086,7.0,point_in_polygon,-2.0288,0.5446,0.0,0.2274,260,1984-09-21,2004-12-17
usa_NC_0032_0088,8.0,point_in_polygon,-1.812,0.4587,0.0,0.2409,261,1984-09-21,2004-12-17
usa_NC_0032_0089,8.0,point_in_polygon,-1.6646,0.4271,0.0,0.2364,260,1984-09-21,2004-12-17
usa_NC_0032_0090,8.0,point_in_polygon,-1.6685,0.4674,0.0,0.2197,257,1984-09-21,2004-12-17
usa_NC_0032_0091,8.0,point_in_polygon,-1.6055,0.4374,0.0,0.2237,259,1984-09-21,2004-12-17
usa_NC_0032_0092,8.0,point_in_polygon,-1.653,0.4662,0.0,0.2168,260,1984-09-21,2004-12-17
usa_NC_0032_0093,8.0,point_in_polygon,-1.7294,0.5048,0.0,0.2104,259,1984-09-21,2004-12-17
usa_NC_0032_0094,8.0,point_in_polygon,-1.7829,0.4987,0.0,0.22,258,1984-09-21,2004-12-17
usa_NC_0032_0095,8.0,point_in_polygon,-1.698,0.4617,0.0,0.2266,256,1984-09-21,2004-12-17
usa_NC_0032_0096,9.0,point_in_polygon,-1.67,0.4633,0.0,0.2217,257,1984-09-21,2004-12-17
usa_NC_0032_0097,9.0,point_in_polygon,-1.8201,0.5041,0.0,0.2235,255,1984-09-21,2004-12-17
usa_NC_0032_0098,9.0,point_in_polygon,-1.9307,0.5406,0.0,0.2204,255,1984-09-21,2004-12-17
usa_NC_0032_0099,9.0,point_in_polygon,-2.0298,0.5644,0.0,0.2203,256,1984-09-21,2004-12-17
usa_NC_0032_0100,9.0,point_in_polygon,-2.1407,0.5627,0.0,0.2341,254,1984-09-21,2004-12-17
usa_NC_0032_0101,9.0,point_in_polygon,-2.1893,0.6272,0.0,0.2082,257,1984-09-21,2004-12-17
usa_NC_0032_0102,9.0,point_in_polygon,-2.2777,0.6215,0.0,0.2184,259,1984-09-21,2004-12-17
usa_NC_0032_0103,9.0,point_in_polygon,-2.5049,0.6575,0.0,0.2239,255,1984-09-21,2004-12-17
usa_NC_0032_0104,9.0,point_in_polygon,-2.649,0.676,0.0,0.2266,256,1984-09-21,2004-12-17
usa_NC_0032_0105,10.0,point_in_polygon,-2.5843,0.6332,0.0,0.2426,257,1984-09-21,2004-12-17
usa_NC_0032_0106,10.0,point_in_polygon,-2.5727,0.6151,0.0,0.251,257,1984-09-21,2004-12-17
usa_NC_0032_0107,10.0,point_in_polygon,-2.6205,0.6189,0.0,0.2531,258,1984-09-21,2004-12-17
usa_NC_0032_0108,10.0,point_in_polygon,-2.7797,0.6375,0.0,0.2585,257,1984-09-21,2004-12-17
usa_NC_0032_0109,10.0,point_in_polygon,-2.8116,0.6945,0.0,0.2323,252,1984-09-21,2004-12-17
usa_NC_0032_0110,10.0,point_in_polygon,-2.791,0.6932,0.0,0.2313,252,1984-09-21,2004-12-17
usa_NC_0032_0111,10.0,point_in_polygon,-2.8663,0.6626,0.0,0.2532,255,1984-09-21,2004-12-17
usa_NC_0032_0112,10.0,point_in_polygon,-2.8302,0.6545,0.0,0.2551,254,1984-09-21,2004-12-17
usa_NC_0032_0113,10.0,point_in_polygon,-2.7761,0.6568,0.0,0.251,250,1984-09-21,2004-12-17
usa_NC_0032_0114,10.0,point_in_polygon,-2.7341,0.6493,0.0,0.2513,250,1984-09-21,2004-12-17
usa_NC_0032_0115,11.0,point_in_polygon,-2.8199,0.6604,0.0,0.2571,242,1984-09-21,2004-12-17
usa_NC_0032_0116,11.0,point_in_polygon,-2.9018,0.6953,0.0,0.2469,237,1984-09-21,2004-12-17
usa_NC_0032_0117,11.0,point_in_polygon,-2.9147,0.711,0.0,0.2398,235,1984-09-21,2004-12-17
usa_NC_0032_0118,11.0,point_in_polygon,-3.0493,0.7318,0.0,0.2388,234,1984-09-21,2004-12-17
usa_NC_0032_0119,11.0,point_in_polygon,-3.0021,0.7357,0.0,0.2313,237,1984-09-21,2004-12-17
usa_NC_0032_0120,11.0,point_in_polygon,-2.9753,0.7354,0.0,0.2288,238,1984-09-21,2004-12-17
usa_NC_0032_0121,11.0,point_in_polygon,-3.0672,0.7347,0.0,0.2269,258,1984-09-21,2004-12-17
usa_NC_0032_0122,11.0,point_in_polygon,-3.0332,0.7421,0.0,0.221,256,1984-09-21,2004-12-17
usa_NC_0032_0123,11.0,point_in_polygon,-2.9922,0.7389,0.0,0.2202,255,1984-09-21,2004-12-17
usa_NC_0032_0124,11.0,point_in_polygon,-2.8583,0.7101,0.0,0.2252,257,1984-09-21,2004-12-17
usa_NC_0032_0125,12.0,point_in_polygon,-2.6365,0.6621,0.0,0.2318,258,1984-09-21,2004-12-17
usa_NC_0032_0126,12.0,point_in_polygon,-2.5246,0.637,0.0,0.2345,258,1984-09-21,2004-12-17
usa_NC_0032_0127,12.0,point_in_polygon,-2.4074,0.63,0.0,0.2361,239,1984-09-21,2004-12-17
usa_NC_0032_0128,12.0,point_in_polygon,-2.3841,0.6452,0.0,0.2272,237,1984-09-21,2004-12-17
usa_NC_0032_0129,12.0,point_in_polygon,-2.4704,0.657,0.0,0.2223,252,1984-09-21,2004-12-17
usa_NC_0032_0130,12.0,point_in_polygon,-2.3562,0.6479,0.0,0.2151,255,1984-09-21,2004-12-17
usa_NC_0032_0131,12.0,point_in_polygon,-2.3277,0.6429,0.0,0.2148,255,1984-09-21,2004-12-17
usa_NC_0032_0132,12.0,point_in_polygon,-2.2454,0.5892,0.0,0.2326,254,1984-09-21,2004-12-17
usa_NC_0032_0133,12.0,point_in_polygon,-2.1275,0.5482,0.0,0.2406,252,1984-09-21,2004-12-17
usa_NC_0032_0134,12.0,point_in_polygon,-1.9968,0.5271,0.0,0.2356,252,1984-09-21,2004-12-17
usa_NC_0032_0135,13.0,point_in_polygon,-1.9791,0.5272,0.0,0.2344,250,1984-09-21,2004-12-17
usa_NC_0032_0136,13.0,point_in_polygon,-1.8973,0.5108,0.0,0.2337,247,1984-09-21,2004-12-17
usa_NC_0032_0137,13.0,point_in_polygon,-1.8436,0.5261,0.0,0.2193,249,1984-09-21,2004-12-17
usa_NC_0032_0138,13.0,point_in_polygon,-1.8275,0.5353,0.0,0.2134,249,1984-09-21,2004-12-17
usa_NC_0032_0139,13.0,point_in_polygon,-1.6586,0.4821,0.0,0.2124,256,1984-09-21,2004-12-17
usa_NC_0032_0140,13.0,point_in_polygon,-1.6287,0.4825,0.0,0.2084,256,1984-09-21,2004-12-17
usa_NC_0032_0141,13.0,point_in_polygon,-1.6694,0.5051,0.0,0.2034,258,1984-09-21,2004-12-17
usa_NC_0032_0142,13.0,point_in_polygon,-1.6762,0.4864,0.0,0.212,258,1984-09-21,2004-12-17
usa_NC_0032_0143,13.0,point_in_polygon,-1.6772,0.4733,0.0,0.2186,256,1984-09-21,2004-12-17
usa_NC_0032_0144,13.0,point_in_polygon,-1.573,0.4371,0.0,0.2201,257,1984-09-21,2004-12-17
usa_NC_0032_0145,13.0,point_in_polygon,-1.4787,0.3954,0.0,0.2264,255,1984-09-21,2004-12-17
usa_NC_0032_0146,14.0,point_in_polygon,-1.389,0.3491,0.0,0.2348,255,1984-09-21,2004-12-17
usa_NC_0032_0147,14.0,point_in_polygon,-1.1861,0.2601,0.0,0.2467,257,1984-09-21,2004-12-17
usa_NC_0032_0148,14.0,point_in_polygon,-1.0369,0.2098,0.0,0.2492,255,1984-09-21,2004-12-17
usa_NC_0032_0149,14.0,point_in_polygon,-0.9972,0.1867,0.0,0.2582,254,1984-09-21,2004-12-17
usa_NC_0032_0150,14.0,point_in_polygon,-0.9092,0.1486,0.0,0.2684,257,1984-09-21,2004-12-17
usa_NC_0032_0151,14.0,point_in_polygon,-0.7402,0.1051,0.0,0.2669,256,1984-09-21,2004-12-17
usa_NC_0032_0152,14.0,point_in_polygon,-0.5508,0.0554,0.000147,0.2814,255,1984-09-21,2004-12-17
usa_NC_0032_0153,14.0,point_in_polygon,-0.3274,0.0196,0.025991,0.2879,253,1984-09-21,2004-12-17
usa_NC_0032_0154,14.0,point_in_polygon,-0.2359,0.0115,0.089216,0.2723,253,1984-09-21,2004-12-17
usa_NC_0032_0155,14.0,point_in_polygon,-0.1698,0.0058,0.228729,0.2771,251,1984-09-21,2004-12-17
usa_NC_0032_0156,15.0,point_in_polygon,-0.1057,0.0022,0.462694,0.2831,250,1984-09-21,2004-12-17
usa_NC_0032_0157,15.0,point_in_polygon,-0.1685,0.0059,0.224262,0.2723,250,1984-09-21,2004-12-17
usa_NC_0032_0158,15.0,point_in_polygon,-0.121,0.0033,0.365107,0.2627,249,1984-09-21,2004-12-17
usa_NC_0032_0159,15.0,point_in_polygon,-0.0419,0.0004,0.752926,0.262,252,1984-09-21,2004-12-17
usa_NC_0032_0160,15.0,point_in_polygon,0.0861,0.0017,0.51622,0.2609,253,1984-09-21,2004-12-17
usa_NC_0032_0161,15.0,point_in_polygon,0.0901,0.0017,0.510873,0.2695,253,1984-09-21,2004-12-17
usa_NC_0032_0162,15.0,point_in_polygon,0.1816,0.0071,0.181975,0.2672,252,1984-09-21,2004-12-17
usa_NC_0032_0163,15.0,point_in_polygon,0.2934,0.0175,0.034757,0.2723,255,1984-09-21,2004-12-17
usa_NC_0032_0164,15.0,point_in_polygon,0.3881,0.0312,0.004618,0.2674,256,1984-09-21,2004-12-17
usa_NC_0032_0165,15.0,point_in_polygon,0.4655,0.043,0.000819,0.2707,257,1984-09-21,2004-12-17
usa_NC_0032_0166,16.0,point_in_polygon,0.4518,0.0402,0.001201,0.2716,258,1984-09-21,2004-12-17
usa_NC_0032_0167,16.0,point_in_polygon,0.5394,0.0684,2.2e-05,0.2456,257,1984-09-21,2004-12-17
usa_NC_0032_0168,16.0,point_in_polygon,0.6617,0.1081,0.0,0.2348,256,1984-09-21,2004-12-17
usa_NC_0032_0169,16.0,point_in_polygon,0.748,0.1203,0.0,0.2494,257,1984-09-21,2004-12-17
usa_NC_0032_0170,16.0,point_in_polygon,0.8769,0.1528,0.0,0.2547,257,1984-09-21,2004-12-17
usa_NC_0032_0171,16.0,point_in_polygon,0.8859,0.1632,0.0,0.2483,255,1984-09-21,2004-12-17
usa_NC_0032_0172,16.0,point_in_polygon,1.012,0.1849,0.0,0.2647,252,1984-09-21,2004-12-17
usa_NC_0032_0173,16.0,point_in_polygon,1.1231,0.2107,0.0,0.2713,251,1984-09-21,2004-12-17
usa_NC_0032_0174,16.0,point_in_polygon,0.988,0.1723,0.0,0.272,248,1984-09-21,2004-12-17
usa_NC_0032_0175,16.0,point_in_polygon,0.9772,0.1671,0.0,0.274,248,1984-09-21,2004-12-17
usa_NC_0032_0176,17.0,point_in_polygon,0.9155,0.1526,0.0,0.2715,247,1984-09-21,2004-12-17
usa_NC_0032_0177,17.0,point_in_polygon,0.7665,0.116,0.0,0.2662,247,1984-09-21,2004-12-17
usa_NC_0032_0178,17.0,point_in_polygon,0.7006,0.101,0.0,0.263,247,1984-09-21,2004-12-17
usa_NC_0032_0179,17.0,point_in_polygon,0.5879,0.0744,1.2e-05,0.2587,251,1984-09-21,2004-12-17
usa_NC_0032_0180,17.0,point_in_polygon,0.5247,0.0599,8.1e-05,0.2579,254,1984-09-21,2004-12-17
usa_NC_0032_0181,17.0,point_in_polygon,0.3912,0.0333,0.003794,0.2637,250,1984-09-21,2004-12-17
usa_NC_0032_0182,17.0,point_in_polygon,0.2756,0.0169,0.039829,0.2626,250,1984-09-21,2004-12-17
usa_NC_0032_0183,17.0,point_in_polygon,0.2016,0.009,0.131612,0.2625,253,1984-09-21,2004-12-17
usa_NC_0032_0184,17.0,point_in_polygon,0.0684,0.0011,0.603487,0.2589,253,1984-09-21,2004-12-17
usa_NC_0032_0185,17.0,point_in_polygon,-0.0221,0.0001,0.863429,0.2526,255,1984-09-21,2004-12-17
usa_NC_0032_0186,18.0,point_in_polygon,-0.0639,0.001,0.616967,0.2514,257,1984-09-21,2004-12-17
usa_NC_0032_0187,18.0,point_in_polygon,-0.128,0.0041,0.310783,0.2483,254,1984-09-21,2004-12-17
usa_NC_0032_0188,18.0,point_in_polygon,-0.1543,0.006,0.217744,0.2459,257,1984-09-21,2004-12-17
usa_NC_0032_0189,18.0,point_in_polygon,-0.1255,0.0037,0.33083,0.2537,256,1984-09-21,2004-12-17
usa_NC_0032_0190,18.0,point_in_polygon,-0.1285,0.0039,0.323395,0.2558,254,1984-09-21,2004-12-17
usa_NC_0032_0191,18.0,point_in_polygon,-0.1009,0.0026,0.416068,0.2439,252,1984-09-21,2004-12-17
usa_NC_0032_0192,18.0,point_in_polygon,-0.0524,0.0006,0.695607,0.2637,255,1984-09-21,2004-12-17
usa_NC_0032_0193,18.0,point_in_polygon,-0.01,0.0,0.940327,0.2618,255,1984-09-21,2004-12-17
usa_NC_0032_0194,18.0,point_in_polygon,0.048,0.0006,0.697072,0.2424,253,1984-09-21,2004-12-17
usa_NC_0032_0195,18.0,point_in_polygon,0.0309,0.0003,0.802812,0.2435,251,1984-09-21,2004-12-17
usa_NC_0032_0196,19.0,point_in_polygon,0.0567,0.0007,0.671315,0.2631,252,1984-09-21,2004-12-17
usa_NC_0032_0197,19.0,point_in_polygon,-0.0134,0.0,0.919848,0.2625,252,1984-09-21,2004-12-17
usa_NC_0032_0198,19.0,point_in_polygon,0.0146,0.0,0.912708,0.2614,253,1984-09-21,2004-12-17
usa_NC_0032_0199,19.0,point_in_polygon,0.0272,0.0002,0.841504,0.2674,255,1984-09-21,2004-12-17
usa_NC_0032_0200,19.0,point_in_polygon,-0.0575,0.0007,0.666329,0.2622,252,1984-09-21,2004-12-17
usa_NC_0032_0201,19.0,point_in_polygon,-0.1333,0.0041,0.312269,0.2594,253,1984-09-21,2004-12-17
usa_NC_0032_0202,19.0,point_in_polygon,-0.1,0.0019,0.487913,0.2835,253,1984-09-21,2004-12-17
usa_NC_0032_0203,19.0,point_in_polygon,-0.063,0.0007,0.664343,0.2855,254,1984-09-21,2004-12-17
usa_NC_0032_0204,19.0,point_in_polygon,0.0067,0.0,0.962473,0.2806,253,1984-09-21,2004-12-17
usa_NC_0032_0205,19.0,point_in_polygon,0.002,0.0,0.988658,0.2827,254,1984-09-21,2004-12-17
usa_NC_0032_0206,20.0,point_in_polygon,-0.1089,0.0023,0.441277,0.2782,255,1984-09-21,2004-12-17
usa_NC_0032_0207,20.0,point_in_polygon,-0.1458,0.0039,0.322256,0.2896,254,1984-09-21,2004-12-17
usa_NC_0032_0208,20.0,point_in_polygon,0.0005,0.0,0.997197,0.2976,253,1984-09-21,2004-12-17
usa_NC_0032_0209,20.0,point_in_polygon,0.1584,0.0044,0.294076,0.2967,255,1984-09-21,2004-12-17
usa_NC_0032_0210,20.0,point_in_polygon,0.3463,0.0203,0.023652,0.2996,252,1984-09-21,2004-12-17
usa_NC_0032_0211,20.0,point_in_polygon,0.4459,0.032,0.004409,0.3056,252,1984-09-21,2004-12-17
usa_NC_0032_0212,20.0,point_in_polygon,0.5584,0.0498,0.000347,0.3032,253,1984-09-21,2004-12-17
usa_NC_0032_0213,20.0,point_in_polygon,0.7116,0.0795,5e-06,0.3016,252,1984-09-21,2004-12-17
usa_NC_0032_0214,20.0,point_in_polygon,0.804,0.0949,1e-06,0.308,254,1984-09-21,2004-12-17
usa_NC_0033_0001,20.0,point_in_polygon,0.7995,0.0968,0.0,0.3043,252,1984-09-21,2004-12-17
usa_NC_0033_0002,21.0,point_in_polygon,0.9664,0.1366,0.0,0.3008,255,1984-09-21,2004-12-17
usa_NC_0033_0003,21.0,point_in_polygon,1.0907,0.1642,0.0,0.3047,255,1984-09-21,2004-12-17
usa_NC_0033_0004,21.0,point_in_polygon,1.1065,0.1684,0.0,0.3033,257,1984-09-21,2004-12-17
usa_NC_0033_0005,21.0,point_in_polygon,1.0411,0.1507,0.0,0.3036,259,1984-09-21,2004-12-17
usa_NC_0033_0006,21.0,point_in_polygon,1.0575,0.1677,0.0,0.2911,256,1984-09-21,2004-12-17
usa_NC_0033_0007,21.0,point_in_polygon,0.9315,0.1337,0.0,0.2936,255,1984-09-21,2004-12-17
usa_NC_0033_0008,21.0,point_in_polygon,0.6897,0.0869,2e-06,0.2758,257,1984-09-21,2004-12-17
usa_NC_0033_0009,21.0,point_in_polygon,0.511,0.0515,0.000245,0.2705,257,1984-09-21,2004-12-17
usa_NC_0033_0010,21.0,point_in_polygon,0.4526,0.0443,0.000697,0.2596,256,1984-09-21,2004-12-17
usa_NC_0033_0011,21.0,point_in_polygon,0.4533,0.0492,0.000347,0.2462,256,1984-09-21,2004-12-17
usa_NC_0033_0012,21.0,point_in_polygon,0.377,0.0331,0.003637,0.2529,254,1984-09-21,2004-12-17
usa_NC_0033_0013,22.0,point_in_polygon,0.2977,0.0203,0.023585,0.2574,252,1984-09-21,2004-12-17
usa_NC_0033_0014,22.0,point_in_polygon,0.1559,0.0057,0.226821,0.2533,259,1984-09-21,2004-12-17
usa_NC_0033_0015,22.0,point_in_polygon,-0.0491,0.0006,0.701887,0.2525,257,1984-09-21,2004-12-17
usa_NC_0033_0016,22.0,point_in_polygon,-0.2014,0.009,0.128733,0.2602,257,1984-09-21,2004-12-17
usa_NC_0033_0017,22.0,point_in_polygon,-0.3634,0.0275,0.007835,0.267,256,1984-09-21,2004-12-17
usa_NC_0033_0018,22.0,point_in_polygon,-0.4354,0.0396,0.001393,0.2653,255,1984-09-21,2004-12-17
usa_NC_0033_0019,22.0,point_in_polygon,-0.5566,0.0665,2.9e-05,0.2576,256,1984-09-21,2004-12-17
usa_NC_0033_0020,22.0,point_in_polygon,-0.6542,0.0849,2e-06,0.2649,257,1984-09-21,2004-12-17
usa_NC_0033_0021,22.0,point_in_polygon,-0.7511,0.107,0.0,0.2676,257,1984-09-21,2004-12-17
usa_NC_0033_0022,22.0,point_in_polygon,-0.7991,0.1198,0.0,0.2656,260,1984-09-21,2004-12-17
usa_NC_0033_0023,23.0,point_in_polygon,-0.8585,0.1441,0.0,0.2545,264,1984-09-21,2004-12-17
usa_NC_0033_0024,23.0,point_in_polygon,-0.9254,0.16,0.0,0.2599,260,1984-09-21,2004-12-17
usa_NC_0033_0025,23.0,point_in_polygon,-0.9413,0.1475,0.0,0.278,259,1984-09-21,2004-12-17
usa_NC_0033_0026,23.0,point_in_polygon,-0.9581,0.1578,0.0,0.2719,259,1984-09-21,2004-12-17
usa_NC_0033_0027,23.0,point_in_polygon,-0.8933,0.1375,0.0,0.2748,259,1984-09-21,2004-12-17
usa_NC_0033_0028,23.0,point_in_polygon,-0.9303,0.1485,0.0,0.2725,261,1984-09-21,2004-12-17
usa_NC_0033_0029,23.0,point_in_polygon,-0.8814,0.1311,0.0,0.2771,262,1984-09-21,2004-12-17
usa_NC_0033_0030,23.0,point_in_polygon,-0.8916,0.144,0.0,0.2665,260,1984-09-21,2004-12-17
usa_NC_0033_0031,23.0,point_in_polygon,-0.921,0.1475,0.0,0.272,259,1984-09-21,2004-12-17
usa_NC_0033_0032,23.0,point_in_polygon,-0.9001,0.1458,0.0,0.2692,256,1984-09-21,2004-12-17
usa_NC_0033_0033,24.0,point_in_polygon,-0.7635,0.1091,0.0,0.2675,260,1984-09-21,2004-12-17
usa_NC_0033_0034,24.0,point_in_polygon,-0.6462,0.0818,3e-06,0.2654,260,1984-09-21,2004-12-17
usa_NC_0033_0035,24.0,point_in_polygon,-0.4324,0.0403,0.001166,0.2593,259,1984-09-21,2004-12-17
usa_NC_0033_0036,24.0,point_in_polygon,-0.4311,0.0406,0.001165,0.2585,257,1984-09-21,2004-12-17
usa_NC_0033_0037,24.0,point_in_polygon,-0.439,0.0396,0.001305,0.2659,258,1984-09-21,2004-12-17
usa_NC_0033_0038,24.0,point_in_polygon,-0.4193,0.0335,0.003162,0.2771,258,1984-09-21,2004-12-17
usa_NC_0033_0039,24.0,point_in_polygon,-0.425,0.0309,0.004652,0.2931,258,1984-09-21,2004-12-17
usa_NC_0033_0040,24.0,point_in_polygon,-0.4511,0.0361,0.002233,0.2876,257,1984-09-21,2004-12-17
usa_NC_0033_0041,24.0,point_in_polygon,-0.3445,0.022,0.016757,0.2818,260,1984-09-21,2004-12-17
usa_NC_0033_0042,24.0,point_in_polygon,-0.2719,0.0146,0.049639,0.2715,265,1984-09-21,2004-12-17
usa_NC_0033_0043,25.0,point_in_polygon,-0.2613,0.0149,0.047817,0.2588,264,1984-09-21,2004-12-17
usa_NC_0033_0044,25.0,point_in_polygon,-0.2223,0.0115,0.081202,0.2501,265,1984-09-21,2004-12-17
usa_NC_0033_0045,25.0,point_in_polygon,-0.2116,0.0107,0.094503,0.2482,262,1984-09-21,2004-12-17
usa_NC_0033_0046,25.0,point_in_polygon,-0.1168,0.0032,0.363705,0.2528,259,1984-09-21,2004-12-17
usa_NC_0033_0047,25.0,point_in_polygon,-0.0311,0.0003,0.798252,0.2395,257,1984-09-21,2004-12-17
usa_NC_0033_0048,25.0,point_in_polygon,0.1121,0.0031,0.372051,0.2469,263,1984-09-21,2004-12-17
usa_NC_0033_0049,25.0,point_in_polygon,0.0912,0.002,0.474117,0.2505,263,1984-09-21,2004-12-17
usa_NC_0033_0050,25.0,point_in_polygon,-0.0088,0.0,0.943721,0.2462,262,1984-09-21,2004-12-17
usa_NC_0033_0051,25.0,point_in_polygon,-0.0506,0.0006,0.697821,0.2566,259,1984-09-21,2004-12-17
usa_NC_0033_0052,25.0,point_in_polygon,-0.1404,0.0045,0.280767,0.2558,260,1984-09-21,2004-12-17
usa_NC_0033_0053,26.0,point_in_polygon,-0.2632,0.0156,0.043659,0.2556,261,1984-09-21,2004-12-17
usa_NC_0033_0054,26.0,point_in_polygon,-0.3047,0.0204,0.020857,0.2581,262,1984-09-21,2004-12-17
usa_NC_0033_0055,26.0,point_in_polygon,-0.3529,0.0266,0.008931,0.2638,256,1984-09-21,2004-12-17
usa_NC_0033_0056,26.0,point_in_polygon,-0.3338,0.0242,0.012741,0.262,256,1984-09-21,2004-12-17
usa_NC_0033_0057,26.0,point_in_polygon,-0.1625,0.0055,0.23638,0.2697,256,1984-09-21,2004-12-17
usa_NC_0033_0058,26.0,point_in_polygon,-0.1575,0.0051,0.255925,0.2724,256,1984-09-21,2004-12-17
usa_NC_0033_0059,26.0,point_in_polygon,-0.1408,0.0038,0.327736,0.2827,253,1984-09-21,2004-12-17
usa_NC_0033_0060,26.0,point_in_polygon,-0.2136,0.0095,0.120217,0.2698,255,1984-09-21,2004-12-17
usa_NC_0033_0061,26.0,point_in_polygon,-0.1078,0.0027,0.405191,0.2546,257,1984-09-21,2004-12-17
usa_NC_0033_0062,26.0,point_in_polygon,-0.1179,0.0033,0.3521,0.249,261,1984-09-21,2004-12-17
usa_NC_0033_0064,27.0,point_in_polygon,-0.2893,0.0186,0.027759,0.2574,261,1984-09-21,2004-12-17
usa_NC_0033_0065,27.0,point_in_polygon,-0.4014,0.0331,0.003254,0.2661,260,1984-09-21,2004-12-17
usa_NC_0033_0066,27.0,point_in_polygon,-0.4824,0.0439,0.000705,0.277,258,1984-09-21,2004-12-17
usa_NC_0033_0067,27.0,point_in_polygon,-0.446,0.0385,0.001448,0.2728,261,1984-09-21,2004-12-17
usa_NC_0033_0068,27.0,point_in_polygon,-0.4762,0.0442,0.000646,0.2715,260,1984-09-21,2004-12-17
usa_NC_0033_0069,27.0,point_in_polygon,-0.3866,0.0277,0.007001,0.28,261,1984-09-21,2004-12-17
usa_NC_0033_0070,27.0,point_in_polygon,-0.4223,0.03,0.005023,0.2939,261,1984-09-21,2004-12-17
usa_NC_0033_0071,27.0,point_in_polygon,-0.499,0.0439,0.00071,0.2867,258,1984-09-21,2004-12-17
usa_NC_0033_0072,27.0,point_in_polygon,-0.4143,0.0292,0.005708,0.2927,260,1984-09-21,2004-12-17
usa_NC_0033_0073,27.0,point_in_polygon,-0.2499,0.0105,0.09649,0.295,265,1984-09-21,2004-12-17
usa_NC_0033_0074,28.0,point_in_polygon,-0.0772,0.001,0.611968,0.2992,262,1984-09-21,2004-12-17
usa_NC_0033_0075,28.0,point_in_polygon,0.0728,0.0009,0.633541,0.3004,261,1984-09-21,2004-12-17
usa_NC_0033_0076,28.0,point_in_polygon,0.2181,0.0085,0.139776,0.29,258,1984-09-21,2004-12-17
usa_NC_0033_0077,28.0,point_in_polygon,0.4265,0.0286,0.006015,0.3033,263,1984-09-21,2004-12-17
usa_NC_0033_0078,28.0,point_in_polygon,0.4997,0.0356,0.002071,0.3163,264,1984-09-21,2004-12-17
usa_NC_0033_0079,28.0,point_in_polygon,0.7186,0.0668,2e-05,0.3261,265,1984-09-21,2004-12-17
usa_NC_0033_0080,28.0,point_in_polygon,0.8822,0.0923,0.0,0.3365,264,1984-09-21,2004-12-17
usa_NC_0033_0081,28.0,point_in_polygon,0.9807,0.1088,0.0,0.3395,267,1984-09-21,2004-12-17
usa_NC_0033_0082,28.0,point_in_polygon,1.1041,0.13,0.0,0.3429,271,1984-09-21,2004-12-17
usa_NC_0033_0083,28.0,point_in_polygon,1.1461,0.136,0.0,0.3475,270,1984-09-21,2004-12-17
usa_NC_0033_0084,29.0,point_in_polygon,1.1628,0.132,0.0,0.3592,269,1984-09-21,2004-12-17
usa_NC_0033_0085,29.0,point_in_polygon,1.3133,0.1563,0.0,0.3704,265,1984-09-21,2004-12-17
usa_NC_0033_0086,29.0,point_in_polygon,1.5086,0.1879,0.0,0.3808,265,1984-09-21,2004-12-17
usa_NC_0033_0087,29.0,point_in_polygon,1.7771,0.2459,0.0,0.3778,265,1984-09-21,2004-12-17
usa_NC_0033_0088,29.0,point_in_polygon,2.0235,0.2873,0.0,0.3869,265,1984-09-21,2004-12-17
usa_NC_0033_0089,29.0,point_in_polygon,2.235,0.3403,0.0,0.3786,264,1984-09-21,2004-12-17
usa_NC_0033_0090,29.0,point_in_polygon,2.3773,0.4007,0.0,0.3557,261,1984-09-21,2004-12-17
usa_NC_0033_0091,29.0,point_in_polygon,2.6645,0.4635,0.0,0.3494,263,1984-09-21,2004-12-17
usa_NC_0033_0092,29.0,point_in_polygon,2.7615,0.5074,0.0,0.331,264,1984-09-21,2004-12-17
usa_NC_0033_0093,29.0,point_in_polygon,2.9322,0.5512,0.0,0.3213,265,1984-09-21,2004-12-17
usa_NC_0033_0094,30.0,point_in_polygon,3.031,0.5804,0.0,0.316,260,1984-09-21,2004-12-17
usa_NC_0033_0095,30.0,point_in_polygon,2.9626,0.5792,0.0,0.3078,263,1984-09-21,2004-12-17
usa_NC_0033_0096,30.0,point_in_polygon,2.9108,0.5774,0.0,0.3035,263,1984-09-21,2004-12-17
usa_NC_0033_0097,30.0,point_in_polygon,2.7583,0.5676,0.0,0.2946,261,1984-09-21,2004-12-17
usa_NC_0033_0098,30.0,point_in_polygon,2.6205,0.5783,0.0,0.2744,260,1984-09-21,2004-12-17
usa_NC_0033_0099,30.0,point_in_polygon,2.5309,0.5748,0.0,0.2669,260,1984-09-21,2004-12-17
usa_NC_0033_0100,30.0,point_in_polygon,2.4504,0.5182,0.0,0.2902,259,1984-09-21,2004-12-17
usa_NC_0033_0101,30.0,point_in_polygon,2.5029,0.5459,0.0,0.2777,264,1984-09-21,2004-12-17
usa_NC_0033_0102,30.0,point_in_polygon,2.4948,0.5429,0.0,0.2769,267,1984-09-21,2004-12-17
usa_NC_0033_0103,30.0,point_in_polygon,2.487,0.5205,0.0,0.2882,268,1984-09-21,2004-12-17
usa_NC_0033_0104,31.0,point_in_polygon,2.4342,0.5077,0.0,0.2877,271,1984-09-21,2004-12-17
usa_NC_0033_0105,31.0,point_in_polygon,2.3973,0.4994,0.0,0.2892,269,1984-09-21,2004-12-17
usa_NC_0033_0106,31.0,point_in_polygon,2.3682,0.5035,0.0,0.2828,270,1984-09-21,2004-12-17
usa_NC_0033_0107,31.0,point_in_polygon,2.3705,0.5117,0.0,0.279,269,1984-09-21,2004-12-17
usa_NC_0033_0108,31.0,point_in_polygon,2.4128,0.5082,0.0,0.286,269,1984-09-21,2004-12-17
usa_NC_0033_0109,31.0,point_in_polygon,2.4407,0.497,0.0,0.2958,269,1984-09-21,2004-12-17
usa_NC_0033_0110,31.0,point_in_polygon,2.3558,0.4725,0.0,0.3016,266,1984-09-21,2004-12-17
usa_NC_0033_0111,31.0,point_in_polygon,2.3779,0.4839,0.0,0.2982,265,1984-09-21,2004-12-17
usa_NC_0033_0112,31.0,point_in_polygon,2.3509,0.4744,0.0,0.2993,267,1984-09-21,2004-12-17
usa_NC_0033_0113,31.0,point_in_polygon,2.4118,0.5006,0.0,0.2914,267,1984-09-21,2004-12-17
usa_NC_0033_0114,31.0,point_in_polygon,2.3953,0.5232,0.0,0.2782,264,1984-09-21,2004-12-17
usa_NC_0033_0115,32.0,point_in_polygon,2.4301,0.5417,0.0,0.2724,263,1984-09-21,2004-12-17
usa_NC_0033_0116,32.0,point_in_polygon,2.4146,0.5617,0.0,0.259,265,1984-09-21,2004-12-17
usa_NC_0033_0117,32.0,point_in_polygon,2.4632,0.5672,0.0,0.2607,266,1984-09-21,2004-12-17
usa_NC_0033_0118,32.0,point_in_polygon,2.5614,0.5562,0.0,0.2773,266,1984-09-21,2004-12-17
usa_NC_0033_0119,32.0,point_in_polygon,2.7194,0.5504,0.0,0.2978,266,1984-09-21,2004-12-17
usa_NC_0033_0120,32.0,point_in_polygon,2.7527,0.5285,0.0,0.3127,270,1984-09-21,2004-12-17
usa_NC_0033_0121,32.0,point_in_polygon,2.5973,0.5111,0.0,0.3055,270,1984-09-21,2004-12-17
usa_NC_0033_0122,32.0,point_in_polygon,2.4036,0.4482,0.0,0.3202,271,1984-09-21,2004-12-17
usa_NC_0033_0123,32.0,point_in_polygon,2.1298,0.4045,0.0,0.3108,270,1984-09-21,2004-12-17
usa_NC_0033_0124,32.0,point_in_polygon,1.8825,0.3575,0.0,0.3046,268,1984-09-21,2004-12-17
usa_NC_0033_0125,33.0,point_in_polygon,1.6441,0.3114,0.0,0.2968,265,1984-09-21,2004-12-17
usa_NC_0033_0126,33.0,point_in_polygon,1.4893,0.2742,0.0,0.2931,267,1984-09-21,2004-12-17
usa_NC_0033_0127,33.0,point_in_polygon,1.3384,0.2432,0.0,0.2867,265,1984-09-21,2004-12-17
usa_NC_0033_0128,33.0,point_in_polygon,1.164,0.1999,0.0,0.2822,266,1984-09-21,2004-12-17
usa_NC_0033_0129,33.0,point_in_polygon,0.987,0.1553,0.0,0.2795,265,1984-09-21,2004-12-17
usa_NC_0033_0130,33.0,point_in_polygon,0.8922,0.1168,0.0,0.3002,261,1984-09-21,2004-12-17
usa_NC_0033_0131,33.0,point_in_polygon,0.7758,0.0871,1e-06,0.308,260,1984-09-21,2004-12-17
usa_NC_0033_0132,33.0,point_in_polygon,0.7367,0.0732,8e-06,0.3189,264,1984-09-21,2004-12-17
usa_NC_0033_0133,33.0,point_in_polygon,0.5445,0.0382,0.001487,0.3339,262,1984-09-21,2004-12-17
usa_NC_0033_0134,33.0,point_in_polygon,0.3404,0.0132,0.064594,0.3612,260,1984-09-21,2004-12-17
usa_NC_0033_0135,33.0,point_in_polygon,0.0982,0.0009,0.623855,0.3938,260,1984-09-21,2004-12-17
usa_NC_0033_0136,34.0,point_in_polygon,-0.1275,0.0014,0.548486,0.4179,261,1984-09-21,2004-12-17
usa_NC_0033_0137,34.0,point_in_polygon,-0.3419,0.0092,0.125193,0.4377,258,1984-09-21,2004-12-17
usa_NC_0033_0138,34.0,point_in_polygon,-0.5328,0.0205,0.020892,0.4514,260,1984-09-21,2004-12-17
usa_NC_0033_0139,34.0,point_in_polygon,-0.6789,0.0321,0.003795,0.4576,259,1984-09-21,2004-12-17
usa_NC_0033_0140,34.0,point_in_polygon,-0.8055,0.0472,0.000387,0.4411,263,1984-09-21,2004-12-17
usa_NC_0033_0141,34.0,point_in_polygon,-0.9821,0.0734,8e-06,0.4244,264,1984-09-21,2004-12-17
usa_NC_0033_0142,34.0,point_in_polygon,-1.2038,0.1042,0.0,0.4278,266,1984-09-21,2004-12-17
usa_NC_0033_0143,34.0,point_in_polygon,-1.3036,0.1232,0.0,0.4222,265,1984-09-21,2004-12-17
usa_NC_0033_0144,34.0,point_in_polygon,-1.4573,0.1539,0.0,0.4165,263,1984-09-21,2004-12-17
usa_NC_0033_0145,34.0,point_in_polygon,-1.605,0.1764,0.0,0.4235,262,1984-09-21,2004-12-17
usa_NC_0033_0146,35.0,point_in_polygon,-1.6618,0.1852,0.0,0.424,264,1984-09-21,2004-12-17
usa_NC_0033_0147,35.0,point_in_polygon,-1.6877,0.1889,0.0,0.4254,264,1984-09-21,2004-12-17
usa_NC_0033_0148,35.0,point_in_polygon,-1.8373,0.2355,0.0,0.4027,264,1984-09-21,2004-12-17
usa_NC_0033_0149,35.0,point_in_polygon,-1.9969,0.2803,0.0,0.3899,263,1984-09-21,2004-12-17
usa_NC_0033_0150,35.0,point_in_polygon,-2.0935,0.3159,0.0,0.377,261,1984-09-21,2004-12-17
usa_NC_0033_0151,35.0,point_in_polygon,-2.1211,0.3256,0.0,0.3721,263,1984-09-21,2004-12-17
usa_NC_0033_0152,35.0,point_in_polygon,-2.0861,0.3211,0.0,0.3676,266,1984-09-21,2004-12-17
usa_NC_0033_0153,35.0,point_in_polygon,-2.0623,0.3264,0.0,0.3584,267,1984-09-21,2004-12-17
usa_NC_0033_0154,35.0,point_in_polygon,-2.0812,0.3446,0.0,0.3499,263,1984-09-21,2004-12-17
usa_NC_0033_0155,35.0,point_in_polygon,-2.1822,0.3714,0.0,0.3481,260,1984-09-21,2004-12-17
usa_NC_0033_0156,35.0,point_in_polygon,-2.1441,0.373,0.0,0.3401,261,1984-09-21,2004-12-17
usa_NC_0033_0157,36.0,point_in_polygon,-2.1241,0.3791,0.0,0.3332,260,1984-09-21,2004-12-17
usa_NC_0033_0158,36.0,point_in_polygon,-2.1248,0.3671,0.0,0.3387,265,1984-09-21,2004-12-17
usa_NC_0033_0159,36.0,point_in_polygon,-2.0845,0.3649,0.0,0.3352,263,1984-09-21,2004-12-17
usa_NC_0033_0160,36.0,point_in_polygon,-2.0562,0.3798,0.0,0.3209,262,1984-09-21,2004-12-17
usa_NC_0033_0161,36.0,point_in_polygon,-1.9588,0.3738,0.0,0.3072,266,1984-09-21,2004-12-17
usa_NC_0033_0162,36.0,point_in_polygon,-1.8813,0.3521,0.0,0.3093,266,1984-09-21,2004-12-17
usa_NC_0033_0163,36.0,point_in_polygon,-1.735,0.3268,0.0,0.3024,265,1984-09-21,2004-12-17
usa_NC_0033_0164,36.0,point_in_polygon,-1.5539,0.2807,0.0,0.3026,264,1984-09-21,2004-12-17
usa_NC_0033_0165,36.0,point_in_polygon,-1.3964,0.2297,0.0,0.3122,262,1984-09-21,2004-12-17
usa_NC_0033_0166,36.0,point_in_polygon,-1.2711,0.1987,0.0,0.3093,266,1984-09-21,2004-12-17
usa_NC_0033_0167,37.0,point_in_polygon,-1.2189,0.1852,0.0,0.3098,266,1984-09-21,2004-12-17
usa_NC_0033_0168,37.0,point_in_polygon,-1.1411,0.1656,0.0,0.3103,266,1984-09-21,2004-12-17
usa_NC_0033_0169,37.0,point_in_polygon,-1.1055,0.1567,0.0,0.3132,262,1984-09-21,2004-12-17
usa_NC_0033_0170,37.0,point_in_polygon,-1.1008,0.1657,0.0,0.3028,260,1984-09-21,2004-12-17
usa_NC_0033_0171,37.0,point_in_polygon,-1.1887,0.212,0.0,0.2821,258,1984-09-21,2004-12-17
usa_NC_0033_0172,37.0,point_in_polygon,-1.2155,0.2132,0.0,0.2868,259,1984-09-21,2004-12-17
usa_NC_0033_0173,37.0,point_in_polygon,-1.212,0.2098,0.0,0.289,259,1984-09-21,2004-12-17
usa_NC_0033_0174,37.0,point_in_polygon,-1.2036,0.2072,0.0,0.2892,259,1984-09-21,2004-12-17
usa_NC_0033_0175,37.0,point_in_polygon,-1.1708,0.1899,0.0,0.2982,257,1984-09-21,2004-12-17
usa_NC_0033_0176,37.0,point_in_polygon,-1.1723,0.1867,0.0,0.3,260,1984-09-21,2004-12-17
usa_NC_0033_0177,37.0,point_in_polygon,-1.1645,0.1856,0.0,0.3003,258,1984-09-21,2004-12-17
usa_NC_0033_0178,38.0,point_in_polygon,-1.0525,0.1473,0.0,0.313,256,1984-09-21,2004-12-17
usa_NC_0033_0179,38.0,point_in_polygon,-1.189,0.1857,0.0,0.307,257,1984-09-21,2004-12-17
usa_NC_0033_0180,38.0,point_in_polygon,-1.2784,0.2083,0.0,0.3068,258,1984-09-21,2004-12-17
usa_NC_0033_0181,38.0,point_in_polygon,-1.3474,0.2244,0.0,0.3047,264,1984-09-21,2004-12-17
usa_NC_0033_0182,38.0,point_in_polygon,-1.4264,0.2482,0.0,0.3003,267,1984-09-21,2004-12-17
usa_NC_0033_0183,38.0,point_in_polygon,-1.4425,0.2596,0.0,0.2957,265,1984-09-21,2004-12-17
usa_NC_0033_0184,38.0,point_in_polygon,-1.6456,0.3241,0.0,0.2897,263,1984-09-21,2004-12-17
usa_NC_0033_0185,38.0,point_in_polygon,-1.7438,0.3637,0.0,0.2833,259,1984-09-21,2004-12-17
usa_NC_0033_0186,38.0,point_in_polygon,-1.7446,0.3941,0.0,0.2652,260,1984-09-21,2004-12-17
usa_NC_0033_0187,38.0,point_in_polygon,-1.627,0.3477,0.0,0.2716,263,1984-09-21,2004-12-17
usa_NC_0033_0188,39.0,point_in_polygon,-1.6398,0.3385,0.0,0.2788,264,1984-09-21,2004-12-17
usa_NC_0033_0189,39.0,point_in_polygon,-1.5554,0.3031,0.0,0.2875,263,1984-09-21,2004-12-17
usa_NC_0033_0190,39.0,point_in_polygon,-1.4708,0.2687,0.0,0.2957,263,1984-09-21,2004-12-17
usa_NC_0033_0191,39.0,point_in_polygon,-1.4894,0.2916,0.0,0.2851,259,1984-09-21,2004-12-17
usa_NC_0033_0192,39.0,point_in_polygon,-1.3198,0.2506,0.0,0.2771,265,1984-09-21,2004-12-17
usa_NC_0033_0193,39.0,point_in_polygon,-1.3401,0.2582,0.0,0.2758,265,1984-09-21,2004-12-17
usa_NC_0033_0194,39.0,point_in_polygon,-1.2504,0.2315,0.0,0.2782,262,1984-09-21,2004-12-17
usa_NC_0033_0195,39.0,point_in_polygon,-1.2375,0.2423,0.0,0.2683,260,1984-09-21,2004-12-17
usa_NC_0033_0196,39.0,point_in_polygon,-1.2,0.2373,0.0,0.2637,260,1984-09-21,2004-12-17
usa_NC_0033_0197,39.0,point_in_polygon,-1.0884,0.2016,0.0,0.2655,260,1984-09-21,2004-12-17
usa_NC_0033_0198,40.0,point_in_polygon,-1.0501,0.1947,0.0,0.2623,259,1984-09-21,2004-12-17
usa_NC_0033_0199,40.0,point_in_polygon,-1.0354,0.1774,0.0,0.2739,259,1984-09-21,2004-12-17
usa_NC_0033_0200,40.0,point_in_polygon,-1.0423,0.188,0.0,0.2635,264,1984-09-21,2004-12-17
usa_NC_0033_0201,40.0,point_in_polygon,-1.0921,0.2115,0.0,0.2555,266,1984-09-21,2004-12-17
usa_NC_0033_0202,40.0,point_in_polygon,-1.129,0.2203,0.0,0.2569,267,1984-09-21,2004-12-17
usa_NC_0033_0203,40.0,point_in_polygon,-1.1844,0.2461,0.0,0.2512,266,1984-09-21,2004-12-17
usa_NC_0033_0204,40.0,point_in_polygon,-1.255,0.2564,0.0,0.2605,263,1984-09-21,2004-12-17
usa_NC_0033_0205,40.0,point_in_polygon,-1.2833,0.2498,0.0,0.2711,263,1984-09-21,2004-12-17
usa_NC_0033_0206,40.0,point_in_polygon,-1.3435,0.2636,0.0,0.2737,263,1984-09-21,2004-12-17
usa_NC_0033_0207,40.0,point_in_polygon,-1.4672,0.3079,0.0,0.2671,265,1984-09-21,2004-12-17
usa_NC_0033_0209,41.0,point_in_polygon,-1.7217,0.3525,0.0,0.2833,265,1984-09-21,2004-12-17
usa_NC_0033_0210,41.0,point_in_polygon,-1.7885,0.3486,0.0,0.2986,262,1984-09-21,2004-12-17
usa_NC_0033_0211,41.0,point_in_polygon,-1.94,0.3757,0.0,0.309,256,1984-09-21,2004-12-17
usa_NC_0033_0212,41.0,point_in_polygon,-1.8985,0.3606,0.0,0.3112,258,1984-09-21,2004-12-17
usa_NC_0033_0213,41.0,point_in_polygon,-1.9133,0.3702,0.0,0.3065,259,1984-09-21,2004-12-17
usa_NC_0033_0214,41.0,point_in_polygon,-1.8089,0.3551,0.0,0.3006,257,1984-09-21,2004-12-17
usa_NC_0033_0215,41.0,point_in_polygon,-1.8188,0.3741,0.0,0.2918,254,1984-09-21,2004-12-17
usa_NC_0033_0216,41.0,point_in_polygon,-1.7679,0.3592,0.0,0.2912,257,1984-09-21,2004-12-17
usa_NC_0033_0217,41.0,point_in_polygon,-1.6707,0.3674,0.0,0.2704,257,1984-09-21,2004-12-17
usa_NC_0033_0218,41.0,point_in_polygon,-1.7199,0.3966,0.0,0.2626,255,1984-09-21,2004-12-17
usa_NC_0033_0219,42.0,point_in_polygon,-1.7165,0.3941,0.0,0.2646,253,1984-09-21,2004-12-17
usa_NC_0033_0220,42.0,point_in_polygon,-1.603,0.344,0.0,0.2735,256,1984-09-21,2004-12-17
usa_NC_0033_0221,42.0,point_in_polygon,-1.4964,0.3297,0.0,0.2616,260,1984-09-21,2004-12-17
usa_NC_0033_0222,42.0,point_in_polygon,-1.5525,0.365,0.0,0.2501,262,1984-09-21,2004-12-17
usa_NC_0033_0223,42.0,point_in_polygon,-1.5231,0.3429,0.0,0.2565,264,1984-09-21,2004-12-17
usa_NC_0033_0224,42.0,point_in_polygon,-1.4744,0.331,0.0,0.2565,261,1984-09-21,2004-12-17
usa_NC_0033_0225,42.0,point_in_polygon,-1.4038,0.3187,0.0,0.2507,262,1984-09-21,2004-12-17
usa_NC_0033_0226,42.0,point_in_polygon,-1.1779,0.2426,0.0,0.2537,263,1984-09-21,2004-12-17
usa_NC_0033_0227,42.0,point_in_polygon,-0.9991,0.1634,0.0,0.2744,265,1984-09-21,2004-12-17
usa_NC_0033_0228,42.0,point_in_polygon,-0.8503,0.1049,0.0,0.3003,267,1984-09-21,2004-12-17
usa_NC_0033_0229,43.0,point_in_polygon,-0.7938,0.0957,0.0,0.2945,268,1984-09-21,2004-12-17
usa_NC_0033_0230,43.0,point_in_polygon,-0.665,0.0685,1.6e-05,0.2978,265,1984-09-21,2004-12-17
usa_NC_0033_0231,43.0,point_in_polygon,-0.537,0.0455,0.00052,0.3009,261,1984-09-21,2004-12-17
usa_NC_0033_0232,43.0,point_in_polygon,-0.3979,0.0268,0.007586,0.2912,265,1984-09-21,2004-12-17
usa_NC_0033_0233,43.0,point_in_polygon,-0.3434,0.0196,0.02233,0.2942,266,1984-09-21,2004-12-17
usa_NC_0033_0234,43.0,point_in_polygon,-0.3019,0.0163,0.038405,0.2857,264,1984-09-21,2004-12-17
usa_NC_0033_0235,43.0,point_in_polygon,-0.4258,0.0325,0.003396,0.2836,262,1984-09-21,2004-12-17
usa_NC_0033_0236,43.0,point_in_polygon,-0.4923,0.0408,0.001054,0.2926,260,1984-09-21,2004-12-17
usa_NC_0033_0237,43.0,point_in_polygon,-0.5353,0.0417,0.000862,0.3127,263,1984-09-21,2004-12-17
usa_NC_0033_0238,43.0,point_in_polygon,-0.4433,0.0292,0.005497,0.3118,263,1984-09-21,2004-12-17
usa_NC_0033_0239,44.0,point_in_polygon,-0.3612,0.0204,0.02064,0.3054,262,1984-09-21,2004-12-17
usa_NC_0033_0240,44.0,point_in_polygon,-0.2258,0.0084,0.139094,0.2996,263,1984-09-21,2004-12-17
usa_NC_0033_0241,44.0,point_in_polygon,-0.108,0.002,0.468523,0.293,267,1984-09-21,2004-12-17
usa_NC_0033_0242,44.0,point_in_polygon,-0.0699,0.0008,0.637293,0.2916,266,1984-09-21,2004-12-17
usa_NC_0033_0243,44.0,point_in_polygon,-0.0801,0.001,0.602244,0.3022,267,1984-09-21,2004-12-17
usa_NC_0033_0244,44.0,point_in_polygon,-0.1268,0.0025,0.41729,0.3073,264,1984-09-21,2004-12-17
usa_NC_0033_0245,44.0,point_in_polygon,-0.1604,0.0038,0.319894,0.3168,262,1984-09-21,2004-12-17
usa_NC_0033_0246,44.0,point_in_polygon,-0.0754,0.0009,0.632996,0.3104,261,1984-09-21,2004-12-17
usa_NC_0033_0247,44.0,point_in_polygon,0.0472,0.0003,0.765931,0.3117,262,1984-09-21,2004-12-17
usa_NC_0033_0248,44.0,point_in_polygon,0.0571,0.0005,0.718843,0.3122,263,1984-09-21,2004-12-17
usa_NC_0033_0249,45.0,point_in_polygon,0.0563,0.0005,0.717757,0.3061,261,1984-09-21,2004-12-17
usa_NC_0033_0250,45.0,point_in_polygon,0.1565,0.004,0.309163,0.3025,258,1984-09-21,2004-12-17
usa_NC_0033_0251,45.0,point_in_polygon,0.0726,0.0009,0.624519,0.2916,258,1984-09-21,2004-12-17
usa_NC_0033_0252,45.0,point_in_polygon,0.101,0.0019,0.477061,0.2793,262,1984-09-21,2004-12-17
usa_NC_0033_0253,45.0,point_in_polygon,0.1383,0.0035,0.341247,0.2856,262,1984-09-21,2004-12-17
usa_NC_0033_0254,45.0,point_in_polygon,0.2622,0.0117,0.081787,0.2955,260,1984-09-21,2004-12-17
usa_NC_0033_0255,45.0,point_in_polygon,0.2539,0.0105,0.099839,0.3027,260,1984-09-21,2004-12-17
usa_NC_0033_0256,45.0,point_in_polygon,0.231,0.0083,0.141101,0.3082,261,1984-09-21,2004-12-17
usa_NC_0033_0257,45.0,point_in_polygon,0.2612,0.011,0.091149,0.3033,260,1984-09-21,2004-12-17
usa_NC_0033_0258,45.0,point_in_polygon,0.2949,0.0147,0.05153,0.2969,258,1984-09-21,2004-12-17
usa_NC_0033_0259,46.0,point_in_polygon,0.3823,0.0286,0.006331,0.2735,259,1984-09-21,2004-12-17
usa_NC_0033_0260,46.0,point_in_polygon,0.4952,0.0495,0.0003,0.2661,260,1984-09-21,2004-12-17
usa_NC_0034_0001,46.0,point_in_polygon,0.8413,0.1156,0.0,0.2852,260,1984-09-21,2004-12-17
usa_NC_0034_0002,46.0,point_in_polygon,0.7221,0.0833,2e-06,0.2936,260,1984-09-21,2004-12-17
usa_NC_0034_0003,46.0,point_in_polygon,0.5776,0.0526,0.000197,0.3011,259,1984-09-21,2004-12-17
usa_NC_0034_0004,46.0,point_in_polygon,0.3947,0.0235,0.0139,0.3138,257,1984-09-21,2004-12-17
usa_NC_0034_0005,46.0,point_in_polygon,0.2765,0.0104,0.103899,0.3336,256,1984-09-21,2004-12-17
usa_NC_0034_0006,46.0,point_in_polygon,0.1798,0.0039,0.321769,0.3567,257,1984-09-21,2004-12-17
usa_NC_0034_0007,46.0,point_in_polygon,0.1581,0.0029,0.387709,0.3598,258,1984-09-21,2004-12-17
usa_NC_0034_0008,46.0,point_in_polygon,0.1754,0.0039,0.316711,0.3444,258,1984-09-21,2004-12-17
usa_NC_0034_0009,47.0,point_in_polygon,0.067,0.0006,0.688307,0.3286,258,1984-09-21,2004-12-17
usa_NC_0034_0010,47.0,point_in_polygon,0.0174,0.0,0.917812,0.3312,256,1984-09-21,2004-12-17
usa_NC_0034_0011,47.0,point_in_polygon,-0.0431,0.0003,0.790238,0.3189,257,1984-09-21,2004-12-17
usa_NC_0034_0012,47.0,point_in_polygon,-0.1372,0.0031,0.375233,0.3042,257,1984-09-21,2004-12-17
usa_NC_0034_0013,47.0,point_in_polygon,-0.2575,0.0118,0.084154,0.2925,254,1984-09-21,2004-12-17
usa_NC_0034_0014,47.0,point_in_polygon,-0.3257,0.0201,0.024291,0.283,252,1984-09-21,2004-12-17
usa_NC_0034_0015,47.0,point_in_polygon,-0.4651,0.037,0.002208,0.2962,251,1984-09-21,2004-12-17
usa_NC_0034_0016,47.0,point_in_polygon,-0.519,0.0518,0.000277,0.2771,251,1984-09-21,2004-12-17
usa_NC_0034_0017,47.0,point_in_polygon,-0.6145,0.0759,9e-06,0.2676,251,1984-09-21,2004-12-17
usa_NC_0034_0018,47.0,point_in_polygon,-0.7176,0.0891,1e-06,0.2864,251,1984-09-21,2004-12-17
usa_NC_0034_0019,48.0,point_in_polygon,-0.9435,0.1491,0.0,0.282,250,1984-09-21,2004-12-17
usa_NC_0034_0020,48.0,point_in_polygon,-1.0629,0.1753,0.0,0.2872,252,1984-09-21,2004-12-17
usa_NC_0034_0021,48.0,point_in_polygon,-1.0732,0.173,0.0,0.2888,258,1984-09-21,2004-12-17
usa_NC_0034_0022,48.0,point_in_polygon,-1.1897,0.2008,0.0,0.2915,259,1984-09-21,2004-12-17
usa_NC_0034_0023,48.0,point_in_polygon,-1.2302,0.2029,0.0,0.299,260,1984-09-21,2004-12-17
usa_NC_0034_0024,48.0,point_in_polygon,-1.2456,0.2012,0.0,0.3043,260,1984-09-21,2004-12-17
usa_NC_0034_0025,48.0,point_in_polygon,-1.2581,0.2041,0.0,0.307,256,1984-09-21,2004-12-17
usa_NC_0034_0026,48.0,point_in_polygon,-1.283,0.2023,0.0,0.3136,258,1984-09-21,2004-12-17
usa_NC_0034_0027,48.0,point_in_polygon,-1.4096,0.2378,0.0,0.3094,260,1984-09-21,2004-12-17
usa_NC_0034_0028,48.0,point_in_polygon,-1.6398,0.2881,0.0,0.3154,261,1984-09-21,2004-12-17
usa_NC_0034_0029,49.0,point_in_polygon,-1.7629,0.3174,0.0,0.3182,258,1984-09-21,2004-12-17
usa_NC_0034_0030,49.0,point_in_polygon,-1.8006,0.3339,0.0,0.3143,256,1984-09-21,2004-12-17
usa_NC_0034_0031,49.0,point_in_polygon,-1.8966,0.3629,0.0,0.3105,256,1984-09-21,2004-12-17
usa_NC_0034_0032,49.0,point_in_polygon,-1.9104,0.3603,0.0,0.3127,259,1984-09-21,2004-12-17
usa_NC_0034_0033,49.0,point_in_polygon,-1.8415,0.3376,0.0,0.3156,261,1984-09-21,2004-12-17
usa_NC_0034_0034,49.0,point_in_polygon,-1.8769,0.3343,0.0,0.3273,256,1984-09-21,2004-12-17
usa_NC_0034_0035,49.0,point_in_polygon,-1.877,0.3354,0.0,0.3271,255,1984-09-21,2004-12-17
usa_NC_0034_0036,49.0,point_in_polygon,-1.8484,0.3382,0.0,0.3195,256,1984-09-21,2004-12-17
usa_NC_0034_0037,49.0,point_in_polygon,-1.8772,0.3611,0.0,0.3098,254,1984-09-21,2004-12-17
usa_NC_0034_0038,49.0,point_in_polygon,-1.755,0.3276,0.0,0.3113,255,1984-09-21,2004-12-17
usa_NC_0034_0039,50.0,point_in_polygon,-1.6795,0.2973,0.0,0.3197,255,1984-09-21,2004-12-17
usa_NC_0034_0040,50.0,point_in_polygon,-1.5374,0.2813,0.0,0.3019,259,1984-09-21,2004-12-17
usa_NC_0034_0041,50.0,point_in_polygon,-1.5119,0.2832,0.0,0.2943,261,1984-09-21,2004-12-17
usa_NC_0034_0042,50.0,point_in_polygon,-1.5769,0.316,0.0,0.2844,260,1984-09-21,2004-12-17
usa_NC_0034_0043,50.0,point_in_polygon,-1.7299,0.3618,0.0,0.2817,260,1984-09-21,2004-12-17
usa_NC_0034_0044,50.0,point_in_polygon,-1.7279,0.3769,0.0,0.2734,258,1984-09-21,2004-12-17
usa_NC_0034_0045,50.0,point_in_polygon,-1.6436,0.3651,0.0,0.2673,257,1984-09-21,2004-12-17
usa_NC_0034_0046,50.0,point_in_polygon,-1.5839,0.3339,0.0,0.2748,259,1984-09-21,2004-12-17
usa_NC_0034_0047,50.0,point_in_polygon,-1.5661,0.309,0.0,0.2872,260,1984-09-21,2004-12-17
usa_NC_0034_0048,50.0,point_in_polygon,-1.5665,0.316,0.0,0.2831,259,1984-09-21,2004-12-17
usa_NC_0034_0049,51.0,point_in_polygon,-1.5527,0.2989,0.0,0.2927,258,1984-09-21,2004-12-17
usa_NC_0034_0050,51.0,point_in_polygon,-1.5651,0.2846,0.0,0.3066,256,1984-09-21,2004-12-17
usa_NC_0034_0051,51.0,point_in_polygon,-1.6253,0.2871,0.0,0.3171,255,1984-09-21,2004-12-17
usa_NC_0034_0052,51.0,point_in_polygon,-1.6176,0.2665,0.0,0.3323,255,1984-09-21,2004-12-17
usa_NC_0034_0053,51.0,point_in_polygon,-1.6525,0.2776,0.0,0.3307,254,1984-09-21,2004-12-17
usa_NC_0034_0054,51.0,point_in_polygon,-1.7044,0.2924,0.0,0.3316,250,1984-09-21,2004-12-17
usa_NC_0034_0055,51.0,point_in_polygon,-1.7135,0.2955,0.0,0.3302,251,1984-09-21,2004-12-17
usa_NC_0034_0056,51.0,point_in_polygon,-1.6958,0.3138,0.0,0.3111,254,1984-09-21,2004-12-17
usa_NC_0034_0057,51.0,point_in_polygon,-1.7183,0.3093,0.0,0.3192,253,1984-09-21,2004-12-17
usa_NC_0034_0058,51.0,point_in_polygon,-1.7275,0.3106,0.0,0.3219,250,1984-09-21,2004-12-17
usa_NC_0034_0059,52.0,point_in_polygon,-1.7212,0.2997,0.0,0.329,250,1984-09-21,2004-12-17
usa_NC_0034_0060,52.0,point_in_polygon,-1.6956,0.2893,0.0,0.3291,255,1984-09-21,2004-12-17
usa_NC_0034_0061,52.0,point_in_polygon,-1.761,0.3156,0.0,0.3198,257,1984-09-21,2004-12-17
usa_NC_0034_0062,52.0,point_in_polygon,-1.7886,0.3358,0.0,0.3096,258,1984-09-21,2004-12-17
usa_NC_0034_0063,52.0,point_in_polygon,-1.8971,0.3784,0.0,0.2992,258,1984-09-21,2004-12-17
usa_NC_0034_0064,52.0,point_in_polygon,-1.9463,0.4047,0.0,0.2906,258,1984-09-21,2004-12-17
usa_NC_0034_0065,52.0,point_in_polygon,-1.8945,0.4095,0.0,0.2822,254,1984-09-21,2004-12-17
usa_NC_0034_0066,52.0,point_in_polygon,-1.7954,0.3615,0.0,0.2925,260,1984-09-21,2004-12-17
usa_NC_0034_0067,52.0,point_in_polygon,-1.8274,0.3617,0.0,0.2976,260,1984-09-21,2004-12-17
usa_NC_0034_0068,52.0,point_in_polygon,-1.7294,0.3542,0.0,0.2869,259,1984-09-21,2004-12-17
usa_NC_0034_0069,53.0,point_in_polygon,-1.6863,0.3493,0.0,0.2833,258,1984-09-21,2004-12-17
usa_NC_0034_0070,53.0,point_in_polygon,-1.6505,0.3466,0.0,0.2795,257,1984-09-21,2004-12-17
usa_NC_0034_0071,53.0,point_in_polygon,-1.5111,0.311,0.0,0.2763,259,1984-09-21,2004-12-17
usa_NC_0034_0072,53.0,point_in_polygon,-1.5162,0.3179,0.0,0.2734,258,1984-09-21,2004-12-17
usa_NC_0034_0073,53.0,point_in_polygon,-1.5538,0.363,0.0,0.2548,255,1984-09-21,2004-12-17
usa_NC_0034_0074,53.0,point_in_polygon,-1.5064,0.347,0.0,0.2559,255,1984-09-21,2004-12-17
usa_NC_0034_0075,53.0,point_in_polygon,-1.5051,0.3436,0.0,0.2576,255,1984-09-21,2004-12-17
usa_NC_0034_0076,53.0,point_in_polygon,-1.5731,0.3518,0.0,0.2639,256,1984-09-21,2004-12-17
usa_NC_0034_0077,53.0,point_in_polygon,-1.5236,0.346,0.0,0.2599,254,1984-09-21,2004-12-17
usa_NC_0034_0078,53.0,point_in_polygon,-1.4378,0.3081,0.0,0.2673,254,1984-09-21,2004-12-17
usa_NC_0034_0079,54.0,point_in_polygon,-1.3581,0.2983,0.0,0.2584,254,1984-09-21,2004-12-17
usa_NC_0034_0080,54.0,point_in_polygon,-1.2636,0.2584,0.0,0.2609,263,1984-09-21,2004-12-17
usa_NC_0034_0081,54.0,point_in_polygon,-1.2791,0.2437,0.0,0.2736,265,1984-09-21,2004-12-17
usa_NC_0034_0082,54.0,point_in_polygon,-1.4049,0.279,0.0,0.2763,261,1984-09-21,2004-12-17
usa_NC_0034_0083,54.0,point_in_polygon,-1.4077,0.2904,0.0,0.2709,258,1984-09-21,2004-12-17
usa_NC_0034_0084,54.0,point_in_polygon,-1.4348,0.3133,0.0,0.264,253,1984-09-21,2004-12-17
usa_NC_0034_0085,54.0,point_in_polygon,-1.4387,0.3114,0.0,0.2649,255,1984-09-21,2004-12-17
usa_NC_0034_0086,54.0,point_in_polygon,-1.3159,0.2548,0.0,0.2754,261,1984-09-21,2004-12-17
usa_NC_0034_0087,54.0,point_in_polygon,-1.3097,0.2572,0.0,0.2723,261,1984-09-21,2004-12-17
usa_NC_0034_0088,54.0,point_in_polygon,-1.356,0.2637,0.0,0.2789,258,1984-09-21,2004-12-17
usa_NC_0034_0089,55.0,point_in_polygon,-1.3597,0.2551,0.0,0.2871,256,1984-09-21,2004-12-17
usa_NC_0034_0090,55.0,point_in_polygon,-1.4073,0.2665,0.0,0.2885,256,1984-09-21,2004-12-17
usa_NC_0034_0091,55.0,point_in_polygon,-1.2899,0.2135,0.0,0.3047,258,1984-09-21,2004-12-17
usa_NC_0034_0092,55.0,point_in_polygon,-1.1636,0.1708,0.0,0.3155,258,1984-09-21,2004-12-17
usa_NC_0034_0093,55.0,point_in_polygon,-1.1369,0.1719,0.0,0.3096,254,1984-09-21,2004-12-17
usa_NC_0034_0094,55.0,point_in_polygon,-1.0576,0.1572,0.0,0.305,252,1984-09-21,2004-12-17
usa_NC_0034_0095,55.0,point_in_polygon,-1.002,0.145,0.0,0.3013,255,1984-09-21,2004-12-17
usa_NC_0034_0096,55.0,point_in_polygon,-0.8918,0.1188,0.0,0.3013,254,1984-09-21,2004-12-17
usa_NC_0034_0097,55.0,point_in_polygon,-0.8013,0.091,1e-06,0.3148,253,1984-09-21,2004-12-17
usa_NC_0034_0098,55.0,point_in_polygon,-0.7566,0.0888,2e-06,0.3025,251,1984-09-21,2004-12-17
usa_NC_0034_0099,56.0,point_in_polygon,-0.7777,0.0957,1e-06,0.2971,253,1984-09-21,2004-12-17
usa_NC_0034_0100,56.0,point_in_polygon,-0.7707,0.0947,0.0,0.2927,259,1984-09-21,2004-12-17
usa_NC_0034_0101,56.0,point_in_polygon,-0.7803,0.0986,0.0,0.2904,258,1984-09-21,2004-12-17
usa_NC_0034_0102,56.0,point_in_polygon,-0.8134,0.1061,0.0,0.2918,256,1984-09-21,2004-12-17
usa_NC_0034_0103,56.0,point_in_polygon,-0.8625,0.1162,0.0,0.2945,255,1984-09-21,2004-12-17
usa_NC_0034_0104,56.0,point_in_polygon,-0.8522,0.1197,0.0,0.2867,254,1984-09-21,2004-12-17
usa_NC_0034_0105,56.0,point_in_polygon,-0.7129,0.0871,2e-06,0.2851,256,1984-09-21,2004-12-17
usa_NC_0034_0106,56.0,point_in_polygon,-0.5922,0.0582,9.1e-05,0.2932,258,1984-09-21,2004-12-17
usa_NC_0034_0107,56.0,point_in_polygon,-0.5432,0.048,0.00039,0.2976,258,1984-09-21,2004-12-17
usa_NC_0034_0108,56.0,point_in_polygon,-0.4577,0.0304,0.004964,0.3181,258,1984-09-21,2004-12-17
usa_NC_0034_0109,56.0,point_in_polygon,-0.4224,0.0259,0.009767,0.3195,257,1984-09-21,2004-12-17
usa_NC_0034_0110,57.0,point_in_polygon,-0.4118,0.0249,0.011654,0.3191,255,1984-09-21,2004-12-17
usa_NC_0034_0111,57.0,point_in_polygon,-0.3461,0.0176,0.034124,0.32,256,1984-09-21,2004-12-17
usa_NC_0034_0112,57.0,point_in_polygon,-0.3113,0.0154,0.048459,0.3092,254,1984-09-21,2004-12-17
usa_NC_0034_0113,57.0,point_in_polygon,-0.301,0.0157,0.048424,0.2989,249,1984-09-21,2004-12-17
usa_NC_0034_0114,57.0,point_in_polygon,-0.3078,0.0166,0.042027,0.2966,249,1984-09-21,2004-12-17
usa_NC_0034_0115,57.0,point_in_polygon,-0.4026,0.0282,0.007956,0.2964,249,1984-09-21,2004-12-17
usa_NC_0034_0116,57.0,point_in_polygon,-0.4713,0.0371,0.002265,0.3009,249,1984-09-21,2004-12-17
usa_NC_0034_0117,57.0,point_in_polygon,-0.3936,0.0254,0.011645,0.305,250,1984-09-21,2004-12-17
usa_NC_0034_0118,57.0,point_in_polygon,-0.4427,0.0309,0.005413,0.3107,249,1984-09-21,2004-12-17
usa_NC_0034_0119,57.0,point_in_polygon,-0.4234,0.0267,0.009567,0.3193,251,1984-09-21,2004-12-17
usa_NC_0034_0120,58.0,point_in_polygon,-0.3237,0.017,0.038014,0.3056,254,1984-09-21,2004-12-17
usa_NC_0034_0121,58.0,point_in_polygon,-0.1994,0.0071,0.177079,0.2901,257,1984-09-21,2004-12-17
usa_NC_0034_0122,58.0,point_in_polygon,-0.1866,0.007,0.181351,0.2742,256,1984-09-21,2004-12-17
usa_NC_0034_0123,58.0,point_in_polygon,-0.0682,0.0009,0.626057,0.2753,257,1984-09-21,2004-12-17
usa_NC_0034_0124,58.0,point_in_polygon,-0.128,0.0034,0.352962,0.2709,255,1984-09-21,2004-12-17
usa_NC_0034_0125,58.0,point_in_polygon,-0.07,0.001,0.613345,0.2724,258,1984-09-21,2004-12-17
usa_NC_0034_0126,58.0,point_in_polygon,0.0055,0.0,0.968514,0.2719,258,1984-09-21,2004-12-17
usa_NC_0034_0127,58.0,point_in_polygon,-0.0534,0.0006,0.689357,0.2625,258,1984-09-21,2004-12-17
usa_NC_0034_0128,58.0,point_in_polygon,0.0087,0.0,0.947028,0.2588,257,1984-09-21,2004-12-17
usa_NC_0034_0129,58.0,point_in_polygon,0.0786,0.0014,0.549562,0.2583,254,1984-09-21,2004-12-17
usa_NC_0034_0130,59.0,point_in_polygon,0.1881,0.0083,0.148702,0.2557,254,1984-09-21,2004-12-17
usa_NC_0034_0131,59.0,point_in_polygon,0.2711,0.017,0.03573,0.2529,259,1984-09-21,2004-12-17
usa_NC_0034_0132,59.0,point_in_polygon,0.2987,0.0198,0.024743,0.2604,254,1984-09-21,2004-12-17
usa_NC_0034_0133,59.0,point_in_polygon,0.3728,0.0284,0.007387,0.2718,252,1984-09-21,2004-12-17
usa_NC_0034_0134,59.0,point_in_polygon,0.433,0.0374,0.002012,0.2732,253,1984-09-21,2004-12-17
usa_NC_0034_0135,59.0,point_in_polygon,0.4873,0.0464,0.000562,0.2747,253,1984-09-21,2004-12-17
usa_NC_0034_0136,59.0,point_in_polygon,0.5871,0.0659,3.7e-05,0.2753,252,1984-09-21,2004-12-17
usa_NC_0034_0137,59.0,point_in_polygon,0.6733,0.085,3e-06,0.2757,251,1984-09-21,2004-12-17
usa_NC_0034_0138,59.0,point_in_polygon,0.709,0.0993,0.0,0.266,252,1984-09-21,2004-12-17
usa_NC_0034_0139,59.0,point_in_polygon,0.7076,0.1018,0.0,0.2592,257,1984-09-21,2004-12-17
usa_NC_0034_0140,60.0,point_in_polygon,0.7142,0.1043,0.0,0.2576,258,1984-09-21,2004-12-17
usa_NC_0034_0141,60.0,point_in_polygon,0.8209,0.1337,0.0,0.2567,259,1984-09-21,2004-12-17
usa_NC_0034_0142,60.0,point_in_polygon,0.8853,0.1545,0.0,0.2554,257,1984-09-21,2004-12-17
usa_NC_0034_0143,60.0,point_in_polygon,0.9557,0.1729,0.0,0.2578,257,1984-09-21,2004-12-17
usa_NC_0034_0144,60.0,point_in_polygon,0.8939,0.1518,0.0,0.2617,255,1984-09-21,2004-12-17
usa_NC_0034_0145,60.0,point_in_polygon,0.9978,0.1686,0.0,0.2733,257,1984-09-21,2004-12-17
usa_NC_0034_0146,60.0,point_in_polygon,1.1193,0.1801,0.0,0.294,258,1984-09-21,2004-12-17
usa_NC_0034_0147,60.0,point_in_polygon,1.1655,0.2089,0.0,0.2813,254,1984-09-21,2004-12-17
usa_NC_0034_0148,60.0,point_in_polygon,1.2944,0.2731,0.0,0.263,252,1984-09-21,2004-12-17
usa_NC_0034_0149,60.0,point_in_polygon,1.3142,0.286,0.0,0.2597,250,1984-09-21,2004-12-17
usa_NC_0034_0150,61.0,point_in_polygon,1.396,0.3109,0.0,0.2579,254,1984-09-21,2004-12-17
usa_NC_0034_0151,61.0,point_in_polygon,1.4282,0.325,0.0,0.2554,254,1984-09-21,2004-12-17
usa_NC_0034_0152,61.0,point_in_polygon,1.4443,0.3118,0.0,0.2695,248,1984-09-21,2004-12-17
usa_NC_0034_0153,61.0,point_in_polygon,1.5445,0.3355,0.0,0.2724,249,1984-09-21,2004-12-17
usa_NC_0034_0154,61.0,point_in_polygon,1.6161,0.3511,0.0,0.2754,249,1984-09-21,2004-12-17
usa_NC_0034_0155,61.0,point_in_polygon,1.6311,0.3594,0.0,0.2729,249,1984-09-21,2004-12-17
usa_NC_0034_0156,61.0,point_in_polygon,1.6429,0.3586,0.0,0.2754,249,1984-09-21,2004-12-17
usa_NC_0034_0157,61.0,point_in_polygon,1.5624,0.3255,0.0,0.2824,248,1984-09-21,2004-12-17
usa_NC_0034_0158,61.0,point_in_polygon,1.6077,0.3096,0.0,0.3003,250,1984-09-21,2004-12-17
usa_NC_0034_0159,61.0,point_in_polygon,1.5526,0.2905,0.0,0.2998,256,1984-09-21,2004-12-17
usa_NC_0034_0161,62.0,point_in_polygon,1.2595,0.2222,0.0,0.2941,251,1984-09-21,2004-12-17
usa_NC_0034_0162,62.0,point_in_polygon,1.324,0.2396,0.0,0.2938,252,1984-09-21,2004-12-17
usa_NC_0034_0163,62.0,point_in_polygon,1.324,0.2382,0.0,0.295,252,1984-09-21,2004-12-17
usa_NC_0034_0164,62.0,point_in_polygon,1.2799,0.2188,0.0,0.3001,254,1984-09-21,2004-12-17
usa_NC_0034_0165,62.0,point_in_polygon,1.2458,0.2022,0.0,0.3064,255,1984-09-21,2004-12-17
usa_NC_0034_0166,62.0,point_in_polygon,1.2024,0.1883,0.0,0.3085,256,1984-09-21,2004-12-17
usa_NC_0034_0167,62.0,point_in_polygon,1.0593,0.1556,0.0,0.3067,253,1984-09-21,2004-12-17
usa_NC_0034_0168,62.0,point_in_polygon,0.9733,0.1337,0.0,0.3093,251,1984-09-21,2004-12-17
usa_NC_0034_0169,62.0,point_in_polygon,0.8732,0.1143,0.0,0.3064,246,1984-09-21,2004-12-17
usa_NC_0034_0170,62.0,point_in_polygon,0.7713,0.0899,1e-06,0.307,250,1984-09-21,2004-12-17
usa_NC_0034_0171,63.0,point_in_polygon,0.6238,0.0667,3.7e-05,0.2924,249,1984-09-21,2004-12-17
usa_NC_0034_0172,63.0,point_in_polygon,0.573,0.0526,0.000293,0.3071,245,1984-09-21,2004-12-17
usa_NC_0034_0173,63.0,point_in_polygon,0.4736,0.0355,0.003056,0.3118,245,1984-09-21,2004-12-17
usa_NC_0034_0174,63.0,point_in_polygon,0.3601,0.0192,0.029993,0.3249,245,1984-09-21,2004-12-17
usa_NC_0034_0175,63.0,point_in_polygon,0.2366,0.0085,0.14989,0.3226,246,1984-09-21,2004-12-17
usa_NC_0034_0176,63.0,point_in_polygon,0.0821,0.001,0.620697,0.3264,246,1984-09-21,2004-12-17
usa_NC_0034_0177,63.0,point_in_polygon,-0.1909,0.0056,0.244578,0.3223,245,1984-09-21,2004-12-17
usa_NC_0034_0178,63.0,point_in_polygon,-0.3669,0.0209,0.023002,0.3159,247,1984-09-21,2004-12-17
usa_NC_0034_0179,63.0,point_in_polygon,-0.5125,0.0408,0.001269,0.3096,252,1984-09-21,2004-12-17
usa_NC_0034_0180,63.0,point_in_polygon,-0.5865,0.0509,0.000304,0.3153,252,1984-09-21,2004-12-17
usa_NC_0034_0181,64.0,point_in_polygon,-0.7145,0.0707,1.9e-05,0.3227,252,1984-09-21,2004-12-17
usa_NC_0034_0182,64.0,point_in_polygon,-0.7574,0.0819,4e-06,0.3166,251,1984-09-21,2004-12-17
usa_NC_0034_0183,64.0,point_in_polygon,-0.7579,0.0845,3e-06,0.312,250,1984-09-21,2004-12-17
usa_NC_0034_0184,64.0,point_in_polygon,-0.8422,0.1044,0.0,0.3072,252,1984-09-21,2004-12-17
usa_NC_0034_0185,64.0,point_in_polygon,-0.8601,0.1111,0.0,0.3024,253,1984-09-21,2004-12-17
usa_NC_0034_0186,64.0,point_in_polygon,-0.9694,0.1413,0.0,0.2964,254,1984-09-21,2004-12-17
usa_NC_0034_0187,64.0,point_in_polygon,-1.105,0.1782,0.0,0.2956,252,1984-09-21,2004-12-17
usa_NC_0034_0188,64.0,point_in_polygon,-1.0541,0.157,0.0,0.3049,251,1984-09-21,2004-12-17
usa_NC_0034_0189,64.0,point_in_polygon,-1.1775,0.2016,0.0,0.2931,250,1984-09-21,2004-12-17
usa_NC_0034_0190,64.0,point_in_polygon,-1.2761,0.226,0.0,0.293,254,1984-09-21,2004-12-17
usa_NC_0034_0191,65.0,point_in_polygon,-1.2938,0.2223,0.0,0.3039,248,1984-09-21,2004-12-17
usa_NC_0034_0192,65.0,point_in_polygon,-1.2872,0.2159,0.0,0.3074,249,1984-09-21,2004-12-17
usa_NC_0034_0193,65.0,point_in_polygon,-1.2574,0.2064,0.0,0.3109,246,1984-09-21,2004-12-17
usa_NC_0034_0194,65.0,point_in_polygon,-1.302,0.2226,0.0,0.3062,247,1984-09-21,2004-12-17
usa_NC_0034_0195,65.0,point_in_polygon,-1.315,0.2195,0.0,0.3121,247,1984-09-21,2004-12-17
usa_NC_0034_0196,65.0,point_in_polygon,-1.4322,0.2582,0.0,0.3067,245,1984-09-21,2004-12-17
usa_NC_0034_0197,65.0,point_in_polygon,-1.5365,0.2656,0.0,0.3229,245,1984-09-21,2004-12-17
usa_NC_0034_0198,65.0,point_in_polygon,-1.5943,0.2825,0.0,0.3159,253,1984-09-21,2004-12-17
usa_NC_0034_0199,65.0,point_in_polygon,-1.5816,0.2868,0.0,0.31,253,1984-09-21,2004-12-17
usa_NC_0034_0200,65.0,point_in_polygon,-1.5967,0.3039,0.0,0.3023,250,1984-09-21,2004-12-17
usa_NC_0034_0201,66.0,point_in_polygon,-1.6071,0.3128,0.0,0.2967,252,1984-09-21,2004-12-17
usa_NC_0034_0202,66.0,point_in_polygon,-1.8116,0.3855,0.0,0.2855,251,1984-09-21,2004-12-17
usa_NC_0034_0203,66.0,point_in_polygon,-1.95,0.4464,0.0,0.2716,250,1984-09-21,2004-12-17
usa_NC_0034_0204,66.0,point_in_polygon,-2.0481,0.4562,0.0,0.2791,251,1984-09-21,2004-12-17
usa_NC_0034_0205,66.0,point_in_polygon,-2.1632,0.4685,0.0,0.2887,249,1984-09-21,2004-12-17
usa_NC_0034_0206,66.0,point_in_polygon,-2.1899,0.4571,0.0,0.2991,249,1984-09-21,2004-12-17
usa_NC_0034_0207,66.0,point_in_polygon,-2.1681,0.4265,0.0,0.3151,249,1984-09-21,2004-12-17
usa_NC_0034_0208,66.0,point_in_polygon,-2.2215,0.4408,0.0,0.3162,245,1984-09-21,2004-12-17
usa_NC_0034_0209,66.0,point_in_polygon,-2.1892,0.4298,0.0,0.3173,247,1984-09-21,2004-12-17
usa_NC_0034_0210,66.0,point_in_polygon,-1.9828,0.3743,0.0,0.3206,250,1984-09-21,2004-12-17
usa_NC_0034_0211,66.0,point_in_polygon,-1.8816,0.3523,0.0,0.3191,250,1984-09-21,2004-12-17
usa_NC_0034_0212,67.0,point_in_polygon,-1.8537,0.3541,0.0,0.315,247,1984-09-21,2004-12-17
usa_NC_0034_0213,67.0,point_in_polygon,-1.7346,0.3136,0.0,0.3243,245,1984-09-21,2004-12-17
usa_NC_0034_0214,67.0,point_in_polygon,-1.5563,0.2634,0.0,0.3289,245,1984-09-21,2004-12-17
usa_NC_0034_0215,67.0,point_in_polygon,-1.4257,0.2343,0.0,0.327,243,1984-09-21,2004-12-17
usa_NC_0034_0216,67.0,point_in_polygon,-1.2546,0.197,0.0,0.3227,241,1984-09-21,2004-12-17
usa_NC_0034_0217,67.0,point_in_polygon,-1.0021,0.1461,0.0,0.3074,243,1984-09-21,2004-12-17
usa_NC_0034_0218,67.0,point_in_polygon,-0.7688,0.0899,1e-06,0.3059,250,1984-09-21,2004-12-17
usa_NC_0034_0219,67.0,point_in_polygon,-0.6599,0.0643,5.2e-05,0.3154,249,1984-09-21,2004-12-17
usa_NC_0034_0220,67.0,point_in_polygon,-0.5537,0.0425,0.000998,0.3274,252,1984-09-21,2004-12-17
usa_NC_0034_0221,67.0,point_in_polygon,-0.4692,0.0312,0.005019,0.3264,251,1984-09-21,2004-12-17
usa_NC_0034_0222,68.0,point_in_polygon,-0.4882,0.0357,0.002976,0.3205,245,1984-09-21,2004-12-17
usa_NC_0034_0223,68.0,point_in_polygon,-0.3515,0.0216,0.020305,0.2964,249,1984-09-21,2004-12-17
usa_NC_0034_0224,68.0,point_in_polygon,-0.2286,0.009,0.135665,0.3008,249,1984-09-21,2004-12-17
usa_NC_0034_0225,68.0,point_in_polygon,-0.1851,0.006,0.220471,0.2968,250,1984-09-21,2004-12-17
usa_NC_0034_0226,68.0,point_in_polygon,-0.0332,0.0002,0.824368,0.294,252,1984-09-21,2004-12-17
usa_NC_0034_0227,68.0,point_in_polygon,0.0356,0.0002,0.804131,0.2828,249,1984-09-21,2004-12-17
usa_NC_0034_0228,68.0,point_in_polygon,0.0495,0.0005,0.728381,0.2802,244,1984-09-21,2004-12-17
usa_NC_0034_0229,68.0,point_in_polygon,0.1698,0.0056,0.242352,0.2854,248,1984-09-21,2004-12-17
usa_NC_0034_0230,68.0,point_in_polygon,0.2307,0.01,0.116246,0.2883,247,1984-09-21,2004-12-17
usa_NC_0034_0231,68.0,point_in_polygon,0.1939,0.0068,0.198126,0.2959,244,1984-09-21,2004-12-17
usa_NC_0034_0232,69.0,point_in_polygon,0.2422,0.0101,0.117168,0.3034,244,1984-09-21,2004-11-07
usa_NC_0034_0233,69.0,point_in_polygon,0.3388,0.0195,0.029049,0.3039,245,1984-09-21,2004-11-07
usa_NC_0034_0234,69.0,point_in_polygon,0.3704,0.0244,0.014418,0.2961,245,1984-09-21,2004-12-17
usa_NC_0034_0235,69.0,point_in_polygon,0.3921,0.0293,0.00753,0.2865,243,1984-09-21,2004-12-17
usa_NC_0034_0236,69.0,point_in_polygon,0.62,0.0726,1.8e-05,0.2795,246,1984-09-21,2004-12-17
usa_NC_0034_0237,69.0,point_in_polygon,0.6697,0.0809,6e-06,0.2851,245,1984-09-21,2004-12-17
usa_NC_0034_0238,69.0,point_in_polygon,0.7494,0.0965,1e-06,0.2868,250,1984-09-21,2004-12-17
usa_NC_0034_0239,69.0,point_in_polygon,0.7137,0.0907,1e-06,0.2815,252,1984-09-21,2004-12-17
usa_NC_0034_0240,69.0,point_in_polygon,0.6674,0.0785,7e-06,0.2859,250,1984-09-21,2004-12-17
usa_NC_0034_0241,69.0,point_in_polygon,0.648,0.0705,2.2e-05,0.295,249,1984-09-21,2004-12-17
usa_NC_0034_0243,70.0,point_in_polygon,0.5672,0.0584,0.000118,0.2855,249,1984-09-21,2004-12-17
usa_NC_0034_0244,70.0,point_in_polygon,0.527,0.0476,0.000486,0.2936,252,1984-09-21,2004-12-17
usa_NC_0034_0245,70.0,point_in_polygon,0.5353,0.0523,0.000252,0.2839,252,1984-09-21,2004-12-17
usa_NC_0034_0246,70.0,point_in_polygon,0.4011,0.0281,0.007622,0.2936,252,1984-09-21,2004-12-17
usa_NC_0034_0247,70.0,point_in_polygon,0.4704,0.0371,0.002141,0.2987,252,1984-09-21,2004-12-17
usa_NC_0034_0248,70.0,point_in_polygon,0.4237,0.0327,0.004186,0.2887,249,1984-09-21,2004-12-17
usa_NC_0034_0249,70.0,point_in_polygon,0.4859,0.0407,0.001304,0.2943,251,1984-09-21,2004-12-17
usa_NC_0034_0250,70.0,point_in_polygon,0.4285,0.0327,0.004099,0.2913,250,1984-09-21,2004-12-17
usa_NC_0035_0001,70.0,point_in_polygon,0.5327,0.0467,0.000407,0.2928,264,1984-06-17,2004-12-17
usa_NC_0035_0002,70.0,point_in_polygon,0.386,0.0267,0.007791,0.2834,264,1984-06-17,2004-12-17
usa_NC_0035_0003,71.0,point_in_polygon,0.3015,0.015,0.046529,0.2968,265,1984-06-17,2004-12-17
usa_NC_0035_0004,71.0,point_in_polygon,0.2417,0.0089,0.123821,0.3082,268,1984-06-17,2004-12-17
usa_NC_0035_0005,71.0,point_in_polygon,0.1875,0.0054,0.233417,0.3091,265,1984-06-17,2004-12-17
usa_NC_0035_0006,71.0,point_in_polygon,0.1385,0.003,0.380125,0.3102,262,1984-06-17,2004-12-17
usa_NC_0035_0007,71.0,point_in_polygon,0.1128,0.0018,0.491562,0.3225,268,1984-06-17,2004-12-17
usa_NC_0035_0008,71.0,point_in_polygon,-0.0554,0.0004,0.733491,0.3199,271,1984-06-17,2004-12-17
usa_NC_0035_0009,71.0,point_in_polygon,-0.0488,0.0003,0.769546,0.3274,272,1984-06-17,2004-12-17
usa_NC_0035_0010,71.0,point_in_polygon,-0.0728,0.0007,0.67046,0.3366,272,1984-06-17,2004-12-17
usa_NC_0035_0011,71.0,point_in_polygon,-0.0843,0.0008,0.637928,0.3523,270,1984-06-17,2004-12-17
usa_NC_0035_0012,71.0,point_in_polygon,-0.2255,0.0063,0.198871,0.3447,265,1984-06-17,2004-12-17
usa_NC_0035_0013,72.0,point_in_polygon,-0.2439,0.0076,0.15361,0.3356,268,1984-06-17,2004-12-17
usa_NC_0035_0014,72.0,point_in_polygon,-0.3097,0.0133,0.058681,0.3212,269,1984-06-17,2004-12-17
usa_NC_0035_0015,72.0,point_in_polygon,-0.3576,0.0169,0.033015,0.3285,269,1984-06-17,2004-12-17
usa_NC_0035_0016,72.0,point_in_polygon,-0.4045,0.0221,0.014746,0.3245,268,1984-06-17,2004-12-17
usa_NC_0035_0017,72.0,point_in_polygon,-0.3531,0.0158,0.040855,0.3383,265,1984-06-17,2004-12-17
usa_NC_0035_0018,72.0,point_in_polygon,-0.3868,0.0174,0.032629,0.3546,263,1984-06-17,2004-12-17
usa_NC_0035_0019,72.0,point_in_polygon,-0.3668,0.0163,0.037314,0.3451,267,1984-06-17,2004-12-17
usa_NC_0035_0020,72.0,point_in_polygon,-0.322,0.0122,0.072232,0.3513,266,1984-06-17,2004-12-17
usa_NC_0035_0021,72.0,point_in_polygon,-0.3512,0.0146,0.049989,0.3512,264,1984-06-17,2004-12-17
usa_NC_0035_0022,72.0,point_in_polygon,-0.3452,0.0134,0.061714,0.3622,261,1984-06-17,2004-12-17
usa_NC_0035_0023,73.0,point_in_polygon,-0.3361,0.0121,0.074836,0.3701,263,1984-06-17,2004-12-17
usa_NC_0035_0024,73.0,point_in_polygon,-0.3821,0.016,0.040839,0.3661,262,1984-06-17,2004-12-17
usa_NC_0035_0025,73.0,point_in_polygon,-0.4104,0.0188,0.027116,0.3636,260,1984-06-17,2004-12-17
usa_NC_0035_0026,73.0,point_in_polygon,-0.4581,0.0245,0.011792,0.3557,258,1984-06-17,2004-12-17
usa_NC_0035_0027,73.0,point_in_polygon,-0.4941,0.0303,0.004629,0.3406,263,1984-06-17,2004-12-17
usa_NC_0035_0028,73.0,point_in_polygon,-0.3999,0.0208,0.018062,0.331,268,1984-06-17,2004-12-17
usa_NC_0035_0029,73.0,point_in_polygon,-0.2478,0.0081,0.141574,0.331,269,1984-06-17,2004-12-17
usa_NC_0035_0030,73.0,point_in_polygon,-0.2257,0.0066,0.183311,0.3331,268,1984-06-17,2004-12-17
usa_NC_0035_0031,73.0,point_in_polygon,-0.1,0.0014,0.540342,0.3213,266,1984-06-17,2004-12-17
usa_NC_0035_0032,73.0,point_in_polygon,0.1212,0.002,0.46591,0.3268,266,1984-06-17,2004-12-17
usa_NC_0035_0034,74.0,point_in_polygon,0.4756,0.0327,0.003064,0.3133,266,1984-06-17,2004-12-17
usa_NC_0035_0035,74.0,point_in_polygon,0.5952,0.0513,0.000189,0.3095,267,1984-06-17,2004-12-17
usa_NC_0035_0036,74.0,point_in_polygon,0.7713,0.085,1e-06,0.306,267,1984-06-17,2004-12-17
usa_NC_0035_0037,74.0,point_in_polygon,0.8353,0.1006,0.0,0.3039,264,1984-06-17,2004-12-17
usa_NC_0035_0038,74.0,point_in_polygon,0.8967,0.1101,0.0,0.3089,266,1984-06-17,2004-12-17
usa_NC_0035_0039,74.0,point_in_polygon,1.1246,0.161,0.0,0.3117,265,1984-06-17,2004-12-17
usa_NC_0035_0040,74.0,point_in_polygon,1.1853,0.1662,0.0,0.3236,263,1984-06-17,2004-12-17
usa_NC_0035_0041,74.0,point_in_polygon,1.214,0.1672,0.0,0.3296,264,1984-06-17,2004-12-17
usa_NC_0035_0042,74.0,point_in_polygon,1.4283,0.2144,0.0,0.3325,264,1984-06-17,2004-12-17
usa_NC_0035_0043,74.0,point_in_polygon,1.7583,0.2949,0.0,0.3301,265,1984-06-17,2004-12-17
usa_NC_0035_0044,75.0,point_in_polygon,1.9818,0.3499,0.0,0.3286,264,1984-06-17,2004-12-17
usa_NC_0035_0045,75.0,point_in_polygon,2.2292,0.4286,0.0,0.3137,263,1984-06-17,2004-12-17
usa_NC_0035_0046,75.0,point_in_polygon,2.3846,0.4792,0.0,0.3024,264,1984-06-17,2004-12-17
usa_NC_0035_0047,75.0,point_in_polygon,2.4529,0.4819,0.0,0.3094,264,1984-06-17,2004-12-17
usa_NC_0035_0048,75.0,point_in_polygon,2.426,0.4807,0.0,0.3015,273,1984-06-17,2004-12-17
usa_NC_0035_0049,75.0,point_in_polygon,2.3492,0.4518,0.0,0.3094,273,1984-06-17,2004-12-17
usa_NC_0035_0050,75.0,point_in_polygon,2.2053,0.4124,0.0,0.3154,272,1984-06-17,2004-12-17
usa_NC_0035_0051,75.0,point_in_polygon,2.146,0.3828,0.0,0.3277,270,1984-06-17,2004-12-17
usa_NC_0035_0052,75.0,point_in_polygon,2.0106,0.3354,0.0,0.341,269,1984-06-17,2004-12-17
usa_NC_0035_0053,75.0,point_in_polygon,1.9453,0.2962,0.0,0.362,268,1984-06-17,2004-12-17
usa_NC_0035_0054,76.0,point_in_polygon,1.8924,0.2608,0.0,0.3818,272,1984-06-17,2004-12-17
usa_NC_0035_0055,76.0,point_in_polygon,1.6934,0.1973,0.0,0.4093,272,1984-06-17,2004-12-17
usa_NC_0035_0056,76.0,point_in_polygon,1.3426,0.1147,0.0,0.4485,270,1984-06-17,2004-12-17
usa_NC_0035_0057,76.0,point_in_polygon,0.8638,0.0443,0.000538,0.4854,267,1984-06-17,2004-12-17
usa_NC_0035_0058,76.0,point_in_polygon,0.3289,0.0059,0.210487,0.5158,267,1984-06-17,2004-12-17
usa_NC_0035_0059,76.0,point_in_polygon,-0.21,0.0022,0.442815,0.5379,266,1984-06-17,2004-12-17
usa_NC_0035_0060,76.0,point_in_polygon,-0.7335,0.0252,0.009733,0.5546,264,1984-06-17,2004-12-17
usa_NC_0035_0061,76.0,point_in_polygon,-1.3401,0.0782,5e-06,0.5642,260,1984-09-21,2004-12-17
usa_NC_0035_0062,76.0,point_in_polygon,-2.0186,0.1639,0.0,0.5601,259,1984-09-21,2004-12-17
usa_NC_0035_0063,76.0,point_in_polygon,-2.4857,0.2378,0.0,0.5435,262,1984-06-17,2004-12-17
usa_NC_0035_0064,77.0,point_in_polygon,-3.1228,0.3286,0.0,0.5451,262,1984-06-17,2004-12-17
usa_NC_0035_0065,77.0,point_in_polygon,-3.6835,0.4064,0.0,0.5447,261,1984-06-17,2004-12-17
usa_NC_0035_0066,77.0,point_in_polygon,-4.1222,0.4596,0.0,0.548,260,1984-06-17,2004-12-17
usa_NC_0035_0067,77.0,point_in_polygon,-4.5444,0.5378,0.0,0.5134,263,1984-06-17,2004-12-17
usa_NC_0035_0068,77.0,point_in_polygon,-5.036,0.5963,0.0,0.5002,268,1984-06-17,2004-12-17
usa_NC_0035_0069,77.0,point_in_polygon,-5.308,0.6365,0.0,0.4843,268,1984-06-17,2004-12-17
usa_NC_0035_0070,77.0,point_in_polygon,-5.6196,0.6816,0.0,0.4637,268,1984-06-17,2004-12-17
usa_NC_0035_0071,77.0,point_in_polygon,-5.7915,0.7181,0.0,0.4373,269,1984-06-17,2004-12-17
usa_NC_0035_0072,77.0,point_in_polygon,-5.93,0.7521,0.0,0.4118,267,1984-06-17,2004-12-17
usa_NC_0035_0073,77.0,point_in_polygon,-6.0763,0.7757,0.0,0.3937,269,1984-06-17,2004-12-17
usa_NC_0035_0074,78.0,point_in_polygon,-6.1169,0.7843,0.0,0.3844,272,1984-06-17,2004-12-17
usa_NC_0035_0075,78.0,point_in_polygon,-6.1475,0.7965,0.0,0.3723,272,1984-06-17,2004-12-17
usa_NC_0035_0076,78.0,point_in_polygon,-6.1069,0.7969,0.0,0.3708,270,1984-06-17,2004-12-17
usa_NC_0035_0077,78.0,point_in_polygon,-5.9916,0.7868,0.0,0.3758,269,1984-06-17,2004-12-17
usa_NC_0035_0078,78.0,point_in_polygon,-5.8616,0.7761,0.0,0.3794,269,1984-06-17,2004-12-17
usa_NC_0035_0079,78.0,point_in_polygon,-5.7671,0.7624,0.0,0.3872,270,1984-06-17,2004-12-17
usa_NC_0035_0080,78.0,point_in_polygon,-5.8117,0.756,0.0,0.3986,268,1984-06-17,2004-12-17
usa_NC_0035_0081,78.0,point_in_polygon,-5.8683,0.7531,0.0,0.4072,266,1984-06-17,2004-12-17
usa_NC_0035_0082,78.0,point_in_polygon,-5.9849,0.7704,0.0,0.3968,265,1984-06-17,2004-12-17
usa_NC_0035_0083,78.0,point_in_polygon,-5.8349,0.7726,0.0,0.3866,262,1984-06-17,2004-12-17
usa_NC_0035_0084,79.0,point_in_polygon,-5.4083,0.7426,0.0,0.3881,263,1984-06-17,2004-12-17
usa_NC_0035_0085,79.0,point_in_polygon,-5.3253,0.7269,0.0,0.3978,263,1984-06-17,2004-12-17
usa_NC_0035_0086,79.0,point_in_polygon,-5.0925,0.74,0.0,0.373,256,1984-06-17,2004-12-17
usa_NC_0035_0087,79.0,point_in_polygon,-4.8844,0.7431,0.0,0.3521,260,1984-06-17,2004-12-17
usa_NC_0035_0088,79.0,point_in_polygon,-4.6539,0.7197,0.0,0.3533,264,1984-06-17,2004-12-17
usa_NC_0035_0089,79.0,point_in_polygon,-4.4636,0.7013,0.0,0.3523,267,1984-06-17,2004-12-17
usa_NC_0035_0090,79.0,point_in_polygon,-4.3177,0.6859,0.0,0.3541,266,1984-06-17,2004-12-17
usa_NC_0036_0001,79.0,point_in_polygon,-4.4797,0.7075,0.0,0.3581,253,1984-06-17,2004-12-17
usa_NC_0036_0002,79.0,point_in_polygon,-4.4722,0.6891,0.0,0.3734,253,1984-06-17,2004-12-17
usa_NC_0036_0003,79.0,point_in_polygon,-4.4271,0.6718,0.0,0.3839,254,1984-06-17,2004-12-17
usa_NC_0036_0004,80.0,point_in_polygon,-4.2054,0.6242,0.0,0.4025,257,1984-06-17,2004-12-17
usa_NC_0036_0005,80.0,point_in_polygon,-4.0084,0.5867,0.0,0.4157,256,1984-06-17,2004-12-17
usa_NC_0036_0006,80.0,point_in_polygon,-3.8678,0.5722,0.0,0.4149,254,1984-06-17,2004-12-17
usa_NC_0036_0007,80.0,point_in_polygon,-3.6648,0.5302,0.0,0.4271,255,1984-06-17,2004-12-17
usa_NC_0036_0008,80.0,point_in_polygon,-3.3629,0.4627,0.0,0.4495,254,1984-06-17,2004-12-17
usa_NC_0036_0009,80.0,point_in_polygon,-3.0904,0.4094,0.0,0.4605,254,1984-06-17,2004-12-17
usa_NC_0036_0010,80.0,point_in_polygon,-2.8666,0.3676,0.0,0.4674,253,1984-06-17,2004-12-17
usa_NC_0036_0011,80.0,point_in_polygon,-2.7292,0.345,0.0,0.4665,254,1984-06-17,2004-12-17
usa_NC_0036_0012,80.0,point_in_polygon,-2.6923,0.3424,0.0,0.462,255,1984-06-17,2004-12-17
usa_NC_0036_0013,80.0,point_in_polygon,-2.6212,0.3349,0.0,0.4574,255,1984-06-17,2004-12-17
usa_NC_0036_0014,81.0,point_in_polygon,-2.6824,0.3508,0.0,0.451,256,1984-06-17,2004-12-17
usa_NC_0036_0015,81.0,point_in_polygon,-2.9171,0.4089,0.0,0.4334,256,1984-06-17,2004-12-17
usa_NC_0036_0016,81.0,point_in_polygon,-3.2401,0.4749,0.0,0.4202,257,1984-06-17,2004-12-17
usa_NC_0036_0017,81.0,point_in_polygon,-3.5733,0.5555,0.0,0.3957,255,1984-06-17,2004-12-17
usa_NC_0036_0018,81.0,point_in_polygon,-4.0897,0.6342,0.0,0.3846,255,1984-06-17,2004-12-17
usa_NC_0036_0019,81.0,point_in_polygon,-4.5849,0.7014,0.0,0.3653,262,1984-06-17,2004-12-17
usa_NC_0036_0020,81.0,point_in_polygon,-5.0026,0.736,0.0,0.3651,263,1984-06-17,2004-12-17
usa_NC_0036_0021,81.0,point_in_polygon,-5.2571,0.7506,0.0,0.3693,263,1984-06-17,2004-12-17
usa_NC_0036_0022,81.0,point_in_polygon,-5.462,0.7689,0.0,0.3671,260,1984-06-17,2004-12-17
usa_NC_0036_0023,81.0,point_in_polygon,-5.792,0.7977,0.0,0.3582,259,1984-06-17,2004-12-17
usa_NC_0036_0024,82.0,point_in_polygon,-6.0004,0.8258,0.0,0.3372,261,1984-06-17,2004-12-17
usa_NC_0036_0025,82.0,point_in_polygon,-6.0968,0.84,0.0,0.325,262,1984-06-17,2004-12-17
usa_NC_0036_0026,82.0,point_in_polygon,-5.996,0.8315,0.0,0.3302,261,1984-06-17,2004-12-17
usa_NC_0036_0027,82.0,point_in_polygon,-5.9053,0.8088,0.0,0.3493,264,1984-06-17,2004-12-17
usa_NC_0036_0028,82.0,point_in_polygon,-5.924,0.7856,0.0,0.3772,263,1984-06-17,2004-12-17
usa_NC_0036_0029,82.0,point_in_polygon,-5.8276,0.776,0.0,0.3831,261,1984-06-17,2004-12-17
usa_NC_0036_0030,82.0,point_in_polygon,-5.7627,0.7585,0.0,0.3963,263,1984-06-17,2004-12-17
usa_NC_0036_0031,82.0,point_in_polygon,-5.6227,0.742,0.0,0.4041,263,1984-06-17,2004-12-17
usa_NC_0036_0032,82.0,point_in_polygon,-5.4592,0.7435,0.0,0.3915,262,1984-06-17,2004-12-17
usa_NC_0036_0033,82.0,point_in_polygon,-5.2112,0.7563,0.0,0.3619,261,1984-06-17,2004-12-17
usa_NC_0036_0034,83.0,point_in_polygon,-4.8341,0.7598,0.0,0.3319,262,1984-06-17,2004-12-17
usa_NC_0036_0035,83.0,point_in_polygon,-4.5283,0.7728,0.0,0.3004,261,1984-06-17,2004-12-17
usa_NC_0036_0036,83.0,point_in_polygon,-4.3565,0.7606,0.0,0.2973,264,1984-06-17,2004-12-17
usa_NC_0036_0037,83.0,point_in_polygon,-4.2469,0.7581,0.0,0.2929,262,1984-06-17,2004-12-17
usa_NC_0036_0038,83.0,point_in_polygon,-4.2164,0.7442,0.0,0.3025,261,1984-06-17,2004-12-17
usa_NC_0036_0039,83.0,point_in_polygon,-4.1655,0.7496,0.0,0.2917,266,1984-06-17,2004-12-17
usa_NC_0036_0040,83.0,point_in_polygon,-4.1596,0.7615,0.0,0.2827,265,1984-06-17,2004-12-17
usa_NC_0036_0041,83.0,point_in_polygon,-4.2816,0.7842,0.0,0.2727,265,1984-06-17,2004-12-17
usa_NC_0036_0042,83.0,point_in_polygon,-4.4586,0.8085,0.0,0.2644,263,1984-06-17,2004-12-17
usa_NC_0036_0043,83.0,point_in_polygon,-4.4583,0.8001,0.0,0.2722,262,1984-06-17,2004-12-17
usa_NC_0036_0044,84.0,point_in_polygon,-4.393,0.7827,0.0,0.2833,261,1984-06-17,2004-12-17
usa_NC_0036_0045,84.0,point_in_polygon,-4.3816,0.7736,0.0,0.2895,262,1984-06-17,2004-12-17
usa_NC_0036_0046,84.0,point_in_polygon,-4.4384,0.7785,0.0,0.2897,261,1984-06-17,2004-12-17
usa_NC_0036_0047,84.0,point_in_polygon,-4.4709,0.7645,0.0,0.3024,263,1984-06-17,2004-12-17
usa_NC_0036_0048,84.0,point_in_polygon,-4.5564,0.7555,0.0,0.316,263,1984-06-17,2004-12-17
usa_NC_0036_0049,84.0,point_in_polygon,-4.6088,0.7653,0.0,0.3117,262,1984-06-17,2004-12-17
usa_NC_0036_0050,84.0,point_in_polygon,-4.6712,0.7897,0.0,0.2956,260,1984-06-17,2004-12-17
usa_NC_0036_0051,84.0,point_in_polygon,-4.5969,0.792,0.0,0.2883,261,1984-06-17,2004-12-17
usa_NC_0036_0052,84.0,point_in_polygon,-4.546,0.7964,0.0,0.2807,262,1984-06-17,2004-12-17
usa_NC_0036_0053,84.0,point_in_polygon,-4.4599,0.7849,0.0,0.2856,261,1984-06-17,2004-12-17
usa_NC_0036_0054,84.0,point_in_polygon,-4.3272,0.7763,0.0,0.2859,258,1984-06-17,2004-12-17
usa_NC_0036_0055,85.0,point_in_polygon,-4.1009,0.7558,0.0,0.2869,258,1984-06-17,2004-12-17
usa_NC_0036_0056,85.0,point_in_polygon,-3.8678,0.7353,0.0,0.2851,259,1984-06-17,2004-12-17
usa_NC_0036_0057,85.0,point_in_polygon,-3.6821,0.7216,0.0,0.2815,258,1984-06-17,2004-12-17
usa_NC_0036_0058,85.0,point_in_polygon,-3.3993,0.6724,0.0,0.2938,255,1984-06-17,2004-12-17
usa_NC_0036_0059,85.0,point_in_polygon,-3.2188,0.6433,0.0,0.2985,252,1984-06-17,2004-12-17
usa_NC_0036_0060,85.0,point_in_polygon,-3.0782,0.6147,0.0,0.3029,253,1984-06-17,2004-12-17
usa_NC_0036_0061,85.0,point_in_polygon,-3.0164,0.6209,0.0,0.2907,257,1984-06-17,2004-12-17
usa_NC_0036_0062,85.0,point_in_polygon,-3.0539,0.6472,0.0,0.2753,262,1984-06-17,2004-12-17
usa_NC_0036_0063,85.0,point_in_polygon,-3.04,0.6505,0.0,0.2716,263,1984-06-17,2004-12-17
usa_NC_0036_0064,85.0,point_in_polygon,-2.9839,0.6366,0.0,0.2748,263,1984-06-17,2004-12-17
usa_NC_0036_0065,85.0,point_in_polygon,-2.93,0.6254,0.0,0.278,260,1984-06-17,2004-12-17
usa_NC_0036_0066,85.0,point_in_polygon,-2.9043,0.6257,0.0,0.2759,259,1984-06-17,2004-12-17
usa_NC_0036_0067,86.0,point_in_polygon,-2.9262,0.6363,0.0,0.2717,259,1984-06-17,2004-12-17
usa_NC_0036_0068,86.0,point_in_polygon,-2.9281,0.6293,0.0,0.2744,262,1984-06-17,2004-12-17
usa_NC_0036_0069,86.0,point_in_polygon,-3.0284,0.6431,0.0,0.2745,264,1984-06-17,2004-12-17
usa_NC_0036_0070,86.0,point_in_polygon,-2.9923,0.6336,0.0,0.2768,264,1984-06-17,2004-12-17
usa_NC_0036_0071,86.0,point_in_polygon,-2.9875,0.6225,0.0,0.2852,260,1984-06-17,2004-12-17
usa_NC_0036_0072,86.0,point_in_polygon,-2.9624,0.6106,0.0,0.2901,260,1984-06-17,2004-12-17
usa_NC_0036_0073,86.0,point_in_polygon,-2.9994,0.6402,0.0,0.2773,257,1984-06-17,2004-12-17
usa_NC_0036_0074,86.0,point_in_polygon,-2.9454,0.6529,0.0,0.2638,259,1984-06-17,2004-12-17
usa_NC_0036_0075,86.0,point_in_polygon,-2.9117,0.642,0.0,0.2676,258,1984-06-17,2004-12-17
usa_NC_0036_0076,86.0,point_in_polygon,-2.8848,0.6331,0.0,0.2708,257,1984-06-17,2004-12-17
usa_NC_0036_0077,86.0,point_in_polygon,-2.9373,0.6191,0.0,0.2825,260,1984-06-17,2004-12-17
usa_NC_0036_0078,86.0,point_in_polygon,-2.846,0.6033,0.0,0.2846,257,1984-06-17,2004-12-17
usa_NC_0036_0079,87.0,point_in_polygon,-2.8353,0.6071,0.0,0.2819,256,1984-06-17,2004-12-17
usa_NC_0036_0080,87.0,point_in_polygon,-2.9368,0.6481,0.0,0.2664,258,1984-06-17,2004-12-17
usa_NC_0036_0081,87.0,point_in_polygon,-2.9947,0.6663,0.0,0.2608,258,1984-06-17,2004-12-17
usa_NC_0036_0082,87.0,point_in_polygon,-3.0486,0.6861,0.0,0.2533,259,1984-06-17,2004-12-17
usa_NC_0036_0083,87.0,point_in_polygon,-3.0344,0.686,0.0,0.2532,257,1984-06-17,2004-12-17
usa_NC_0036_0084,87.0,point_in_polygon,-3.0061,0.6944,0.0,0.2455,258,1984-06-17,2004-12-17
usa_NC_0036_0085,87.0,point_in_polygon,-3.0256,0.6954,0.0,0.2445,262,1984-06-17,2004-12-17
usa_NC_0036_0086,87.0,point_in_polygon,-3.0288,0.6997,0.0,0.2423,262,1984-06-17,2004-12-17
usa_NC_0036_0087,87.0,point_in_polygon,-2.9271,0.6893,0.0,0.2395,263,1984-06-17,2004-12-17
usa_NC_0036_0088,87.0,point_in_polygon,-2.772,0.6566,0.0,0.2453,261,1984-06-17,2004-12-17
usa_NC_0036_0089,87.0,point_in_polygon,-2.6848,0.6492,0.0,0.241,262,1984-06-17,2004-12-17
usa_NC_0036_0090,88.0,point_in_polygon,-2.6305,0.6338,0.0,0.2446,261,1984-06-17,2004-12-17
usa_NC_0036_0091,88.0,point_in_polygon,-2.5498,0.6147,0.0,0.246,263,1984-06-17,2004-12-17
usa_NC_0036_0092,88.0,point_in_polygon,-2.5142,0.6091,0.0,0.2445,265,1984-06-17,2004-12-17
usa_NC_0036_0093,88.0,point_in_polygon,-2.3867,0.5534,0.0,0.2598,266,1984-06-17,2004-12-17
usa_NC_0036_0094,88.0,point_in_polygon,-2.3421,0.5539,0.0,0.2567,262,1984-06-17,2004-12-17
usa_NC_0036_0095,88.0,point_in_polygon,-2.3052,0.5568,0.0,0.2511,262,1984-06-17,2004-12-17
usa_NC_0036_0096,88.0,point_in_polygon,-2.1596,0.5361,0.0,0.2458,261,1984-06-17,2004-12-17
usa_NC_0036_0097,88.0,point_in_polygon,-2.019,0.5072,0.0,0.243,262,1984-06-17,2004-12-17
usa_NC_0036_0098,88.0,point_in_polygon,-1.8412,0.5015,0.0,0.2264,257,1984-06-17,2004-12-17
usa_NC_0036_0099,88.0,point_in_polygon,-1.7038,0.4444,0.0,0.2331,261,1984-06-17,2004-12-17
usa_NC_0036_0100,89.0,point_in_polygon,-1.4968,0.3911,0.0,0.2298,258,1984-06-17,2004-12-17
usa_NC_0036_0101,89.0,point_in_polygon,-1.5776,0.4138,0.0,0.2311,258,1984-06-17,2004-12-17
usa_NC_0036_0102,89.0,point_in_polygon,-1.5437,0.3921,0.0,0.2356,260,1984-06-17,2004-12-17
usa_NC_0036_0103,89.0,point_in_polygon,-1.4422,0.3946,0.0,0.2195,259,1984-06-17,2004-12-17
usa_NC_0036_0104,89.0,point_in_polygon,-1.2244,0.3206,0.0,0.2198,257,1984-06-17,2004-12-17
usa_NC_0036_0105,89.0,point_in_polygon,-1.1809,0.3005,0.0,0.2213,259,1984-06-17,2004-12-17
usa_NC_0036_0106,89.0,point_in_polygon,-1.1996,0.321,0.0,0.2126,263,1984-06-17,2004-12-17
usa_NC_0036_0107,89.0,point_in_polygon,-1.1055,0.2808,0.0,0.2148,265,1984-06-17,2004-12-17
usa_NC_0036_0108,89.0,point_in_polygon,-0.9732,0.2135,0.0,0.2264,266,1984-06-17,2004-12-17
usa_NC_0036_0109,90.0,point_in_polygon,-0.8136,0.1631,0.0,0.2238,265,1984-06-17,2004-12-17
usa_NC_0036_0110,90.0,point_in_polygon,-0.6503,0.1093,0.0,0.2267,262,1984-06-17,2004-12-17
usa_NC_0036_0111,90.0,point_in_polygon,-0.5382,0.0836,2e-06,0.2172,263,1984-06-17,2004-12-17
usa_NC_0036_0112,90.0,point_in_polygon,-0.4266,0.0503,0.000232,0.225,265,1984-06-17,2004-12-17
usa_NC_0037_0001,90.0,point_in_polygon,-0.1957,0.0113,0.09433,0.2295,249,1984-06-17,2004-12-17
usa_NC_0037_0002,90.0,point_in_polygon,0.0999,0.0032,0.372823,0.2203,247,1984-06-17,2004-12-17
usa_NC_0037_0003,90.0,point_in_polygon,0.3538,0.0365,0.002685,0.2298,245,1984-06-17,2004-12-17
usa_NC_0037_0004,90.0,point_in_polygon,0.5918,0.096,1e-06,0.23,244,1984-06-17,2004-12-17
usa_NC_0037_0005,90.0,point_in_polygon,0.805,0.1638,0.0,0.2318,241,1984-06-17,2004-12-17
usa_NC_0037_0006,90.0,point_in_polygon,1.0122,0.2464,0.0,0.226,240,1984-06-17,2004-12-17
