run_name,Hs_m,arm,timestamp,start_year,end_year,source_sink_preset,be_nonzero_domains,be_values_digest,be_rate_gis1_m_yr,be_rate_gis90_m_yr,scenario,scenario_overridden,groin_enabled,groin_trapping_m_yr,roadway_management,relocations_enabled,beach_dune_management,nourishment_fills,bdm_domains,nourishment_projects,rslr_m_yr,annual_states,run_complete,mean_bias_m_yr,rmse_m_yr,mean_bias_interior_m_yr,rmse_interior_m_yr,nourishment_ok,roads_drowned,roads_reloc_blocked,groin_extent_updrift_m,groin_extent_downdrift_m,runtime_min,use_sandbox_cascade,topo_product,topo_dune_version,git_commit,git_dirty,rate_estimator,lrr_r2_median,lrr_r2_below_floor,endpoint_mean_bias_interior_m_yr,endpoint_rmse_interior_m_yr,sandbags_on,groin_deterioration_f
HAT_1984_2004_calibBE_noroad_bdm_groin,2.5,calibration,2026-09-01 02:23:12,1984,2004,calibBE,48,7784350673d3,-42.6,32.8,beachdune_only,False,True,60.0,False,False,True,True,29,0,0.004,21,True,-0.2020848175021897,0.5725503520338904,-0.1907023773669454,0.5689357109163966,True,0,0,6500.0,2500.0,1.6,True,1984-start,v1,317edc4af21e,True,lrr,0.92892904458552,14,-0.1467153211081386,0.506823700796059,False,0.6
HAT_1984_2004_calibBE_noroad_bdm_nogroin,2.5,calibration,2026-09-01 00:57:38,1984,2004,calibBE,48,7784350673d3,-42.6,32.8,beachdune_only,False,False,,False,False,True,True,29,0,0.004,21,True,-0.1907752271045323,0.5633634019242937,-0.1854202796685662,0.562869455563871,True,0,0,,,1.5,True,1984-start,v1,317edc4af21e,True,lrr,0.9320772217486216,14,-0.1427558561706069,0.504021632860361,False,
HAT_1984_2004_calibBE_noroad_nobdm_groin,2.5,calibration,2026-09-01 02:17:06,1984,2004,calibBE,48,7784350673d3,-42.6,32.8,natural,False,True,60.0,False,False,False,False,0,0,0.004,21,True,-0.3379018110842925,0.6535954905907271,-0.3283633733649198,0.650464897031315,True,0,0,6000.0,2500.0,1.5,True,1984-start,v1,317edc4af21e,True,lrr,0.9310614433752462,23,-0.254697578465964,0.5634739769258144,False,0.6
HAT_1984_2004_calibBE_noroad_nobdm_nogroin,2.5,calibration,2026-09-01 00:51:52,1984,2004,calibBE,48,7784350673d3,-42.6,32.8,natural,False,False,,False,False,False,False,0,0,0.004,21,True,-0.3279590462252749,0.6474250956413012,-0.324406214296231,0.6470390380492554,True,0,0,,,1.4,True,1984-start,v1,317edc4af21e,True,lrr,0.9346875511413348,23,-0.2512279765979134,0.5625903647661059,False,
HAT_1984_2004_calibBE_road_bdm_groin,2.5,calibration,2026-09-01 02:25:05,1984,2004,calibBE,48,7784350673d3,-42.6,32.8,full_management,False,True,60.0,True,False,True,True,29,0,0.004,21,True,0.0188714375071277,0.541128562452238,0.0296057189136129,0.5426590821985895,True,0,0,5500.0,2500.0,1.3,True,1984-start,v1,317edc4af21e,True,lrr,0.9354234066611922,14,0.0335797320243205,0.4894887870189898,False,0.6
HAT_1984_2004_calibBE_road_bdm_groin_waveHs0p75,0.75,sensitivity,2026-09-01 16:43:11,1984,2004,calibBE,48,7784350673d3,-42.6,32.8,full_management,False,True,60.0,True,False,True,True,29,0,0.004,21,True,-0.2421218858222326,2.923464648290419,-0.2066621050059023,2.7683439859562315,True,0,0,,,1.3,True,1984-start,v1,317edc4af21e,True,lrr,0.9779421949952088,4,-0.1959675063801399,2.779770102194231,False,0.6
HAT_1984_2004_calibBE_road_bdm_groin_waveHs0p8,0.8,sensitivity,2026-09-01 16:44:38,1984,2004,calibBE,48,7784350673d3,-42.6,32.8,full_management,False,True,60.0,True,False,True,True,29,0,0.004,21,True,-0.1057664187291457,2.2973869823458046,-0.0694778034240727,2.1071308045596555,True,0,0,,,1.2,True,1984-start,v1,317edc4af21e,True,lrr,0.9809361170274652,4,-0.0392014339846435,2.038393158819278,False,0.6
HAT_1984_2004_calibBE_road_bdm_groin_waveHs1,1.0,sensitivity,2026-09-01 16:46:08,1984,2004,calibBE,48,7784350673d3,-42.6,32.8,full_management,False,True,60.0,True,False,True,True,29,0,0.004,21,True,0.1183300429858981,1.4040673192165505,0.1488816243724988,1.202694530053371,True,0,0,,,1.2,True,1984-start,v1,317edc4af21e,True,lrr,0.9765140855862542,3,0.1761733416065476,1.1835569220480624,False,0.6
HAT_1984_2004_calibBE_road_bdm_groin_waveHs1p2,1.2,sensitivity,2026-09-01 16:47:40,1984,2004,calibBE,48,7784350673d3,-42.6,32.8,full_management,False,True,60.0,True,False,True,True,29,0,0.004,21,True,0.1649165165155188,1.129848019595592,0.1910858967217402,0.963364749043617,True,0,0,,,1.3,True,1984-start,v1,317edc4af21e,True,lrr,0.9709012363822888,3,0.2096875611292918,0.9718779326332332,False,0.6
HAT_1984_2004_calibBE_road_bdm_groin_waveHs1p5,1.5,sensitivity,2026-09-01 16:49:20,1984,2004,calibBE,48,7784350673d3,-42.6,32.8,full_management,False,True,60.0,True,False,True,True,29,0,0.004,21,True,0.1642108430726029,0.8675586736120466,0.183922148934209,0.7605925765693657,True,0,0,,,1.4,True,1984-start,v1,317edc4af21e,True,lrr,0.960823754254556,5,0.197903813723326,0.7815629546488341,False,0.6
HAT_1984_2004_calibBE_road_bdm_groin_waveHs1p8,1.8,sensitivity,2026-09-01 13:33:36,1984,2004,calibBE,48,7784350673d3,-42.6,32.8,full_management,False,True,60.0,True,False,True,True,29,0,0.004,21,True,0.1201639429924619,0.7249279761716562,0.1373453950335476,0.6645872899725127,True,0,0,,,1.2,True,1984-start,v1,317edc4af21e,True,lrr,0.9471755638990986,11,0.1494911117178526,0.6614289781460134,False,0.6
HAT_1984_2004_calibBE_road_bdm_groin_waveHs2,2.0,sensitivity,2026-09-01 13:35:11,1984,2004,calibBE,48,7784350673d3,-42.6,32.8,full_management,False,True,60.0,True,False,True,True,29,0,0.004,21,True,0.0905916218574778,0.6425898345321783,0.1054967960224553,0.6066485725390601,True,0,0,,,1.3,True,1984-start,v1,317edc4af21e,True,lrr,0.9423660980404932,10,0.1152752679797184,0.5934348255353498,False,0.6
HAT_1984_2004_calibBE_road_bdm_groin_waveHs3,3.0,sensitivity,2026-09-01 13:36:45,1984,2004,calibBE,48,7784350673d3,-42.6,32.8,full_management,False,True,60.0,True,False,True,True,29,0,0.004,21,True,-0.0496675108033858,0.6307743766410473,-0.0450293442941228,0.6125106071253528,True,0,0,,,1.3,True,1984-start,v1,317edc4af21e,True,lrr,0.9038104254081648,11,-0.0456710553252156,0.5274850044220021,False,0.6
HAT_1984_2004_calibBE_road_bdm_groin_waveHs3p5,3.5,sensitivity,2026-09-01 13:38:21,1984,2004,calibBE,48,7784350673d3,-42.6,32.8,full_management,False,True,60.0,True,False,True,True,29,0,0.004,21,True,-0.1241546802201866,0.8742125798050812,-0.1245864295479096,0.8114076681755308,True,0,0,,,1.4,True,1984-start,v1,317edc4af21e,True,lrr,0.9078267030364328,14,-0.1308235741405594,0.7199349655744108,False,0.6
HAT_1984_2004_calibBE_road_bdm_groin_waveHs4,4.0,sensitivity,2026-09-01 13:39:54,1984,2004,calibBE,48,7784350673d3,-42.6,32.8,full_management,False,True,60.0,True,False,True,True,29,0,0.004,21,True,-0.1961772436917797,1.2075179039272756,-0.2024716763517696,1.101855093031708,True,0,0,,,1.3,True,1984-start,v1,317edc4af21e,True,lrr,0.9040071296256548,16,-0.2121436038211749,1.000804911495789,False,0.6
HAT_1984_2004_calibBE_road_bdm_groin_waveHs4p5,4.5,sensitivity,2026-09-01 13:41:33,1984,2004,calibBE,48,7784350673d3,-42.6,32.8,full_management,False,True,60.0,True,False,True,True,29,0,0.004,21,True,-0.2799869820878609,1.5692421567181178,-0.291638287349687,1.435090042242531,True,0,0,,,1.4,True,1984-start,v1,317edc4af21e,True,lrr,0.860069339746727,21,-0.3024758425280905,1.316476102038059,False,0.6
HAT_1984_2004_calibBE_road_bdm_groin_waveHs5,5.0,sensitivity,2026-09-01 13:43:07,1984,2004,calibBE,48,7784350673d3,-42.6,32.8,full_management,False,True,60.0,True,False,True,True,29,0,0.004,21,True,-0.3505005480838711,1.9405973360316424,-0.3685401431179572,1.7853427106089566,True,0,0,,,1.3,True,1984-start,v1,317edc4af21e,True,lrr,0.8032528738636484,26,-0.3849096488599886,1.6486571322040102,False,0.6
HAT_1984_2004_calibBE_road_bdm_groin_waveTp10,2.5,calibration,2026-09-01 13:47:53,1984,2004,calibBE,48,7784350673d3,-42.6,32.8,full_management,False,True,60.0,True,False,True,True,29,0,0.004,21,True,0.0895791124383544,0.534186114440556,0.0931263647012867,0.5401284047488992,True,0,0,,,1.3,True,1984-start,v1,317edc4af21e,True,lrr,0.9290208782711658,13,0.093064650444524,0.468301182955206,False,0.6
HAT_1984_2004_calibBE_road_bdm_groin_waveTp7,2.5,calibration,2026-09-01 13:44:43,1984,2004,calibBE,48,7784350673d3,-42.6,32.8,full_management,False,True,60.0,True,False,True,True,29,0,0.004,21,True,-0.0059193243123426,0.5921147514213856,0.0087531783364012,0.5892691407083048,True,0,0,,,1.3,True,1984-start,v1,317edc4af21e,True,lrr,0.947369165998446,13,0.0154406741241478,0.5420733636878181,False,0.6
HAT_1984_2004_calibBE_road_bdm_groin_waveTp9,2.5,calibration,2026-09-01 13:46:21,1984,2004,calibBE,48,7784350673d3,-42.6,32.8,full_management,False,True,60.0,True,False,True,True,29,0,0.004,21,True,0.053867949399573,0.5326269283182341,0.0603815038144073,0.5372519371064224,True,0,0,,,1.3,True,1984-start,v1,317edc4af21e,True,lrr,0.91956543347965,13,0.0631722575706419,0.4708173232878163,False,0.6
HAT_1984_2004_calibBE_road_bdm_groin_waveahf0p15,2.5,calibration,2026-09-01 13:18:01,1984,2004,calibBE,48,7784350673d3,-42.6,32.8,full_management,False,True,60.0,True,False,True,True,29,0,0.004,21,True,0.0335559418226443,0.5837233677226941,0.0480584248181592,0.5739745644862375,True,0,0,,,1.3,True,1984-start,v1,317edc4af21e,True,lrr,0.946930833306336,15,0.0560008867473951,0.5387672275294204,False,0.6
HAT_1984_2004_calibBE_road_bdm_groin_waveahf0p2,2.5,calibration,2026-09-01 13:19:31,1984,2004,calibBE,48,7784350673d3,-42.6,32.8,full_management,False,True,60.0,True,False,True,True,29,0,0.004,21,True,0.0440307790377711,0.6907375740512663,0.0626446856056011,0.6547902518800817,True,0,0,,,1.2,True,1984-start,v1,317edc4af21e,True,lrr,0.9532459319093892,10,0.0732926536155492,0.6347287075852117,False,0.6
HAT_1984_2004_calibBE_road_bdm_groin_waveahf0p25,2.5,calibration,2026-09-01 13:21:01,1984,2004,calibBE,48,7784350673d3,-42.6,32.8,full_management,False,True,60.0,True,False,True,True,29,0,0.004,21,True,0.0369689907513257,0.8502805138270108,0.0622973212710597,0.7752394758805358,True,0,0,,,1.2,True,1984-start,v1,317edc4af21e,True,lrr,0.9480549157667452,9,0.0788877410367929,0.7688914315623032,False,0.6
HAT_1984_2004_calibBE_road_bdm_groin_waveahf0p3,2.5,calibration,2026-09-01 13:22:31,1984,2004,calibBE,48,7784350673d3,-42.6,32.8,full_management,False,True,60.0,True,False,True,True,29,0,0.004,21,True,0.0044845240929442,1.110726371109635,0.0384846751638779,0.9859134357268122,True,0,0,,,1.2,True,1984-start,v1,317edc4af21e,True,lrr,0.9533820317714016,9,0.0613405210155494,0.9811500082077076,False,0.6
HAT_1984_2004_calibBE_road_bdm_groin_waveasym0p6,2.5,calibration,2026-09-01 13:24:10,1984,2004,calibBE,48,7784350673d3,-42.6,32.8,full_management,False,True,60.0,True,False,True,True,29,0,0.004,21,True,0.0442018802002361,0.5285646492105093,0.0518143043358401,0.5327135589054621,True,0,0,,,1.4,True,1984-start,v1,317edc4af21e,True,lrr,0.9343805258199512,15,0.055058481958885,0.4747877891273741,False,0.6
HAT_1984_2004_calibBE_road_bdm_groin_waveasym0p65,2.5,calibration,2026-09-01 16:30:12,1984,2004,calibBE,48,7784350673d3,-42.6,32.8,full_management,False,True,60.0,True,False,True,True,29,0,0.004,21,True,0.0307424642969591,0.5340522059227145,0.03987529453579,0.5370765730414896,True,0,0,,,1.4,True,1984-start,v1,317edc4af21e,True,lrr,0.9348385577713976,15,0.0437401836160724,0.4812240746436686,False,0.6
HAT_1984_2004_calibBE_road_bdm_groin_waveasym0p75,2.5,calibration,2026-09-01 13:27:13,1984,2004,calibBE,48,7784350673d3,-42.6,32.8,full_management,False,True,60.0,True,False,True,True,29,0,0.004,21,True,0.0004152692452285,0.5577435956414422,0.0129460127893923,0.5572078421188619,True,0,0,,,1.3,True,1984-start,v1,317edc4af21e,True,lrr,0.9359196991185524,15,0.0185135054298572,0.5038361004548016,False,0.6
HAT_1984_2004_calibBE_road_bdm_nogroin,2.5,calibration,2026-09-01 00:59:34,1984,2004,calibBE,48,7784350673d3,-42.6,32.8,full_management,False,False,,True,False,True,True,29,0,0.004,21,True,0.0345907683707699,0.5181860683646298,0.0393254709439516,0.5228279234987678,True,0,0,,,1.3,True,1984-start,v1,317edc4af21e,True,lrr,0.9346791682757408,13,0.0440548722949214,0.4729255491226812,False,
HAT_1984_2004_calibBE_road_nobdm_groin,2.5,calibration,2026-09-01 02:19:05,1984,2004,calibBE,48,7784350673d3,-42.6,32.8,roadway_only,False,True,60.0,True,False,False,False,0,0,0.004,21,True,-0.1199110055369524,0.5630756344061408,-0.1111722565301248,0.5642564098331769,True,0,0,5500.0,2500.0,1.4,True,1984-start,v1,317edc4af21e,True,lrr,0.9225706856141817,21,-0.0773119660575477,0.5015374309995302,False,0.6
HAT_1984_2004_calibBE_road_nobdm_groin_waveHs1p2,1.2,sensitivity,2026-09-01 08:56:40,1984,2004,calibBE,48,7784350673d3,-42.6,32.8,roadway_only,False,True,60.0,True,False,False,False,0,0,0.004,21,True,-0.0287014058544789,1.1107082002952402,-0.0065495520020708,0.9414680802147928,True,0,0,,,1.9,True,1984-start,v1,317edc4af21e,True,lrr,0.9636817521269652,9,0.047473158235075,0.935146930664387,False,0.6
HAT_1984_2004_calibBE_road_nobdm_nogroin,2.5,calibration,2026-09-01 00:53:45,1984,2004,calibBE,48,7784350673d3,-42.6,32.8,roadway_only,False,False,,True,False,False,False,0,0,0.004,21,True,-0.1059842345142248,0.5433497538201849,-0.1032060508040855,0.5474747679960901,True,0,0,,,1.3,True,1984-start,v1,317edc4af21e,True,lrr,0.9284716127698576,20,-0.0682583190565129,0.4873631306389898,False,
HAT_1984_2004_calibBE_road_reloc_bdm_groin,2.5,calibration,2026-09-01 02:27:01,1984,2004,calibBE,48,7784350673d3,-42.6,32.8,full_management,True,True,60.0,True,True,True,True,29,0,0.004,21,True,0.0192038413769462,0.541246397128469,0.0299334156878641,0.5427868243105936,True,0,0,5500.0,2500.0,1.3,True,1984-start,v1,317edc4af21e,True,lrr,0.935430619897474,14,0.0339249662390541,0.4895602857645793,False,0.6
HAT_1984_2004_calibBE_road_reloc_bdm_groin_rset0,2.5,sensitivity,2026-09-01 13:08:53,1984,2004,calibBE,48,7784350673d3,-42.6,32.8,full_management,True,True,60.0,True,True,True,True,29,0,0.004,21,True,0.0187946736428817,0.5410683429717469,0.0295517826378868,0.5425830640192747,True,0,0,,,1.3,True,1984-start,v1,317edc4af21e,True,lrr,0.9354762467975734,14,0.0337298191360017,0.4895221262490598,False,0.6
HAT_1984_2004_calibBE_road_reloc_bdm_groin_rset10,2.5,sensitivity,2026-09-01 13:10:25,1984,2004,calibBE,48,7784350673d3,-42.6,32.8,full_management,True,True,60.0,True,True,True,True,29,0,0.004,21,True,0.01911301585018,0.541125577541944,0.0298505288220681,0.5426581645028838,True,0,0,,,1.3,True,1984-start,v1,317edc4af21e,True,lrr,0.9354888475977394,14,0.0338695672802171,0.4895222586218057,False,0.6
HAT_1984_2004_calibBE_road_reloc_bdm_groin_rset30,2.5,sensitivity,2026-09-01 13:11:54,1984,2004,calibBE,48,7784350673d3,-42.6,32.8,full_management,True,True,60.0,True,True,True,True,29,0,0.004,21,True,0.0190932819855295,0.5412843797489321,0.0298202354673453,0.5428249901081622,True,1,0,,,1.2,True,1984-start,v1,317edc4af21e,True,lrr,0.9353788288835982,14,0.0338300563132649,0.4895656240000408,False,0.6
HAT_1984_2004_calibBE_road_reloc_bdm_groin_rset40,2.5,sensitivity,2026-09-01 13:13:27,1984,2004,calibBE,48,7784350673d3,-42.6,32.8,full_management,True,True,60.0,True,True,True,True,29,0,0.004,21,True,0.0189619364852203,0.5413269367046503,0.0296840344059743,0.542868929991179,True,1,0,,,1.3,True,1984-start,v1,317edc4af21e,True,lrr,0.9353423161218944,14,0.0337001272431533,0.4895768291698346,False,0.6
HAT_1984_2004_calibBE_road_reloc_bdm_groin_rset60,2.5,sensitivity,2026-09-01 13:14:56,1984,2004,calibBE,48,7784350673d3,-42.6,32.8,full_management,True,True,60.0,True,True,True,True,29,0,0.004,21,True,0.0086862301309538,0.5374389212523554,0.0196158581896294,0.5386141739665912,True,2,0,,,1.2,True,1984-start,v1,317edc4af21e,True,lrr,0.9352473163824312,14,0.0219024876125863,0.4877379652634367,False,0.6
HAT_1984_2004_calibBE_road_reloc_bdm_groin_rsetmeasured,2.5,sensitivity,2026-09-01 13:16:30,1984,2004,calibBE,48,7784350673d3,-42.6,32.8,full_management,True,True,60.0,True,True,True,True,29,0,0.004,21,True,0.0188638160606634,0.5410791599406745,0.0296197650555272,0.5425959402270804,True,0,0,,,1.3,True,1984-start,v1,317edc4af21e,True,lrr,0.9354888500427868,14,0.0337753524403136,0.489521138983066,False,0.6
HAT_1984_2004_calibBE_road_reloc_bdm_nogroin,2.5,calibration,2026-09-01 01:01:25,1984,2004,calibBE,48,7784350673d3,-42.6,32.8,full_management,True,False,,True,True,True,True,29,0,0.004,21,True,0.034880790067056,0.5182975758910309,0.0396098248726165,0.5229487278074957,True,0,0,,,1.3,True,1984-start,v1,317edc4af21e,True,lrr,0.9346826584384548,13,0.0443287945888026,0.4729691709739699,False,
HAT_1984_2004_calibBE_road_reloc_nobdm_groin,2.5,calibration,2026-09-01 02:21:01,1984,2004,calibBE,48,7784350673d3,-42.6,32.8,roadway_only,True,True,60.0,True,True,False,False,0,0,0.004,21,True,-0.1195797932836129,0.5630341717753259,-0.1108457808200844,0.5642236799437924,True,0,0,5500.0,2500.0,1.3,True,1984-start,v1,317edc4af21e,True,lrr,0.9225691231313436,21,-0.0769679454571582,0.5014901485739239,False,0.6
HAT_1984_2004_calibBE_road_reloc_nobdm_nogroin,2.5,calibration,2026-09-01 00:55:37,1984,2004,calibBE,48,7784350673d3,-42.6,32.8,roadway_only,True,False,,True,True,False,False,0,0,0.004,21,True,-0.1056954971410886,0.5432961517768213,-0.1029230126432236,0.547430164226326,True,0,0,,,1.3,True,1984-start,v1,317edc4af21e,True,lrr,0.928475288800772,20,-0.0679857731215122,0.487286954030183,False,
HAT_1984_2004_edgeBE_noroad_bdm_groin,2.5,calibration,2026-09-01 01:59:11,1984,2004,edgeBE,2,0fd4a97a4912,-42.6,13.0,beachdune_only,False,True,60.0,False,False,True,True,29,0,0.004,21,True,-0.029191746188808,1.130601694653629,-0.0199282468933812,1.141301058692891,True,0,0,5000.0,2500.0,1.6,True,1984-start,v1,317edc4af21e,True,lrr,0.931772388603813,12,0.0216477976375529,1.1421755443837391,False,0.6
HAT_1984_2004_edgeBE_noroad_bdm_nogroin,2.5,calibration,2026-09-01 00:34:37,1984,2004,edgeBE,2,0fd4a97a4912,-42.6,13.0,beachdune_only,False,False,,False,False,True,True,29,0,0.004,21,True,-0.009486426978923,1.121654956544327,-0.0061927039422036,1.1338698383866843,True,0,0,,,1.7,True,1984-start,v1,317edc4af21e,True,lrr,0.9377070823673976,12,0.0338296360667336,1.1364018788207353,False,
HAT_1984_2004_edgeBE_noroad_nobdm_groin,2.5,calibration,2026-09-01 01:53:06,1984,2004,edgeBE,2,0fd4a97a4912,-42.6,13.0,natural,False,True,60.0,False,False,False,False,0,0,0.004,21,True,-0.0760225891869975,1.0832417559197756,-0.0673298467388797,1.093174198964006,True,0,0,5000.0,2500.0,1.4,True,1984-start,v1,317edc4af21e,True,lrr,0.9245037900762556,12,-0.0189876930211203,1.1068175351362295,False,0.6
HAT_1984_2004_edgeBE_noroad_nobdm_groin_waveHs3,3.0,sensitivity,2026-09-01 20:51:03,1984,2004,edgeBE,2,0fd4a97a4912,-42.6,13.0,natural,False,True,60.0,False,False,False,False,0,0,0.004,21,True,-0.1455649291564323,1.0913805568977233,-0.1456082062012562,1.0917262270119832,True,0,0,,,4.1,True,1984-start,v1,317edc4af21e,True,lrr,0.9061791134656676,13,-0.1066192467600243,1.089979807482366,False,0.6
HAT_1984_2004_edgeBE_noroad_nobdm_nogroin,2.5,calibration,2026-09-01 00:28:27,1984,2004,edgeBE,2,0fd4a97a4912,-42.6,13.0,natural,False,False,,False,False,False,False,0,0,0.004,21,True,-0.0579110037501355,1.074534423919073,-0.0551706242908459,1.0860399986825413,True,0,0,,,1.6,True,1984-start,v1,317edc4af21e,True,lrr,0.9323417998520154,12,-0.0077752662769186,1.1011581574064409,False,
HAT_1984_2004_edgeBE_noroad_nobdm_nogroin,3.0,waveHs3,2026-09-01 21:23:04,1984,2004,edgeBE,2,0fd4a97a4912,-42.6,13.0,natural,False,False,,False,False,False,False,0,0,0.004,21,True,-0.1460141417214019,1.1041984170723895,-0.1499918110548385,1.1009392595765413,True,0,0,,,2.8,True,1984-start,v1,317edc4af21e,True,lrr,0.9163036905277446,13,-0.1108091314010044,1.1026520214478974,False,
HAT_1984_2004_edgeBE_road_bdm_groin,2.5,calibration,2026-09-01 02:01:06,1984,2004,edgeBE,2,0fd4a97a4912,-42.6,13.0,full_management,False,True,60.0,True,False,True,True,29,0,0.004,21,True,0.1584241077067488,1.216034736647421,0.168017766489797,1.2283274989966402,True,0,0,5500.0,2500.0,1.3,True,1984-start,v1,317edc4af21e,True,lrr,0.9301624626702374,15,0.1784160839297395,1.220041826527957,False,0.6
HAT_1984_2004_edgeBE_road_bdm_groin,3.0,waveHs3,2026-09-01 23:11:47,1984,2004,edgeBE,2,0fd4a97a4912,-42.6,13.0,full_management,False,True,60.0,True,False,True,True,29,0,0.004,21,True,0.0757463375903634,1.154643101226834,0.0775209799390474,1.1592310731878834,True,0,0,,,1.5,True,1984-start,v1,317edc4af21e,True,lrr,0.9064208317619664,10,0.0831532681580003,1.1475765789733334,False,0.6
HAT_1984_2004_edgeBE_road_bdm_groin,3.0,waveHs3_edge1,2026-09-01 23:06:03,1984,2004,edgeBE,2,46ef9e025244,-51.99,27.66,full_management,False,True,60.0,True,False,True,True,29,0,0.004,21,True,0.096674095217779,1.308236232286658,0.0961505653256025,1.3222564404506836,True,0,0,,,2.0,True,1984-start,v1,317edc4af21e,True,lrr,0.9054631610271408,14,0.1069711394423553,1.3201104150767309,False,0.6
HAT_1984_2004_edgeBE_road_bdm_groin,3.0,waveHs3_probe,2026-09-01 23:18:16,1984,2004,edgeBE,2,0521b7577c67,-39.6,16.0,full_management,False,True,60.0,True,False,True,True,29,0,0.004,21,True,0.1317412980724996,1.188408501057448,0.12784528412233528,1.1929027173610947,True,0,0,,,2.3,True,1984-start,v1,317edc4af21e,True,lrr,0.906712017427052,11,0.1330664998582439,1.180869935516243,False,0.6
HAT_1984_2004_edgeBE_road_bdm_groin_waveHs0p75,0.75,sensitivity,2026-09-01 16:06:17,1984,2004,edgeBE,2,0fd4a97a4912,-42.6,13.0,full_management,False,True,60.0,True,False,True,True,29,0,0.004,21,True,-0.1090134107341497,3.107690147371668,-0.0455573383275541,2.997709715281905,True,0,0,,,1.3,True,1984-start,v1,317edc4af21e,True,lrr,0.9556903910208988,3,-0.0298526581879022,3.0019054710603075,False,0.6
HAT_1984_2004_edgeBE_road_bdm_groin_waveHs0p8,0.8,sensitivity,2026-09-01 16:07:44,1984,2004,edgeBE,2,0fd4a97a4912,-42.6,13.0,full_management,False,True,60.0,True,False,True,True,29,0,0.004,21,True,0.0350873227439603,2.521633574309502,0.0968283197898118,2.388388063196044,True,0,0,,,1.2,True,1984-start,v1,317edc4af21e,True,lrr,0.9586480366042698,2,0.1349523961307459,2.32389431125528,False,0.6
HAT_1984_2004_edgeBE_road_bdm_groin_waveHs1,1.0,sensitivity,2026-09-01 16:09:15,1984,2004,edgeBE,2,0fd4a97a4912,-42.6,13.0,full_management,False,True,60.0,True,False,True,True,29,0,0.004,21,True,0.2552188237802915,1.7851687860012493,0.3055768996304489,1.669112316052066,True,0,0,,,1.3,True,1984-start,v1,317edc4af21e,True,lrr,0.9670352543657078,0,0.341652979486035,1.6443787589606305,False,0.6
HAT_1984_2004_edgeBE_road_bdm_groin_waveHs1p2,1.2,sensitivity,2026-09-01 16:10:44,1984,2004,edgeBE,2,0fd4a97a4912,-42.6,13.0,full_management,False,True,60.0,True,False,True,True,29,0,0.004,21,True,0.3004660956313028,1.6114697145872543,0.3410624427369067,1.527816623785479,True,0,0,,,1.2,True,1984-start,v1,317edc4af21e,True,lrr,0.9681038879302486,1,0.3710296544802983,1.5217624973976038,False,0.6
HAT_1984_2004_edgeBE_road_bdm_groin_waveHs1p5,1.5,sensitivity,2026-09-01 16:12:18,1984,2004,edgeBE,2,0fd4a97a4912,-42.6,13.0,full_management,False,True,60.0,True,False,True,True,29,0,0.004,21,True,0.3088315594775518,1.4636952472060087,0.3380794947611545,1.42149577159439,True,0,0,,,1.3,True,1984-start,v1,317edc4af21e,True,lrr,0.9631003969529144,6,0.3596090519806952,1.4248843054997318,False,0.6
HAT_1984_2004_edgeBE_road_bdm_groin_waveHs1p8,1.8,sensitivity,2026-09-01 16:13:51,1984,2004,edgeBE,2,0fd4a97a4912,-42.6,13.0,full_management,False,True,60.0,True,False,True,True,29,0,0.004,21,True,0.2622899122745352,1.3852233505797271,0.2838734776988552,1.3672014414849984,True,0,0,,,1.3,True,1984-start,v1,317edc4af21e,True,lrr,0.9525067007848568,11,0.3044214397895257,1.3642052875261654,False,0.6
HAT_1984_2004_edgeBE_road_bdm_groin_waveHs2,2.0,sensitivity,2026-09-01 16:15:23,1984,2004,edgeBE,2,0fd4a97a4912,-42.6,13.0,full_management,False,True,60.0,True,False,True,True,29,0,0.004,21,True,0.2320261059730053,1.3269812409199273,0.2510658177129055,1.3219231016560715,True,0,0,,,1.3,True,1984-start,v1,317edc4af21e,True,lrr,0.9371318953362502,14,0.2686427088675869,1.3191927707389084,False,0.6
HAT_1984_2004_edgeBE_road_bdm_groin_waveHs3,3.0,sensitivity,2026-09-01 16:17:01,1984,2004,edgeBE,2,0fd4a97a4912,-42.6,13.0,full_management,False,True,60.0,True,False,True,True,29,0,0.004,21,True,0.0757463375903634,1.154643101226834,0.0775209799390474,1.1592310731878834,True,0,0,,,1.4,True,1984-start,v1,317edc4af21e,True,lrr,0.9064208317619664,10,0.0831532681580003,1.1475765789733334,False,0.6
HAT_1984_2004_edgeBE_road_bdm_groin_waveHs3p5,3.5,sensitivity,2026-09-01 16:18:36,1984,2004,edgeBE,2,0fd4a97a4912,-42.6,13.0,full_management,False,True,60.0,True,False,True,True,29,0,0.004,21,True,-0.0121409771245969,1.1879059403621537,-0.0164146294873245,1.15940508537466,True,0,0,,,1.3,True,1984-start,v1,317edc4af21e,True,lrr,0.9112933980806306,11,-0.014411556491775,1.1396066031385976,False,0.6
HAT_1984_2004_edgeBE_road_bdm_groin_waveHs4,4.0,sensitivity,2026-09-01 16:20:13,1984,2004,edgeBE,2,0fd4a97a4912,-42.6,13.0,full_management,False,True,60.0,True,False,True,True,29,0,0.004,21,True,-0.0960788741251183,1.3488876440085722,-0.1075410437726952,1.2737051645794562,True,0,0,,,1.3,True,1984-start,v1,317edc4af21e,True,lrr,0.9228658162376028,16,-0.1077347631185443,1.233424801441808,False,0.6
HAT_1984_2004_edgeBE_road_bdm_groin_waveHs4p5,4.5,sensitivity,2026-09-01 16:21:52,1984,2004,edgeBE,2,0fd4a97a4912,-42.6,13.0,full_management,False,True,60.0,True,False,True,True,29,0,0.004,21,True,-0.1910056383658586,1.591556779836434,-0.20852254961649,1.4788973861986092,True,0,0,,,1.4,True,1984-start,v1,317edc4af21e,True,lrr,0.9107422313902752,19,-0.2115340392997872,1.4143439180003534,False,0.6
HAT_1984_2004_edgeBE_road_bdm_groin_waveHs5,5.0,sensitivity,2026-09-01 16:23:31,1984,2004,edgeBE,2,0fd4a97a4912,-42.6,13.0,full_management,False,True,60.0,True,False,True,True,29,0,0.004,21,True,-0.2775244856583163,1.9003682059068523,-0.3017149470212217,1.758841449967653,True,0,0,,,1.4,True,1984-start,v1,317edc4af21e,True,lrr,0.8972722518223648,25,-0.3077862929996839,1.664010012514585,False,0.6
HAT_1984_2004_edgeBE_road_bdm_groin_waveTp10,2.5,calibration,2026-09-01 16:28:13,1984,2004,edgeBE,2,0fd4a97a4912,-42.6,13.0,full_management,False,True,60.0,True,False,True,True,29,0,0.004,21,True,0.2048009177112205,1.2127959369096406,0.2084507937626825,1.2263602478057698,True,0,0,,,1.3,True,1984-start,v1,317edc4af21e,True,lrr,0.9448393266996544,13,0.2171617336350638,1.2206692750458608,False,0.6
HAT_1984_2004_edgeBE_road_bdm_groin_waveTp7,2.5,calibration,2026-09-01 16:25:05,1984,2004,edgeBE,2,0fd4a97a4912,-42.6,13.0,full_management,False,True,60.0,True,False,True,True,29,0,0.004,21,True,0.1438215237550446,1.2407931965344796,0.1569089304823601,1.2510735284268717,True,0,0,,,1.3,True,1984-start,v1,317edc4af21e,True,lrr,0.9164653818048196,14,0.1681567372786601,1.2377581787759069,False,0.6
HAT_1984_2004_edgeBE_road_bdm_groin_waveTp9,2.5,calibration,2026-09-01 16:26:37,1984,2004,edgeBE,2,0fd4a97a4912,-42.6,13.0,full_management,False,True,60.0,True,False,True,True,29,0,0.004,21,True,0.1762194637938473,1.215231000358371,0.1828704499864601,1.2284060820885512,True,0,0,,,1.3,True,1984-start,v1,317edc4af21e,True,lrr,0.935528003320862,13,0.1928465561441937,1.2219908145915892,False,0.6
HAT_1984_2004_edgeBE_road_bdm_groin_waveahf0p15,2.5,calibration,2026-09-01 15:54:56,1984,2004,edgeBE,2,0fd4a97a4912,-42.6,13.0,full_management,False,True,60.0,True,False,True,True,29,0,0.004,21,True,0.1824748406407281,1.274104614945072,0.1963337785392723,1.280260913538111,True,0,0,,,1.4,True,1984-start,v1,317edc4af21e,True,lrr,0.9322443203174862,16,0.2103805195708513,1.2711832921441848,False,0.6
HAT_1984_2004_edgeBE_road_bdm_groin_waveahf0p2,2.5,calibration,2026-09-01 15:56:40,1984,2004,edgeBE,2,0fd4a97a4912,-42.6,13.0,full_management,False,True,60.0,True,False,True,True,29,0,0.004,21,True,0.1923012381086395,1.34819243048558,0.2131427850245639,1.3407466494156035,True,0,0,,,1.5,True,1984-start,v1,317edc4af21e,True,lrr,0.9255723368496191,16,0.2310071812876691,1.3310315447871914,False,0.6
HAT_1984_2004_edgeBE_road_bdm_groin_waveahf0p25,2.5,calibration,2026-09-01 15:58:15,1984,2004,edgeBE,2,0fd4a97a4912,-42.6,13.0,full_management,False,True,60.0,True,False,True,True,29,0,0.004,21,True,0.2022978951021213,1.4560236769797834,0.2313422458196027,1.4244177028498424,True,0,0,,,1.3,True,1984-start,v1,317edc4af21e,True,lrr,0.9232534033090632,15,0.2553040963226362,1.410377911068314,False,0.6
HAT_1984_2004_edgeBE_road_bdm_groin_waveahf0p3,2.5,calibration,2026-09-01 15:59:57,1984,2004,edgeBE,2,0fd4a97a4912,-42.6,13.0,full_management,False,True,60.0,True,False,True,True,29,0,0.004,21,True,0.1896327760361247,1.6200547000528838,0.2303172386662823,1.549619120149793,True,0,0,,,1.4,True,1984-start,v1,317edc4af21e,True,lrr,0.9354432720950416,12,0.258300738884155,1.530306648078946,False,0.6
HAT_1984_2004_edgeBE_road_bdm_groin_waveasym0p6,2.5,calibration,2026-09-01 16:01:38,1984,2004,edgeBE,2,0fd4a97a4912,-42.6,13.0,full_management,False,True,60.0,True,False,True,True,29,0,0.004,21,True,0.1783772515349844,1.2138392081557392,0.1851858488928489,1.2270844117354416,True,0,0,,,1.4,True,1984-start,v1,317edc4af21e,True,lrr,0.9287841893138816,15,0.1949318178737345,1.2181275887582463,False,0.6
HAT_1984_2004_edgeBE_road_bdm_groin_waveasym0p65,2.5,calibration,2026-09-01 16:03:10,1984,2004,edgeBE,2,0fd4a97a4912,-42.6,13.0,full_management,False,True,60.0,True,False,True,True,29,0,0.004,21,True,0.1689489163281132,1.2144012484076945,0.1770477925583696,1.2272733722696991,True,0,0,,,1.3,True,1984-start,v1,317edc4af21e,True,lrr,0.9301467547422796,15,0.1870235010791986,1.2188309635568988,False,0.6
HAT_1984_2004_edgeBE_road_bdm_groin_waveasym0p75,2.5,calibration,2026-09-01 16:04:43,1984,2004,edgeBE,2,0fd4a97a4912,-42.6,13.0,full_management,False,True,60.0,True,False,True,True,29,0,0.004,21,True,0.1437210452646402,1.2201027250268703,0.1550070182398727,1.2315333109672588,True,0,0,,,1.3,True,1984-start,v1,317edc4af21e,True,lrr,0.9306723244186674,15,0.1672887233635901,1.2226725866199637,False,0.6
HAT_1984_2004_edgeBE_road_bdm_nogroin,2.5,calibration,2026-09-01 00:36:33,1984,2004,edgeBE,2,0fd4a97a4912,-42.6,13.0,full_management,False,False,,True,False,True,True,29,0,0.004,21,True,0.1750902844607617,1.2058165957931,0.1787011779240667,1.219437451799386,True,0,0,,,1.4,True,1984-start,v1,317edc4af21e,True,lrr,0.940460352173084,12,0.1892164400363015,1.21251201268821,False,
HAT_1984_2004_edgeBE_road_nobdm_groin,2.5,calibration,2026-09-01 01:55:01,1984,2004,edgeBE,2,0fd4a97a4912,-42.6,13.0,roadway_only,False,True,60.0,True,False,False,False,0,0,0.004,21,True,0.1120650395070115,1.1633097476449477,0.1212012037219053,1.1749351567143904,True,0,0,5500.0,2500.0,1.3,True,1984-start,v1,317edc4af21e,True,lrr,0.9220909201037832,15,0.1379406891970921,1.1807623684018715,False,0.6
HAT_1984_2004_edgeBE_road_nobdm_nogroin,2.5,calibration,2026-09-01 00:30:27,1984,2004,edgeBE,2,0fd4a97a4912,-42.6,13.0,roadway_only,False,False,,True,False,False,False,0,0,0.004,21,True,0.1274617486398955,1.1527731296668016,0.1305945254173724,1.16579739408835,True,0,0,,,1.4,True,1984-start,v1,317edc4af21e,True,lrr,0.9382695208860984,11,0.1480309375536685,1.1728640231477638,False,
HAT_1984_2004_edgeBE_road_reloc_bdm_groin,2.5,calibration,2026-09-01 02:03:08,1984,2004,edgeBE,2,0fd4a97a4912,-42.6,13.0,full_management,True,True,60.0,True,True,True,True,29,0,0.004,21,True,0.1591401238789602,1.2172901201852642,0.1687256551592413,1.2295979290060146,True,0,0,5500.0,2500.0,1.4,True,1984-start,v1,317edc4af21e,True,lrr,0.9301605042319476,15,0.178936062507346,1.220872646060832,False,0.6
HAT_1984_2004_edgeBE_road_reloc_bdm_groin_rset0,2.5,sensitivity,2026-09-01 15:40:13,1984,2004,edgeBE,2,0fd4a97a4912,-42.6,13.0,full_management,True,True,60.0,True,True,True,True,29,0,0.004,21,True,0.1592181486923897,1.217306015527344,0.1688050576071117,1.229614202688282,True,0,0,,,3.6,True,1984-start,v1,317edc4af21e,True,lrr,0.9301520889761103,15,0.1790074197285336,1.2208865872342742,False,0.6
HAT_1984_2004_edgeBE_road_reloc_bdm_groin_rset10,2.5,sensitivity,2026-09-01 15:43:33,1984,2004,edgeBE,2,0fd4a97a4912,-42.6,13.0,full_management,True,True,60.0,True,True,True,True,29,0,0.004,21,True,0.1592337588639275,1.2173104980022145,0.1688209645765991,1.2296187674963588,True,0,0,,,2.1,True,1984-start,v1,317edc4af21e,True,lrr,0.9301506509180684,15,0.1790303466776627,1.2208964078174622,False,0.6
HAT_1984_2004_edgeBE_road_reloc_bdm_groin_rset30,2.5,sensitivity,2026-09-01 15:46:35,1984,2004,edgeBE,2,0fd4a97a4912,-42.6,13.0,full_management,True,True,60.0,True,True,True,True,29,0,0.004,21,True,0.1590568956637884,1.217275331282781,0.1686409959672763,1.229582746061822,True,1,0,,,2.1,True,1984-start,v1,317edc4af21e,True,lrr,0.9301700167261188,15,0.1788670938238123,1.220862204634754,False,0.6
HAT_1984_2004_edgeBE_road_reloc_bdm_groin_rset40,2.5,sensitivity,2026-09-01 15:48:59,1984,2004,edgeBE,2,0fd4a97a4912,-42.6,13.0,full_management,True,True,60.0,True,True,True,True,29,0,0.004,21,True,0.1590069677727663,1.2172664019368906,0.1685902046812577,1.2295735818605829,True,1,0,,,1.9,True,1984-start,v1,317edc4af21e,True,lrr,0.9301757514724418,15,0.178825853796979,1.2208561623320513,False,0.6
HAT_1984_2004_edgeBE_road_reloc_bdm_groin_rset60,2.5,sensitivity,2026-09-01 15:51:38,1984,2004,edgeBE,2,0fd4a97a4912,-42.6,13.0,full_management,True,True,60.0,True,True,True,True,29,0,0.004,21,True,0.15888670185428,1.2172438935043075,0.1684678281934471,1.2295505092108845,True,1,0,,,2.0,True,1984-start,v1,317edc4af21e,True,lrr,0.93018947781588,15,0.1787231923602023,1.2208396260987524,False,0.6
HAT_1984_2004_edgeBE_road_reloc_bdm_groin_rsetmeasured,2.5,sensitivity,2026-09-01 15:53:16,1984,2004,edgeBE,2,0fd4a97a4912,-42.6,13.0,full_management,True,True,60.0,True,True,True,True,29,0,0.004,21,True,0.1592337588639275,1.2173104980022145,0.1688209645765991,1.2296187674963588,True,0,0,,,1.4,True,1984-start,v1,317edc4af21e,True,lrr,0.9301506509180684,15,0.1790303466776627,1.2208964078174622,False,0.6
HAT_1984_2004_edgeBE_road_reloc_bdm_nogroin,2.5,calibration,2026-09-01 00:38:32,1984,2004,edgeBE,2,0fd4a97a4912,-42.6,13.0,full_management,True,False,,True,True,True,True,29,0,0.004,21,True,0.1758057900745178,1.2070811851814476,0.1794085430277389,1.2207156854167782,True,0,0,,,1.4,True,1984-start,v1,317edc4af21e,True,lrr,0.9404603521675344,12,0.1897467198850651,1.213348237260829,False,
HAT_1984_2004_edgeBE_road_reloc_nobdm_groin,2.5,calibration,2026-09-01 01:57:00,1984,2004,edgeBE,2,0fd4a97a4912,-42.6,13.0,roadway_only,True,True,60.0,True,True,False,False,0,0,0.004,21,True,0.1127361599917187,1.1643877000566514,0.1218634000539796,1.1760270857623545,True,0,0,5500.0,2500.0,1.4,True,1984-start,v1,317edc4af21e,True,lrr,0.9220904218971072,15,0.1383556946040114,1.1813254387863386,False,0.6
HAT_1984_2004_edgeBE_road_reloc_nobdm_nogroin,2.5,calibration,2026-09-01 00:32:23,1984,2004,edgeBE,2,0fd4a97a4912,-42.6,13.0,roadway_only,True,False,,True,True,False,False,0,0,0.004,21,True,0.1281326480482732,1.1538595017543976,0.1312564943678625,1.1668964222114668,True,0,0,,,1.3,True,1984-start,v1,317edc4af21e,True,lrr,0.9382695184927604,11,0.1484568555299094,1.173431207475564,False,
HAT_1984_2004_zeroBE_noroad_bdm_groin,2.5,calibration,2026-09-01 02:11:03,1984,2004,zeroBE,0,empty,0.0,0.0,beachdune_only,False,True,60.0,False,False,True,True,29,0,0.004,21,True,0.2419461122831837,1.377618041791456,0.2170025364037354,1.3108139778594148,True,0,0,4500.0,2500.0,1.4,True,1984-start,v1,317edc4af21e,True,lrr,0.9354687589793698,13,0.249869154118512,1.2981832012799537,False,0.6
HAT_1984_2004_zeroBE_noroad_bdm_nogroin,2.5,calibration,2026-09-01 00:46:09,1984,2004,zeroBE,0,empty,0.0,0.0,beachdune_only,False,False,,False,False,True,True,29,0,0.004,21,True,0.2589851367589655,1.4420892188887358,0.2291343362145411,1.3629193109053588,True,0,0,,,1.4,True,1984-start,v1,317edc4af21e,True,lrr,0.942307183759804,12,0.260343796606427,1.3591593285427246,False,
HAT_1984_2004_zeroBE_noroad_nobdm_groin,2.5,calibration,2026-09-01 02:05:09,1984,2004,zeroBE,0,empty,0.0,0.0,natural,False,True,60.0,False,False,False,False,0,0,0.004,21,True,0.19376406760457,1.348478403328227,0.1683852926745766,1.2785172698975171,True,0,0,4500.0,2500.0,1.4,True,1984-start,v1,317edc4af21e,True,lrr,0.9272811368736706,13,0.2079092875072201,1.2738399419158752,False,0.6
HAT_1984_2004_zeroBE_noroad_nobdm_nogroin,2.5,calibration,2026-09-01 00:40:30,1984,2004,zeroBE,0,empty,0.0,0.0,natural,False,False,,False,False,False,False,0,0,0.004,21,True,0.2102479106756505,1.4132315090234775,0.1799802973560988,1.3308464093526216,True,0,0,,,1.4,True,1984-start,v1,317edc4af21e,True,lrr,0.935559540390087,12,0.2181101033746332,1.335132626561362,False,
HAT_1984_2004_zeroBE_road_bdm_groin,2.5,calibration,2026-09-01 02:13:04,1984,2004,zeroBE,0,empty,0.0,0.0,full_management,False,True,60.0,True,False,True,True,29,0,0.004,21,True,0.4191205584424342,1.4408403876766245,0.396075456560334,1.3801374872027858,True,0,0,6000.0,2500.0,1.4,True,1984-start,v1,317edc4af21e,True,lrr,0.9405144095716824,15,0.3995210041415337,1.3640389117736422,False,0.6
HAT_1984_2004_zeroBE_road_bdm_nogroin,2.5,calibration,2026-09-01 00:47:58,1984,2004,zeroBE,0,empty,0.0,0.0,full_management,False,False,,True,False,True,True,29,0,0.004,21,True,0.4289727590072241,1.495080541849542,0.4009229050070679,1.4217985618568871,True,0,0,,,1.3,True,1984-start,v1,317edc4af21e,True,lrr,0.9404865110949892,14,0.4040877015051287,1.4156830753836205,False,
HAT_1984_2004_zeroBE_road_nobdm_groin,2.5,calibration,2026-09-01 02:07:04,1984,2004,zeroBE,0,empty,0.0,0.0,roadway_only,False,True,60.0,True,False,False,False,0,0,0.004,21,True,0.3721628641686408,1.4084905491408115,0.3486010834802746,1.344908860815055,True,0,0,6000.0,2500.0,1.3,True,1984-start,v1,317edc4af21e,True,lrr,0.934799356956023,15,0.359174668949458,1.3388573673530215,False,0.6
HAT_1984_2004_zeroBE_road_nobdm_nogroin,2.5,calibration,2026-09-01 00:42:21,1984,2004,zeroBE,0,empty,0.0,0.0,roadway_only,False,False,,True,False,False,False,0,0,0.004,21,True,0.3817378574597901,1.4635052272573983,0.3531863485985318,1.3872337268382495,True,0,0,,,1.3,True,1984-start,v1,317edc4af21e,True,lrr,0.9347454450289814,13,0.3635408550122132,1.3911609557098394,False,
HAT_1984_2004_zeroBE_road_reloc_bdm_groin,2.5,calibration,2026-09-01 02:15:00,1984,2004,zeroBE,0,empty,0.0,0.0,full_management,True,True,60.0,True,True,True,True,29,0,0.004,21,True,0.4196203080304428,1.4413032829468555,0.3965724558571117,1.3806448508595004,True,0,0,6000.0,2500.0,1.3,True,1984-start,v1,317edc4af21e,True,lrr,0.9405144104479586,15,0.3999012427673573,1.364327242392649,False,0.6
HAT_1984_2004_zeroBE_road_reloc_bdm_nogroin,2.5,calibration,2026-09-01 00:49:51,1984,2004,zeroBE,0,empty,0.0,0.0,full_management,True,False,,True,True,True,True,29,0,0.004,21,True,0.4294127964373679,1.495500047701061,0.4013587023261897,1.4222619990551293,True,0,0,,,1.3,True,1984-start,v1,317edc4af21e,True,lrr,0.9404751073444,14,0.4043611757700024,1.4159015460826487,False,
HAT_1984_2004_zeroBE_road_reloc_nobdm_groin,2.5,calibration,2026-09-01 02:08:59,1984,2004,zeroBE,0,empty,0.0,0.0,roadway_only,True,True,60.0,True,True,False,False,0,0,0.004,21,True,0.372872706171197,1.4092431622782091,0.3493240512035754,1.3457176808776383,True,0,0,6000.0,2500.0,1.3,True,1984-start,v1,317edc4af21e,True,lrr,0.9348367629392929,15,0.3596494403621513,1.3393224648327755,False,0.6
HAT_1984_2004_zeroBE_road_reloc_nobdm_nogroin,2.5,calibration,2026-09-01 00:44:12,1984,2004,zeroBE,0,empty,0.0,0.0,roadway_only,True,False,,True,True,False,False,0,0,0.004,21,True,0.3823879835685448,1.4642024510150016,0.3538481105173055,1.3879881637746216,True,0,0,,,1.3,True,1984-start,v1,317edc4af21e,True,lrr,0.9347828526403076,14,0.363908855167495,1.391548511263536,False,
HAT_2004_2024_calibBE_noroad_bdm_nourish_groin,2.5,calibration,2026-09-01 03:21:21,2004,2024,calibBE,67,8652bf10e2a5,50.3,57.9,beachdune_only,False,True,60.0,False,False,True,True,43,3,0.006,21,True,-1.2363378562491123,1.603792934116753,-1.246312317968952,1.6155379202781743,True,0,0,6000.0,2500.0,4.2,True,2004-start,v1,317edc4af21e,True,lrr,0.4872654468170209,45,-1.0654933559417936,1.4634248895835644,False,0.6
HAT_2004_2024_calibBE_noroad_bdm_nourish_nogroin,2.5,calibration,2026-09-01 01:44:55,2004,2024,calibBE,67,8652bf10e2a5,50.3,57.9,beachdune_only,False,False,,False,False,True,True,43,3,0.006,21,True,-1.2418511710395486,1.6174696622396478,-1.2547264690731,1.6296846591959346,True,0,0,,,3.1,True,2004-start,v1,317edc4af21e,True,lrr,0.4644213266196488,46,-1.07280231557424,1.4717364545823346,False,
HAT_2004_2024_calibBE_noroad_nobdm_groin,2.5,calibration,2026-09-01 03:10:20,2004,2024,calibBE,67,8652bf10e2a5,50.3,57.9,natural,False,True,60.0,False,False,False,False,0,0,0.006,21,True,-1.9440483795475216,2.1259309625389955,-1.9550677838533448,2.1334552974876173,True,0,0,5500.0,2500.0,4.5,True,2004-start,v1,317edc4af21e,True,lrr,0.8487125803176765,16,-1.747028027115408,1.930027064170275,False,0.6
HAT_2004_2024_calibBE_noroad_nobdm_nogroin,2.5,calibration,2026-09-01 01:38:08,2004,2024,calibBE,67,8652bf10e2a5,50.3,57.9,natural,False,False,,False,False,False,False,0,0,0.006,21,True,-1.943504734273631,2.1417509525312783,-1.957561809382767,2.15005235250628,True,0,0,,,3.4,True,2004-start,v1,317edc4af21e,True,lrr,0.8605327136924147,16,-1.7561851620420237,1.9556979956644376,False,
HAT_2004_2024_calibBE_road_bdm_nonourish_groin,2.5,calibration,2026-09-01 03:31:29,2004,2024,calibBE,67,8652bf10e2a5,50.3,57.9,full_no_fill,False,True,60.0,True,False,True,False,43,0,0.006,21,True,-0.0779392483405794,0.5712487893163763,-0.0668636326978052,0.5676417787177999,True,0,0,6500.0,2500.0,3.4,True,2004-start,v1,317edc4af21e,True,lrr,0.8461254068361073,14,0.0271018990236521,0.5255186775059035,False,0.6
HAT_2004_2024_calibBE_road_bdm_nonourish_nogroin,2.5,calibration,2026-09-01 01:51:02,2004,2024,calibBE,67,8652bf10e2a5,50.3,57.9,full_no_fill,False,False,,True,False,True,False,43,0,0.006,21,True,-0.0859185466751639,0.5821024998642502,-0.0777336091280374,0.5788702774387091,True,0,0,,,2.5,True,2004-start,v1,317edc4af21e,True,lrr,0.8330309076640305,14,0.0170531275487546,0.5280056621581247,False,
HAT_2004_2024_calibBE_road_bdm_nourish_groin,2.5,calibration,2026-09-01 03:26:31,2004,2024,calibBE,67,8652bf10e2a5,50.3,57.9,full_management,False,True,60.0,True,False,True,True,43,3,0.006,21,True,0.096207364935735,0.5750174286779519,0.103499578071502,0.5803526737721568,True,0,0,6000.0,2500.0,3.4,True,2004-start,v1,317edc4af21e,True,lrr,0.7993857090923624,19,0.2307051832600084,0.6066510716043426,False,0.6
HAT_2004_2024_calibBE_road_bdm_nourish_groin_waveHs1p8,1.8,sensitivity,2026-09-01 18:35:25,2004,2024,calibBE,67,8652bf10e2a5,50.3,57.9,full_management,False,True,60.0,True,False,True,True,43,3,0.006,21,True,-0.2152536053515781,0.605320264966662,-0.2198339208788623,0.5853534229815802,True,0,0,,,2.8,True,2004-start,v1,317edc4af21e,True,lrr,0.7595599222476972,26,-0.0450474766058512,0.5348720724311267,False,0.6
HAT_2004_2024_calibBE_road_bdm_nourish_groin_waveHs2,2.0,sensitivity,2026-09-01 18:39:08,2004,2024,calibBE,67,8652bf10e2a5,50.3,57.9,full_management,False,True,60.0,True,False,True,True,43,3,0.006,21,True,-0.0889364153080824,0.542579412953295,-0.088419544157833,0.5330722078739114,True,0,0,,,3.5,True,2004-start,v1,317edc4af21e,True,lrr,0.7600664950378099,24,0.066855439940749,0.5224062792252389,False,0.6
HAT_2004_2024_calibBE_road_bdm_nourish_groin_waveHs3,3.0,sensitivity,2026-09-01 18:42:02,2004,2024,calibBE,67,8652bf10e2a5,50.3,57.9,full_management,False,True,60.0,True,False,True,True,43,3,0.006,21,True,0.2611706669691523,0.8197951136134511,0.2730959827236431,0.809884566275369,True,0,0,,,2.5,True,2004-start,v1,317edc4af21e,True,lrr,0.8329432339293938,19,0.3779125140871207,0.8501923204316361,False,0.6
HAT_2004_2024_calibBE_road_bdm_nourish_groin_waveHs3p5,3.5,sensitivity,2026-09-01 18:44:54,2004,2024,calibBE,67,8652bf10e2a5,50.3,57.9,full_management,False,True,60.0,True,False,True,True,43,3,0.006,21,True,0.3931448857658507,1.1582280134069325,0.4063609659282782,1.124456120233,True,0,0,,,2.6,True,2004-start,v1,317edc4af21e,True,lrr,0.8882389110268888,23,0.4934581286354486,1.1520636345274158,False,0.6
HAT_2004_2024_calibBE_road_bdm_nourish_nogroin,2.5,calibration,2026-09-01 01:47:57,2004,2024,calibBE,67,8652bf10e2a5,50.3,57.9,full_management,False,False,,True,False,True,True,43,3,0.006,21,True,0.08855061267666,0.5765428533698814,0.0929562222395312,0.5819483750609734,True,0,0,,,2.5,True,2004-start,v1,317edc4af21e,True,lrr,0.7897532642384348,19,0.2219694282206449,0.5917801312190001,False,
HAT_2004_2024_calibBE_road_nobdm_groin,2.5,calibration,2026-09-01 03:15:40,2004,2024,calibBE,67,8652bf10e2a5,50.3,57.9,roadway_only,False,True,60.0,True,False,False,False,0,0,0.006,21,True,-0.4672622801729237,0.838271303085332,-0.4618022209842697,0.8382054271803843,True,0,0,6000.0,2500.0,3.6,True,2004-start,v1,317edc4af21e,True,lrr,0.7561127451421534,22,-0.3211128668206309,0.7299717328704237,False,0.6
HAT_2004_2024_calibBE_road_nobdm_nogroin,2.5,calibration,2026-09-01 01:41:16,2004,2024,calibBE,67,8652bf10e2a5,50.3,57.9,roadway_only,False,False,,True,False,False,False,0,0,0.006,21,True,-0.4702877121625833,0.850864676446867,-0.4678303964970782,0.8515096667170061,True,0,0,,,2.6,True,2004-start,v1,317edc4af21e,True,lrr,0.7385027056745423,24,-0.3276095089523431,0.7390079229734923,False,
HAT_2004_2024_edgeBE_noroad_bdm_nourish_groin,2.5,calibration,2026-09-01 02:38:22,2004,2024,edgeBE,2,ac6a7aca07f6,50.3,46.7,beachdune_only,False,True,60.0,False,False,True,True,43,3,0.006,21,True,-2.296592597349888,2.7785375104468337,-2.33311380573583,2.807606703970197,True,0,0,7500.0,2500.0,3.7,True,2004-start,v1,317edc4af21e,True,lrr,0.9325538114362956,12,-2.163649221534323,2.6406477842511187,False,0.6
HAT_2004_2024_edgeBE_noroad_bdm_nourish_nogroin,2.5,calibration,2026-09-01 01:11:51,2004,2024,edgeBE,2,ac6a7aca07f6,50.3,46.7,beachdune_only,False,False,,False,False,True,True,43,3,0.006,21,True,-2.303034943500449,2.795151923317708,-2.342458315096273,2.824669274459361,True,0,0,,,3.0,True,2004-start,v1,317edc4af21e,True,lrr,0.9325538109048942,11,-2.174336920735159,2.6568672304122893,False,
HAT_2004_2024_edgeBE_noroad_nobdm_groin,2.5,calibration,2026-09-01 02:30:54,2004,2024,edgeBE,2,ac6a7aca07f6,50.3,46.7,natural,False,True,60.0,False,False,False,False,0,0,0.006,21,True,-3.0276073956258105,3.36006767411218,-3.065707824485466,3.389763352961093,True,0,0,8000.0,2500.0,3.3,True,2004-start,v1,317edc4af21e,True,lrr,0.9550300592192248,6,-2.933845151565491,3.2851276898392725,False,0.6
HAT_2004_2024_edgeBE_noroad_nobdm_groin_waveHs3,3.0,sensitivity,2026-09-01 20:58:42,2004,2024,edgeBE,2,ac6a7aca07f6,50.3,46.7,natural,False,True,60.0,False,False,False,False,0,0,0.006,21,True,-2.7296380677751704,3.123462362151844,-2.762920337407566,3.14339895622987,True,0,0,,,7.3,True,2004-start,v1,317edc4af21e,True,lrr,0.9503785458250892,5,-2.636137747740292,3.050931955403948,False,0.6
HAT_2004_2024_edgeBE_noroad_nobdm_nogroin,2.5,calibration,2026-09-01 01:05:09,2004,2024,edgeBE,2,ac6a7aca07f6,50.3,46.7,natural,False,False,,False,False,False,False,0,0,0.006,21,True,-3.052931541911777,3.404981496195132,-3.094496272570218,3.435648221512514,True,0,0,,,3.2,True,2004-start,v1,317edc4af21e,True,lrr,0.9568310065701616,5,-2.9617541881146705,3.3272407692172283,False,
HAT_2004_2024_edgeBE_road_bdm_nonourish_groin,2.5,calibration,2026-09-01 02:44:38,2004,2024,edgeBE,2,ac6a7aca07f6,50.3,46.7,full_no_fill,False,True,60.0,True,False,True,False,43,0,0.006,21,True,-1.1443996892329935,1.7807256666356592,-1.1600879367946222,1.7992465172775929,True,0,0,6500.0,2500.0,2.4,True,2004-start,v1,317edc4af21e,True,lrr,0.9330596981519232,12,-1.0693987951752095,1.7554784661592553,False,0.6
HAT_2004_2024_edgeBE_road_bdm_nonourish_nogroin,2.5,calibration,2026-09-01 01:17:55,2004,2024,edgeBE,2,ac6a7aca07f6,50.3,46.7,full_no_fill,False,False,,True,False,True,False,43,0,0.006,21,True,-1.1514539656911715,1.7969496764751096,-1.1700152917967197,1.815843360581236,True,0,0,,,2.5,True,2004-start,v1,317edc4af21e,True,lrr,0.9330598911038251,12,-1.0790861703118608,1.7696876334228655,False,
HAT_2004_2024_edgeBE_road_bdm_nourish_groin,2.5,calibration,2026-09-01 02:41:35,2004,2024,edgeBE,2,ac6a7aca07f6,50.3,46.7,full_management,False,True,60.0,True,False,True,True,43,3,0.006,21,True,-0.9747666264108564,1.76011397929793,-0.994108245443592,1.779827105010264,True,0,0,6000.0,2500.0,2.6,True,2004-start,v1,317edc4af21e,True,lrr,0.8721389860636124,18,-0.8719569838144454,1.6873936084534038,False,0.6
HAT_2004_2024_edgeBE_road_bdm_nourish_groin,3.0,waveHs3,2026-09-01 23:14:56,2004,2024,edgeBE,2,ac6a7aca07f6,50.3,46.7,full_management,False,True,60.0,True,False,True,True,43,3,0.006,21,True,-0.9084403599973844,1.7518158513918292,-0.9254364375545786,1.7666236914338156,True,0,0,,,2.8,True,2004-start,v1,317edc4af21e,True,lrr,0.8573642799015263,24,-0.8221256576426065,1.7151905333268622,False,0.6
HAT_2004_2024_edgeBE_road_bdm_nourish_groin,3.0,waveHs3_edge1,2026-09-01 23:09:10,2004,2024,edgeBE,2,5496589cb749,42.42,52.38,full_management,False,True,60.0,True,False,True,True,43,3,0.006,21,True,-0.9237858709999226,1.746274733703939,-0.9389784744484136,1.765144133237649,True,0,0,,,2.7,True,2004-start,v1,317edc4af21e,True,lrr,0.8257669503567748,24,-0.8348465553770196,1.7018274723875748,False,0.6
HAT_2004_2024_edgeBE_road_bdm_nourish_groin,3.0,waveHs3_probe,2026-09-01 23:03:13,2004,2024,edgeBE,2,0325f5760168,53.3,49.7,full_management,False,True,60.0,True,False,True,True,43,3,0.006,21,True,-0.8591011152530111,1.7601240462397372,-0.8810578864038093,1.7751286365008834,True,0,0,,,3.7,True,2004-start,v1,317edc4af21e,True,lrr,0.8620037638331552,24,-0.7778794791537098,1.7249330286940032,False,0.6
HAT_2004_2024_edgeBE_road_bdm_nourish_groin_rset0,2.5,sensitivity,2026-09-01 14:19:40,2004,2024,edgeBE,2,ac6a7aca07f6,50.3,46.7,full_management,False,True,60.0,True,False,True,True,43,3,0.006,21,True,-0.9747543635270668,1.760107025897708,-0.9940958505599732,1.7798200916555034,True,0,0,,,2.6,True,2004-start,v1,317edc4af21e,True,lrr,0.8721547687940621,18,-0.8719496204086302,1.6873908497329784,False,0.6
HAT_2004_2024_edgeBE_road_bdm_nourish_groin_rset10,2.5,sensitivity,2026-09-01 14:22:32,2004,2024,edgeBE,2,ac6a7aca07f6,50.3,46.7,full_management,False,True,60.0,True,False,True,True,43,3,0.006,21,True,-0.9747617218095392,1.760110702020608,-0.9941032801365384,1.7798237970555535,True,0,0,,,2.6,True,2004-start,v1,317edc4af21e,True,lrr,0.8721445131694139,18,-0.8719523766678647,1.6873903242503343,False,0.6
HAT_2004_2024_edgeBE_road_bdm_nourish_groin_rset30,2.5,sensitivity,2026-09-01 14:25:34,2004,2024,edgeBE,2,ac6a7aca07f6,50.3,46.7,full_management,False,True,60.0,True,False,True,True,43,3,0.006,21,True,-0.974775440507543,1.7601192356347166,-0.9941171630136458,1.7798324085180794,True,0,0,,,2.8,True,2004-start,v1,317edc4af21e,True,lrr,0.8721292975958234,18,-0.8719605137022193,1.6873940138673786,False,0.6
HAT_2004_2024_edgeBE_road_bdm_nourish_groin_rset40,2.5,sensitivity,2026-09-01 14:28:12,2004,2024,edgeBE,2,ac6a7aca07f6,50.3,46.7,full_management,False,True,60.0,True,False,True,True,43,3,0.006,21,True,-0.974773455196055,1.7601196451385857,-0.9941151875194816,1.7798328299226058,True,0,0,,,2.4,True,2004-start,v1,317edc4af21e,True,lrr,0.8721360851671724,18,-0.871965165892696,1.6874001458897976,False,0.6
HAT_2004_2024_edgeBE_road_bdm_nourish_groin_rset60,2.5,sensitivity,2026-09-01 14:31:00,2004,2024,edgeBE,2,ac6a7aca07f6,50.3,46.7,full_management,False,True,60.0,True,False,True,True,43,3,0.006,21,True,-0.9747544442362372,1.7601053336834536,-0.9940958845294862,1.7798183737563442,True,0,0,,,2.5,True,2004-start,v1,317edc4af21e,True,lrr,0.87214404482603,18,-0.8719484292071193,1.6873887311370852,False,0.6
HAT_2004_2024_edgeBE_road_bdm_nourish_groin_rsetmeasured,2.5,sensitivity,2026-09-01 14:33:44,2004,2024,edgeBE,2,ac6a7aca07f6,50.3,46.7,full_management,False,True,60.0,True,False,True,True,43,3,0.006,21,True,-0.9747544442362372,1.7601053336834536,-0.9940958845294862,1.7798183737563442,True,0,0,,,2.5,True,2004-start,v1,317edc4af21e,True,lrr,0.87214404482603,18,-0.8719484292071193,1.6873887311370852,False,0.6
HAT_2004_2024_edgeBE_road_bdm_nourish_groin_waveHs0p75,0.75,sensitivity,2026-09-01 16:33:19,2004,2024,edgeBE,2,ac6a7aca07f6,50.3,46.7,full_management,False,True,60.0,True,False,True,True,43,3,0.006,21,True,-1.4806023224652167,2.4503853022318807,-1.5601356214134283,2.4207582171136712,True,0,0,,,2.4,True,2004-start,v1,317edc4af21e,True,lrr,0.8979791058379913,13,-1.5435690150971164,2.3177615446536826,False,0.6
HAT_2004_2024_edgeBE_road_bdm_nourish_groin_waveHs0p8,0.8,sensitivity,2026-09-01 16:36:04,2004,2024,edgeBE,2,ac6a7aca07f6,50.3,46.7,full_management,False,True,60.0,True,False,True,True,43,3,0.006,21,True,-1.407527889090428,2.348313886793982,-1.481444524706398,2.321546336984496,True,0,0,,,2.5,True,2004-start,v1,317edc4af21e,True,lrr,0.9033144971188648,11,-1.4193018687859884,2.1777360839575635,False,0.6
HAT_2004_2024_edgeBE_road_bdm_nourish_groin_waveHs1,1.0,sensitivity,2026-09-01 14:58:21,2004,2024,edgeBE,2,ac6a7aca07f6,50.3,46.7,full_management,False,True,60.0,True,False,True,True,43,3,0.006,21,True,-1.2624441308762386,2.069605601695568,-1.3190925297841574,2.053065682846124,True,0,0,,,2.5,True,2004-start,v1,317edc4af21e,True,lrr,0.8853224173659316,11,-1.1802197559355556,1.8759717980320068,False,0.6
HAT_2004_2024_edgeBE_road_bdm_nourish_groin_waveHs1p2,1.2,sensitivity,2026-09-01 16:38:46,2004,2024,edgeBE,2,ac6a7aca07f6,50.3,46.7,full_management,False,True,60.0,True,False,True,True,43,3,0.006,21,True,-1.1703684239463756,1.914465893120064,-1.2156259776866554,1.9066343542204285,True,0,0,,,2.4,True,2004-start,v1,317edc4af21e,True,lrr,0.8703793774698153,15,-1.0576528504498603,1.7349838076809,False,0.6
HAT_2004_2024_edgeBE_road_bdm_nourish_groin_waveHs1p5,1.5,sensitivity,2026-09-01 16:41:34,2004,2024,edgeBE,2,ac6a7aca07f6,50.3,46.7,full_management,False,True,60.0,True,False,True,True,43,3,0.006,21,True,-1.1169481629991398,1.832347051835156,-1.1507126317754313,1.834455667398052,True,0,0,,,2.5,True,2004-start,v1,317edc4af21e,True,lrr,0.8616041252092275,15,-0.9935433080268422,1.675874575902443,False,0.6
HAT_2004_2024_edgeBE_road_bdm_nourish_groin_waveHs1p8,1.8,sensitivity,2026-09-01 15:07:30,2004,2024,edgeBE,2,ac6a7aca07f6,50.3,46.7,full_management,False,True,60.0,True,False,True,True,43,3,0.006,21,True,-1.0553772143841371,1.7680587599325834,-1.0812099562296476,1.7771316440759506,True,0,0,,,3.0,True,2004-start,v1,317edc4af21e,True,lrr,0.8742952524775852,15,-0.9333170170888376,1.634616647435095,False,0.6
HAT_2004_2024_edgeBE_road_bdm_nourish_groin_waveHs2,2.0,sensitivity,2026-09-01 15:10:15,2004,2024,edgeBE,2,ac6a7aca07f6,50.3,46.7,full_management,False,True,60.0,True,False,True,True,43,3,0.006,21,True,-1.02840692864198,1.784935571633839,-1.0518470947329888,1.7986209182596142,True,0,0,,,2.5,True,2004-start,v1,317edc4af21e,True,lrr,0.8800669817835881,17,-0.915484560017448,1.6716009994515273,False,0.6
HAT_2004_2024_edgeBE_road_bdm_nourish_groin_waveHs3,3.0,sensitivity,2026-09-01 15:12:48,2004,2024,edgeBE,2,ac6a7aca07f6,50.3,46.7,full_management,False,True,60.0,True,False,True,True,43,3,0.006,21,True,-0.9084427455608148,1.7518154362846226,-0.9254388063475976,1.766623298810765,True,0,0,,,2.3,True,2004-start,v1,317edc4af21e,True,lrr,0.8573631151849996,24,-0.8221230993555945,1.7151870478427236,False,0.6
HAT_2004_2024_edgeBE_road_bdm_nourish_groin_waveHs3p5,3.5,sensitivity,2026-09-01 15:15:31,2004,2024,edgeBE,2,ac6a7aca07f6,50.3,46.7,full_management,False,True,60.0,True,False,True,True,43,3,0.006,21,True,-0.858082819162355,1.835554205255628,-0.874421984286445,1.834537071417952,True,0,0,,,2.5,True,2004-start,v1,317edc4af21e,True,lrr,0.8938901937306708,27,-0.7859244286331375,1.810189988633169,False,0.6
HAT_2004_2024_edgeBE_road_bdm_nourish_groin_waveHs4,4.0,sensitivity,2026-09-01 15:18:21,2004,2024,edgeBE,2,ac6a7aca07f6,50.3,46.7,full_management,False,True,60.0,True,False,True,True,43,3,0.006,21,True,-0.8773092573675322,2.016037817049574,-0.8936045226969459,1.9942838994945928,True,0,0,,,2.6,True,2004-start,v1,317edc4af21e,True,lrr,0.9167262040543034,23,-0.8147144071677069,1.9816018797389208,False,0.6
HAT_2004_2024_edgeBE_road_bdm_nourish_groin_waveHs4p5,4.5,sensitivity,2026-09-01 15:21:04,2004,2024,edgeBE,2,ac6a7aca07f6,50.3,46.7,full_management,False,True,60.0,True,False,True,True,43,3,0.006,21,True,-0.8523525215303804,2.2259294785731325,-0.8694353571158019,2.181493985970109,True,0,0,,,2.5,True,2004-start,v1,317edc4af21e,True,lrr,0.9311629545353076,20,-0.8091017500261773,2.175986821504022,False,0.6
HAT_2004_2024_edgeBE_road_bdm_nourish_groin_waveHs5,5.0,sensitivity,2026-09-01 15:23:39,2004,2024,edgeBE,2,ac6a7aca07f6,50.3,46.7,full_management,False,True,60.0,True,False,True,True,43,3,0.006,21,True,-0.8540314143898976,2.466007725649661,-0.8725151722993161,2.401606842803105,True,0,0,,,2.3,True,2004-start,v1,317edc4af21e,True,lrr,0.9317186332184316,16,-0.8160180641350068,2.381075879628329,False,0.6
HAT_2004_2024_edgeBE_road_bdm_nourish_groin_waveTp10,2.5,calibration,2026-09-01 15:35:22,2004,2024,edgeBE,2,ac6a7aca07f6,50.3,46.7,full_management,False,True,60.0,True,False,True,True,43,3,0.006,21,True,-1.042476669936459,1.7216748794183134,-1.0541606961686518,1.73884046761342,True,0,0,,,5.8,True,2004-start,v1,317edc4af21e,True,lrr,0.8871141511172385,19,-0.9337388512557268,1.6520871774899932,False,0.6
HAT_2004_2024_edgeBE_road_bdm_nourish_groin_waveTp7,2.5,calibration,2026-09-01 15:26:22,2004,2024,edgeBE,2,ac6a7aca07f6,50.3,46.7,full_management,False,True,60.0,True,False,True,True,43,3,0.006,21,True,-0.904871665502506,1.7774332321196749,-0.9298819866993012,1.7972367014865842,True,0,0,,,2.5,True,2004-start,v1,317edc4af21e,True,lrr,0.862769038566089,21,-0.8103961575310309,1.7051524659931727,False,0.6
HAT_2004_2024_edgeBE_road_bdm_nourish_groin_waveTp9,2.5,calibration,2026-09-01 15:29:19,2004,2024,edgeBE,2,ac6a7aca07f6,50.3,46.7,full_management,False,True,60.0,True,False,True,True,43,3,0.006,21,True,-1.011763271693552,1.734619779044382,-1.026572427376616,1.7531385193093194,True,0,0,,,2.7,True,2004-start,v1,317edc4af21e,True,lrr,0.8828224349511198,18,-0.9061823566097952,1.664579406664177,False,0.6
HAT_2004_2024_edgeBE_road_bdm_nourish_groin_waveahf0p15,2.5,calibration,2026-09-01 14:36:51,2004,2024,edgeBE,2,ac6a7aca07f6,50.3,46.7,full_management,False,True,60.0,True,False,True,True,43,3,0.006,21,True,-0.9428927596881288,1.754906456989438,-0.9679818982931976,1.7736269652712209,True,0,0,,,2.9,True,2004-start,v1,317edc4af21e,True,lrr,0.8813549206314157,18,-0.8447978707931274,1.6719669936774169,False,0.6
HAT_2004_2024_edgeBE_road_bdm_nourish_groin_waveahf0p2,2.5,calibration,2026-09-01 14:39:26,2004,2024,edgeBE,2,ac6a7aca07f6,50.3,46.7,full_management,False,True,60.0,True,False,True,True,43,3,0.006,21,True,-0.9182884081653934,1.755258263704772,-0.9491412394700371,1.7702114686273032,True,0,0,,,2.3,True,2004-start,v1,317edc4af21e,True,lrr,0.8940397101423265,18,-0.8252869403721377,1.659140876868031,False,0.6
HAT_2004_2024_edgeBE_road_bdm_nourish_groin_waveahf0p25,2.5,calibration,2026-09-01 14:42:04,2004,2024,edgeBE,2,ac6a7aca07f6,50.3,46.7,full_management,False,True,60.0,True,False,True,True,43,3,0.006,21,True,-0.8886963167254133,1.7550753702262691,-0.9273296372068384,1.76452450239853,True,0,0,,,2.4,True,2004-start,v1,317edc4af21e,True,lrr,0.9110533962684204,16,-0.8073150640412682,1.6485850485671203,False,0.6
HAT_2004_2024_edgeBE_road_bdm_nourish_groin_waveahf0p3,2.5,calibration,2026-09-01 14:44:42,2004,2024,edgeBE,2,ac6a7aca07f6,50.3,46.7,full_management,False,True,60.0,True,False,True,True,43,3,0.006,21,True,-0.8770519262498635,1.7568330589761143,-0.9237400465503598,1.7572737742306288,True,0,0,,,2.4,True,2004-start,v1,317edc4af21e,True,lrr,0.9140343387868032,14,-0.8064833300405257,1.6395357056490385,False,0.6
HAT_2004_2024_edgeBE_road_bdm_nourish_groin_waveasym0p6,2.5,calibration,2026-09-01 14:47:21,2004,2024,edgeBE,2,ac6a7aca07f6,50.3,46.7,full_management,False,True,60.0,True,False,True,True,43,3,0.006,21,True,-0.955132386646656,1.7658284022436683,-0.9768822185751111,1.785679048724256,True,0,0,,,2.4,True,2004-start,v1,317edc4af21e,True,lrr,0.8726552408388448,18,-0.853765154575703,1.6948970894199458,False,0.6
HAT_2004_2024_edgeBE_road_bdm_nourish_groin_waveasym0p65,2.5,calibration,2026-09-01 14:50:07,2004,2024,edgeBE,2,ac6a7aca07f6,50.3,46.7,full_management,False,True,60.0,True,False,True,True,43,3,0.006,21,True,-0.964972732336858,1.7625445471078611,-0.985495726733588,1.7823479503367543,True,0,0,,,2.5,True,2004-start,v1,317edc4af21e,True,lrr,0.8724494577968946,18,-0.8633601640659461,1.6909800969655169,False,0.6
HAT_2004_2024_edgeBE_road_bdm_nourish_groin_waveasym0p75,2.5,calibration,2026-09-01 14:52:45,2004,2024,edgeBE,2,ac6a7aca07f6,50.3,46.7,full_management,False,True,60.0,True,False,True,True,43,3,0.006,21,True,-0.985457304620055,1.758095086780009,-1.0035651234431675,1.7776342226561992,True,0,0,,,2.4,True,2004-start,v1,317edc4af21e,True,lrr,0.8731530106525429,19,-0.8807888300452269,1.684356803697712,False,0.6
HAT_2004_2024_edgeBE_road_bdm_nourish_nogroin,2.5,calibration,2026-09-01 01:14:54,2004,2024,edgeBE,2,ac6a7aca07f6,50.3,46.7,full_management,False,False,,True,False,True,True,43,3,0.006,21,True,-0.9814662573802504,1.7735072163266743,-1.003676596754638,1.7935468644741233,True,0,0,,,2.5,True,2004-start,v1,317edc4af21e,True,lrr,0.8800469972008123,18,-0.8803745521416592,1.69597146521524,False,
HAT_2004_2024_edgeBE_road_nobdm_groin,2.5,calibration,2026-09-01 02:34:06,2004,2024,edgeBE,2,ac6a7aca07f6,50.3,46.7,roadway_only,False,True,60.0,True,False,False,False,0,0,0.006,21,True,-1.551419643618952,2.184890270371288,-1.5728662239111648,2.2073530231891247,True,0,0,6000.0,2500.0,2.6,True,2004-start,v1,317edc4af21e,True,lrr,0.92487960222483,17,-1.4694618986416523,2.160015396817994,False,0.6
HAT_2004_2024_edgeBE_road_nobdm_nogroin,2.5,calibration,2026-09-01 01:08:18,2004,2024,edgeBE,2,ac6a7aca07f6,50.3,46.7,roadway_only,False,False,,True,False,False,False,0,0,0.006,21,True,-1.55309134099458,2.197676494346484,-1.5775544796810834,2.2205989338636605,True,0,0,,,2.6,True,2004-start,v1,317edc4af21e,True,lrr,0.9255165272285208,16,-1.4750292471409252,2.172466387295938,False,
HAT_2004_2024_zeroBE_noroad_bdm_nourish_groin,2.5,calibration,2026-09-01 02:55:06,2004,2024,zeroBE,0,empty,0.0,0.0,beachdune_only,False,True,60.0,False,False,True,True,43,3,0.006,21,True,-3.006642960073954,3.252145382882348,-2.95233629995615,3.1865976775574256,True,0,0,5000.0,2500.0,3.0,True,2004-start,v1,317edc4af21e,True,lrr,0.9440712157866658,0,-2.777463523097488,3.0270918546834773,False,0.6
HAT_2004_2024_zeroBE_noroad_bdm_nourish_nogroin,2.5,calibration,2026-09-01 01:28:13,2004,2024,zeroBE,0,empty,0.0,0.0,beachdune_only,False,False,,False,False,True,True,43,3,0.006,21,True,-3.010521537943523,3.2514065210091774,-2.9593905808151577,3.190758143973131,True,0,0,,,3.0,True,2004-start,v1,317edc4af21e,True,lrr,0.939414058442514,0,-2.783834067994749,3.0240452753985703,False,
HAT_2004_2024_zeroBE_noroad_nobdm_groin,2.5,calibration,2026-09-01 02:48:24,2004,2024,zeroBE,0,empty,0.0,0.0,natural,False,True,60.0,False,False,False,False,0,0,0.006,21,True,-3.75357004919055,3.976333229027548,-3.701601297851495,3.915526862915673,True,0,0,6500.0,2500.0,3.2,True,2004-start,v1,317edc4af21e,True,lrr,0.9634927061033772,0,-3.57467604349096,3.799118963115115,False,0.6
HAT_2004_2024_zeroBE_noroad_nobdm_nogroin,2.5,calibration,2026-09-01 01:21:38,2004,2024,zeroBE,0,empty,0.0,0.0,natural,False,False,,False,False,False,False,0,0,0.006,21,True,-3.769036413837845,3.996368920735104,-3.720454927299696,3.940373941714359,True,0,0,,,3.2,True,2004-start,v1,317edc4af21e,True,lrr,0.9638512137035355,0,-3.587226956811414,3.812364091085122,False,
HAT_2004_2024_zeroBE_road_bdm_nonourish_groin,2.5,calibration,2026-09-01 03:04:24,2004,2024,zeroBE,0,empty,0.0,0.0,full_no_fill,False,True,60.0,True,False,True,False,43,0,0.006,21,True,-1.8677242668365264,2.373088399783102,-1.7922753860180434,2.2688619139612545,True,0,0,6000.0,2500.0,3.5,True,2004-start,v1,317edc4af21e,True,lrr,0.9597840792556858,6,-1.7000603938900465,2.1952785523080216,False,0.6
HAT_2004_2024_zeroBE_road_bdm_nonourish_nogroin,2.5,calibration,2026-09-01 01:34:12,2004,2024,zeroBE,0,empty,0.0,0.0,full_no_fill,False,False,,True,False,True,False,43,0,0.006,21,True,-1.872794177425463,2.3675822163454594,-1.8005606506974248,2.269747278242968,True,0,0,,,2.5,True,2004-start,v1,317edc4af21e,True,lrr,0.9600544578689204,6,-1.7056678604837332,2.185998516775628,False,
HAT_2004_2024_zeroBE_road_bdm_nourish_groin,2.5,calibration,2026-09-01 02:59:06,2004,2024,zeroBE,0,empty,0.0,0.0,full_management,False,True,60.0,True,False,True,True,43,3,0.006,21,True,-1.6958453485279774,2.223192087564495,-1.6241624543433262,2.125804874465585,True,0,0,6000.0,2500.0,3.4,True,2004-start,v1,317edc4af21e,True,lrr,0.9035023302089712,12,-1.4971055788175551,2.037018201343257,False,0.6
HAT_2004_2024_zeroBE_road_bdm_nourish_nogroin,2.5,calibration,2026-09-01 01:31:13,2004,2024,zeroBE,0,empty,0.0,0.0,full_management,False,False,,True,False,True,True,43,3,0.006,21,True,-1.7005968203969837,2.2146354912268302,-1.632125464516517,2.123898597032397,True,0,0,,,2.5,True,2004-start,v1,317edc4af21e,True,lrr,0.8934859562891286,10,-1.501404415899381,2.0206232231626964,False,
HAT_2004_2024_zeroBE_road_nobdm_groin,2.5,calibration,2026-09-01 02:51:30,2004,2024,zeroBE,0,empty,0.0,0.0,roadway_only,False,True,60.0,True,False,False,False,0,0,0.006,21,True,-2.270386015355024,2.778305544279394,-2.2007416224264738,2.692054791453032,True,0,0,6000.0,2500.0,2.5,True,2004-start,v1,317edc4af21e,True,lrr,0.95403464098131,6,-2.095223676549576,2.610202563952451,False,0.6
HAT_2004_2024_zeroBE_road_nobdm_nogroin,2.5,calibration,2026-09-01 01:24:41,2004,2024,zeroBE,0,empty,0.0,0.0,roadway_only,False,False,,True,False,False,False,0,0,0.006,21,True,-2.2707311230188427,2.770072368488327,-2.2042994086237098,2.689392092081347,True,0,0,,,2.5,True,2004-start,v1,317edc4af21e,True,lrr,0.9568161809679884,6,-2.0985151584073005,2.601205867265434,False,
