FID_duneline_2017_buff_domains,FID_duneline_2017_buffer,BUFF_DIST,ORIG_FID,FID_domains_subset_2_12,Coords,domain_id,reach,z_mean,z_max,z_min,relief_m,slope_avg,road_z,shch_myr,hotspot,eros_hot,bnour,bnour_yr,bnour_src,armor,editor,edit_date,notes,domain_id_subset,FID_Transect_Points_1m,ORIG_FID_1,ORIG_LEN,ORIG_SEQ,LineID
1,1,1.500000000000000,1,1,3899535,2,,0.0000000,0.0000000,0.0000000,0.0000000,0.0000000,0.0000000,0.0000000,0,,,0,,,,,,1,168254,17,8237.000000000000000,8238,17.000000000000000
1,1,1.500000000000000,1,1,3899535,2,,0.0000000,0.0000000,0.0000000,0.0000000,0.0000000,0.0000000,0.0000000,0,,,0,,,,,,1,168253,17,8236.000000000000000,8237,17.000000000000000
1,1,1.500000000000000,1,1,3899535,2,,0.0000000,0.0000000,0.0000000,0.0000000,0.0000000,0.0000000,0.0000000,0,,,0,,,,,,1,168252,17,8235.000000000000000,8236,17.000000000000000
1,1,1.500000000000000,1,1,3899535,2,,0.0000000,0.0000000,0.0000000,0.0000000,0.0000000,0.0000000,0.0000000,0,,,0,,,,,,1,178256,18,8238.000000000000000,8239,18.000000000000000
1,1,1.500000000000000,1,1,3899535,2,,0.0000000,0.0000000,0.0000000,0.0000000,0.0000000,0.0000000,0.0000000,0,,,0,,,,,,1,178255,18,8237.000000000000000,8238,18.000000000000000
1,1,1.500000000000000,1,1,3899535,2,,0.0000000,0.0000000,0.0000000,0.0000000,0.0000000,0.0000000,0.0000000,0,,,0,,,,,,1,178254,18,8236.000000000000000,8237,18.000000000000000
1,1,1.500000000000000,1,1,3899535,2,,0.0000000,0.0000000,0.0000000,0.0000000,0.0000000,0.0000000,0.0000000,0,,,0,,,,,,1,188223,19,8204.000000000000000,8205,19.000000000000000
1,1,1.500000000000000,1,1,3899535,2,,0.0000000,0.0000000,0.0000000,0.0000000,0.0000000,0.0000000,0.0000000,0,,,0,,,,,,1,188222,19,8203.000000000000000,8204,19.000000000000000
1,1,1.500000000000000,1,1,3899535,2,,0.0000000,0.0000000,0.0000000,0.0000000,0.0000000,0.0000000,0.0000000,0,,,0,,,,,,1,188221,19,8202.000000000000000,8203,19.000000000000000
1,1,1.500000000000000,1,1,3899535,2,,0.0000000,0.0000000,0.0000000,0.0000000,0.0000000,0.0000000,0.0000000,0,,,0,,,,,,1,198174,20,8154.000000000000000,8155,20.000000000000000
1,1,1.500000000000000,1,1,3899535,2,,0.0000000,0.0000000,0.0000000,0.0000000,0.0000000,0.0000000,0.0000000,0,,,0,,,,,,1,198173,20,8153.000000000000000,8154,20.000000000000000
1,1,1.500000000000000,1,1,3899535,2,,0.0000000,0.0000000,0.0000000,0.0000000,0.0000000,0.0000000,0.0000000,0,,,0,,,,,,1,198172,20,8152.000000000000000,8153,20.000000000000000
1,1,1.500000000000000,1,1,3899535,2,,0.0000000,0.0000000,0.0000000,0.0000000,0.0000000,0.0000000,0.0000000,0,,,0,,,,,,1,208131,21,8110.000000000000000,8111,21.000000000000000
1,1,1.500000000000000,1,1,3899535,2,,0.0000000,0.0000000,0.0000000,0.0000000,0.0000000,0.0000000,0.0000000,0,,,0,,,,,,1,208130,21,8109.000000000000000,8110,21.000000000000000
1,1,1.500000000000000,1,1,3899535,2,,0.0000000,0.0000000,0.0000000,0.0000000,0.0000000,0.0000000,0.0000000,0,,,0,,,,,,1,208129,21,8108.000000000000000,8109,21.000000000000000
2,1,1.500000000000000,1,2,3900040,3,,0.0000000,0.0000000,0.0000000,0.0000000,0.0000000,0.0000000,0.0000000,0,,,0,,,,,,2,218103,22,8081.000000000000000,8082,22.000000000000000
2,1,1.500000000000000,1,2,3900040,3,,0.0000000,0.0000000,0.0000000,0.0000000,0.0000000,0.0000000,0.0000000,0,,,0,,,,,,2,218102,22,8080.000000000000000,8081,22.000000000000000
2,1,1.500000000000000,1,2,3900040,3,,0.0000000,0.0000000,0.0000000,0.0000000,0.0000000,0.0000000,0.0000000,0,,,0,,,,,,2,218101,22,8079.000000000000000,8080,22.000000000000000
2,1,1.500000000000000,1,2,3900040,3,,0.0000000,0.0000000,0.0000000,0.0000000,0.0000000,0.0000000,0.0000000,0,,,0,,,,,,2,228084,23,8061.000000000000000,8062,23.000000000000000
2,1,1.500000000000000,1,2,3900040,3,,0.0000000,0.0000000,0.0000000,0.0000000,0.0000000,0.0000000,0.0000000,0,,,0,,,,,,2,228083,23,8060.000000000000000,8061,23.000000000000000
2,1,1.500000000000000,1,2,3900040,3,,0.0000000,0.0000000,0.0000000,0.0000000,0.0000000,0.0000000,0.0000000,0,,,0,,,,,,2,228082,23,8059.000000000000000,8060,23.000000000000000
2,1,1.500000000000000,1,2,3900040,3,,0.0000000,0.0000000,0.0000000,0.0000000,0.0000000,0.0000000,0.0000000,0,,,0,,,,,,2,238067,24,8043.000000000000000,8044,24.000000000000000
2,1,1.500000000000000,1,2,3900040,3,,0.0000000,0.0000000,0.0000000,0.0000000,0.0000000,0.0000000,0.0000000,0,,,0,,,,,,2,238066,24,8042.000000000000000,8043,24.000000000000000
2,1,1.500000000000000,1,2,3900040,3,,0.0000000,0.0000000,0.0000000,0.0000000,0.0000000,0.0000000,0.0000000,0,,,0,,,,,,2,238065,24,8041.000000000000000,8042,24.000000000000000
2,1,1.500000000000000,1,2,3900040,3,,0.0000000,0.0000000,0.0000000,0.0000000,0.0000000,0.0000000,0.0000000,0,,,0,,,,,,2,248052,25,8027.000000000000000,8028,25.000000000000000
2,1,1.500000000000000,1,2,3900040,3,,0.0000000,0.0000000,0.0000000,0.0000000,0.0000000,0.0000000,0.0000000,0,,,0,,,,,,2,248051,25,8026.000000000000000,8027,25.000000000000000
2,1,1.500000000000000,1,2,3900040,3,,0.0000000,0.0000000,0.0000000,0.0000000,0.0000000,0.0000000,0.0000000,0,,,0,,,,,,2,248050,25,8025.000000000000000,8026,25.000000000000000
2,1,1.500000000000000,1,2,3900040,3,,0.0000000,0.0000000,0.0000000,0.0000000,0.0000000,0.0000000,0.0000000,0,,,0,,,,,,2,258034,26,8008.000000000000000,8009,26.000000000000000
2,1,1.500000000000000,1,2,3900040,3,,0.0000000,0.0000000,0.0000000,0.0000000,0.0000000,0.0000000,0.0000000,0,,,0,,,,,,2,258033,26,8007.000000000000000,8008,26.000000000000000
2,1,1.500000000000000,1,2,3900040,3,,0.0000000,0.0000000,0.0000000,0.0000000,0.0000000,0.0000000,0.0000000,0,,,0,,,,,,2,258032,26,8006.000000000000000,8007,26.000000000000000
3,1,1.500000000000000,1,3,3900543,4,,0.0000000,0.0000000,0.0000000,0.0000000,0.0000000,0.0000000,0.0000000,0,,,0,,,,,,3,268011,27,7984.000000000000000,7985,27.000000000000000
3,1,1.500000000000000,1,3,3900543,4,,0.0000000,0.0000000,0.0000000,0.0000000,0.0000000,0.0000000,0.0000000,0,,,0,,,,,,3,268010,27,7983.000000000000000,7984,27.000000000000000
3,1,1.500000000000000,1,3,3900543,4,,0.0000000,0.0000000,0.0000000,0.0000000,0.0000000,0.0000000,0.0000000,0,,,0,,,,,,3,268009,27,7982.000000000000000,7983,27.000000000000000
3,1,1.500000000000000,1,3,3900543,4,,0.0000000,0.0000000,0.0000000,0.0000000,0.0000000,0.0000000,0.0000000,0,,,0,,,,,,3,277987,28,7959.000000000000000,7960,28.000000000000000
3,1,1.500000000000000,1,3,3900543,4,,0.0000000,0.0000000,0.0000000,0.0000000,0.0000000,0.0000000,0.0000000,0,,,0,,,,,,3,277986,28,7958.000000000000000,7959,28.000000000000000
3,1,1.500000000000000,1,3,3900543,4,,0.0000000,0.0000000,0.0000000,0.0000000,0.0000000,0.0000000,0.0000000,0,,,0,,,,,,3,277985,28,7957.000000000000000,7958,28.000000000000000
3,1,1.500000000000000,1,3,3900543,4,,0.0000000,0.0000000,0.0000000,0.0000000,0.0000000,0.0000000,0.0000000,0,,,0,,,,,,3,287961,29,7932.000000000000000,7933,29.000000000000000
3,1,1.500000000000000,1,3,3900543,4,,0.0000000,0.0000000,0.0000000,0.0000000,0.0000000,0.0000000,0.0000000,0,,,0,,,,,,3,287960,29,7931.000000000000000,7932,29.000000000000000
3,1,1.500000000000000,1,3,3900543,4,,0.0000000,0.0000000,0.0000000,0.0000000,0.0000000,0.0000000,0.0000000,0,,,0,,,,,,3,287959,29,7930.000000000000000,7931,29.000000000000000
3,1,1.500000000000000,1,3,3900543,4,,0.0000000,0.0000000,0.0000000,0.0000000,0.0000000,0.0000000,0.0000000,0,,,0,,,,,,3,297938,30,7908.000000000000000,7909,30.000000000000000
3,1,1.500000000000000,1,3,3900543,4,,0.0000000,0.0000000,0.0000000,0.0000000,0.0000000,0.0000000,0.0000000,0,,,0,,,,,,3,297937,30,7907.000000000000000,7908,30.000000000000000
3,1,1.500000000000000,1,3,3900543,4,,0.0000000,0.0000000,0.0000000,0.0000000,0.0000000,0.0000000,0.0000000,0,,,0,,,,,,3,297936,30,7906.000000000000000,7907,30.000000000000000
3,1,1.500000000000000,1,3,3900543,4,,0.0000000,0.0000000,0.0000000,0.0000000,0.0000000,0.0000000,0.0000000,0,,,0,,,,,,3,307920,31,7889.000000000000000,7890,31.000000000000000
3,1,1.500000000000000,1,3,3900543,4,,0.0000000,0.0000000,0.0000000,0.0000000,0.0000000,0.0000000,0.0000000,0,,,0,,,,,,3,307919,31,7888.000000000000000,7889,31.000000000000000
3,1,1.500000000000000,1,3,3900543,4,,0.0000000,0.0000000,0.0000000,0.0000000,0.0000000,0.0000000,0.0000000,0,,,0,,,,,,3,307918,31,7887.000000000000000,7888,31.000000000000000
4,1,1.500000000000000,1,4,3901046,5,,0.0000000,0.0000000,0.0000000,0.0000000,0.0000000,0.0000000,0.0000000,0,,,0,,,,,,4,317886,32,7854.000000000000000,7855,32.000000000000000
4,1,1.500000000000000,1,4,3901046,5,,0.0000000,0.0000000,0.0000000,0.0000000,0.0000000,0.0000000,0.0000000,0,,,0,,,,,,4,317885,32,7853.000000000000000,7854,32.000000000000000
4,1,1.500000000000000,1,4,3901046,5,,0.0000000,0.0000000,0.0000000,0.0000000,0.0000000,0.0000000,0.0000000,0,,,0,,,,,,4,317884,32,7852.000000000000000,7853,32.000000000000000
4,1,1.500000000000000,1,4,3901046,5,,0.0000000,0.0000000,0.0000000,0.0000000,0.0000000,0.0000000,0.0000000,0,,,0,,,,,,4,317883,32,7851.000000000000000,7852,32.000000000000000
4,1,1.500000000000000,1,4,3901046,5,,0.0000000,0.0000000,0.0000000,0.0000000,0.0000000,0.0000000,0.0000000,0,,,0,,,,,,4,327853,33,7820.000000000000000,7821,33.000000000000000
4,1,1.500000000000000,1,4,3901046,5,,0.0000000,0.0000000,0.0000000,0.0000000,0.0000000,0.0000000,0.0000000,0,,,0,,,,,,4,327852,33,7819.000000000000000,7820,33.000000000000000
4,1,1.500000000000000,1,4,3901046,5,,0.0000000,0.0000000,0.0000000,0.0000000,0.0000000,0.0000000,0.0000000,0,,,0,,,,,,4,327851,33,7818.000000000000000,7819,33.000000000000000
4,1,1.500000000000000,1,4,3901046,5,,0.0000000,0.0000000,0.0000000,0.0000000,0.0000000,0.0000000,0.0000000,0,,,0,,,,,,4,337821,34,7787.000000000000000,7788,34.000000000000000
4,1,1.500000000000000,1,4,3901046,5,,0.0000000,0.0000000,0.0000000,0.0000000,0.0000000,0.0000000,0.0000000,0,,,0,,,,,,4,337820,34,7786.000000000000000,7787,34.000000000000000
4,1,1.500000000000000,1,4,3901046,5,,0.0000000,0.0000000,0.0000000,0.0000000,0.0000000,0.0000000,0.0000000,0,,,0,,,,,,4,337819,34,7785.000000000000000,7786,34.000000000000000
4,1,1.500000000000000,1,4,3901046,5,,0.0000000,0.0000000,0.0000000,0.0000000,0.0000000,0.0000000,0.0000000,0,,,0,,,,,,4,347773,35,7738.000000000000000,7739,35.000000000000000
4,1,1.500000000000000,1,4,3901046,5,,0.0000000,0.0000000,0.0000000,0.0000000,0.0000000,0.0000000,0.0000000,0,,,0,,,,,,4,347772,35,7737.000000000000000,7738,35.000000000000000
4,1,1.500000000000000,1,4,3901046,5,,0.0000000,0.0000000,0.0000000,0.0000000,0.0000000,0.0000000,0.0000000,0,,,0,,,,,,4,347771,35,7736.000000000000000,7737,35.000000000000000
4,1,1.500000000000000,1,4,3901046,5,,0.0000000,0.0000000,0.0000000,0.0000000,0.0000000,0.0000000,0.0000000,0,,,0,,,,,,4,357717,36,7681.000000000000000,7682,36.000000000000000
4,1,1.500000000000000,1,4,3901046,5,,0.0000000,0.0000000,0.0000000,0.0000000,0.0000000,0.0000000,0.0000000,0,,,0,,,,,,4,357716,36,7680.000000000000000,7681,36.000000000000000
4,1,1.500000000000000,1,4,3901046,5,,0.0000000,0.0000000,0.0000000,0.0000000,0.0000000,0.0000000,0.0000000,0,,,0,,,,,,4,357715,36,7679.000000000000000,7680,36.000000000000000
5,1,1.500000000000000,1,5,3901548,6, ,0.0000000,0.0000000,0.0000000,0.0000000,0.0000000,0.0000000,0.0000000,0, , ,0, ,"3 jetties, from 1930s and 1970s", ,, ,5,367696,37,7659.000000000000000,7660,37.000000000000000
5,1,1.500000000000000,1,5,3901548,6, ,0.0000000,0.0000000,0.0000000,0.0000000,0.0000000,0.0000000,0.0000000,0, , ,0, ,"3 jetties, from 1930s and 1970s", ,, ,5,367695,37,7658.000000000000000,7659,37.000000000000000
5,1,1.500000000000000,1,5,3901548,6, ,0.0000000,0.0000000,0.0000000,0.0000000,0.0000000,0.0000000,0.0000000,0, , ,0, ,"3 jetties, from 1930s and 1970s", ,, ,5,367694,37,7657.000000000000000,7658,37.000000000000000
5,1,1.500000000000000,1,5,3901548,6, ,0.0000000,0.0000000,0.0000000,0.0000000,0.0000000,0.0000000,0.0000000,0, , ,0, ,"3 jetties, from 1930s and 1970s", ,, ,5,367693,37,7656.000000000000000,7657,37.000000000000000
5,1,1.500000000000000,1,5,3901548,6, ,0.0000000,0.0000000,0.0000000,0.0000000,0.0000000,0.0000000,0.0000000,0, , ,0, ,"3 jetties, from 1930s and 1970s", ,, ,5,377589,38,7551.000000000000000,7552,38.000000000000000
5,1,1.500000000000000,1,5,3901548,6, ,0.0000000,0.0000000,0.0000000,0.0000000,0.0000000,0.0000000,0.0000000,0, , ,0, ,"3 jetties, from 1930s and 1970s", ,, ,5,377588,38,7550.000000000000000,7551,38.000000000000000
5,1,1.500000000000000,1,5,3901548,6, ,0.0000000,0.0000000,0.0000000,0.0000000,0.0000000,0.0000000,0.0000000,0, , ,0, ,"3 jetties, from 1930s and 1970s", ,, ,5,377587,38,7549.000000000000000,7550,38.000000000000000
5,1,1.500000000000000,1,5,3901548,6, ,0.0000000,0.0000000,0.0000000,0.0000000,0.0000000,0.0000000,0.0000000,0, , ,0, ,"3 jetties, from 1930s and 1970s", ,, ,5,377586,38,7548.000000000000000,7549,38.000000000000000
5,1,1.500000000000000,1,5,3901548,6, ,0.0000000,0.0000000,0.0000000,0.0000000,0.0000000,0.0000000,0.0000000,0, , ,0, ,"3 jetties, from 1930s and 1970s", ,, ,5,387570,39,7531.000000000000000,7532,39.000000000000000
5,1,1.500000000000000,1,5,3901548,6, ,0.0000000,0.0000000,0.0000000,0.0000000,0.0000000,0.0000000,0.0000000,0, , ,0, ,"3 jetties, from 1930s and 1970s", ,, ,5,387569,39,7530.000000000000000,7531,39.000000000000000
5,1,1.500000000000000,1,5,3901548,6, ,0.0000000,0.0000000,0.0000000,0.0000000,0.0000000,0.0000000,0.0000000,0, , ,0, ,"3 jetties, from 1930s and 1970s", ,, ,5,387568,39,7529.000000000000000,7530,39.000000000000000
5,1,1.500000000000000,1,5,3901548,6, ,0.0000000,0.0000000,0.0000000,0.0000000,0.0000000,0.0000000,0.0000000,0, , ,0, ,"3 jetties, from 1930s and 1970s", ,, ,5,397535,40,7495.000000000000000,7496,40.000000000000000
5,1,1.500000000000000,1,5,3901548,6, ,0.0000000,0.0000000,0.0000000,0.0000000,0.0000000,0.0000000,0.0000000,0, , ,0, ,"3 jetties, from 1930s and 1970s", ,, ,5,397534,40,7494.000000000000000,7495,40.000000000000000
5,1,1.500000000000000,1,5,3901548,6, ,0.0000000,0.0000000,0.0000000,0.0000000,0.0000000,0.0000000,0.0000000,0, , ,0, ,"3 jetties, from 1930s and 1970s", ,, ,5,397533,40,7493.000000000000000,7494,40.000000000000000
5,1,1.500000000000000,1,5,3901548,6, ,0.0000000,0.0000000,0.0000000,0.0000000,0.0000000,0.0000000,0.0000000,0, , ,0, ,"3 jetties, from 1930s and 1970s", ,, ,5,407541,41,7500.000000000000000,7501,41.000000000000000
5,1,1.500000000000000,1,5,3901548,6, ,0.0000000,0.0000000,0.0000000,0.0000000,0.0000000,0.0000000,0.0000000,0, , ,0, ,"3 jetties, from 1930s and 1970s", ,, ,5,407540,41,7499.000000000000000,7500,41.000000000000000
5,1,1.500000000000000,1,5,3901548,6, ,0.0000000,0.0000000,0.0000000,0.0000000,0.0000000,0.0000000,0.0000000,0, , ,0, ,"3 jetties, from 1930s and 1970s", ,, ,5,407539,41,7498.000000000000000,7499,41.000000000000000
6,1,1.500000000000000,1,6,3902050,7,,0.0000000,0.0000000,0.0000000,0.0000000,0.0000000,0.0000000,0.0000000,0,,,0,,,,,,6,417525,42,7483.000000000000000,7484,42.000000000000000
6,1,1.500000000000000,1,6,3902050,7,,0.0000000,0.0000000,0.0000000,0.0000000,0.0000000,0.0000000,0.0000000,0,,,0,,,,,,6,417524,42,7482.000000000000000,7483,42.000000000000000
6,1,1.500000000000000,1,6,3902050,7,,0.0000000,0.0000000,0.0000000,0.0000000,0.0000000,0.0000000,0.0000000,0,,,0,,,,,,6,417523,42,7481.000000000000000,7482,42.000000000000000
6,1,1.500000000000000,1,6,3902050,7,,0.0000000,0.0000000,0.0000000,0.0000000,0.0000000,0.0000000,0.0000000,0,,,0,,,,,,6,427509,43,7466.000000000000000,7467,43.000000000000000
6,1,1.500000000000000,1,6,3902050,7,,0.0000000,0.0000000,0.0000000,0.0000000,0.0000000,0.0000000,0.0000000,0,,,0,,,,,,6,427508,43,7465.000000000000000,7466,43.000000000000000
6,1,1.500000000000000,1,6,3902050,7,,0.0000000,0.0000000,0.0000000,0.0000000,0.0000000,0.0000000,0.0000000,0,,,0,,,,,,6,427507,43,7464.000000000000000,7465,43.000000000000000
6,1,1.500000000000000,1,6,3902050,7,,0.0000000,0.0000000,0.0000000,0.0000000,0.0000000,0.0000000,0.0000000,0,,,0,,,,,,6,437501,44,7457.000000000000000,7458,44.000000000000000
6,1,1.500000000000000,1,6,3902050,7,,0.0000000,0.0000000,0.0000000,0.0000000,0.0000000,0.0000000,0.0000000,0,,,0,,,,,,6,437500,44,7456.000000000000000,7457,44.000000000000000
6,1,1.500000000000000,1,6,3902050,7,,0.0000000,0.0000000,0.0000000,0.0000000,0.0000000,0.0000000,0.0000000,0,,,0,,,,,,6,437499,44,7455.000000000000000,7456,44.000000000000000
6,1,1.500000000000000,1,6,3902050,7,,0.0000000,0.0000000,0.0000000,0.0000000,0.0000000,0.0000000,0.0000000,0,,,0,,,,,,6,447490,45,7445.000000000000000,7446,45.000000000000000
6,1,1.500000000000000,1,6,3902050,7,,0.0000000,0.0000000,0.0000000,0.0000000,0.0000000,0.0000000,0.0000000,0,,,0,,,,,,6,447489,45,7444.000000000000000,7445,45.000000000000000
6,1,1.500000000000000,1,6,3902050,7,,0.0000000,0.0000000,0.0000000,0.0000000,0.0000000,0.0000000,0.0000000,0,,,0,,,,,,6,447488,45,7443.000000000000000,7444,45.000000000000000
6,1,1.500000000000000,1,6,3902050,7,,0.0000000,0.0000000,0.0000000,0.0000000,0.0000000,0.0000000,0.0000000,0,,,0,,,,,,6,457478,46,7432.000000000000000,7433,46.000000000000000
6,1,1.500000000000000,1,6,3902050,7,,0.0000000,0.0000000,0.0000000,0.0000000,0.0000000,0.0000000,0.0000000,0,,,0,,,,,,6,457477,46,7431.000000000000000,7432,46.000000000000000
6,1,1.500000000000000,1,6,3902050,7,,0.0000000,0.0000000,0.0000000,0.0000000,0.0000000,0.0000000,0.0000000,0,,,0,,,,,,6,457476,46,7430.000000000000000,7431,46.000000000000000
7,1,1.500000000000000,1,7,3902555,8,,0.0000000,0.0000000,0.0000000,0.0000000,0.0000000,0.0000000,0.0000000,0,,,0,,,,,,7,467461,47,7414.000000000000000,7415,47.000000000000000
7,1,1.500000000000000,1,7,3902555,8,,0.0000000,0.0000000,0.0000000,0.0000000,0.0000000,0.0000000,0.0000000,0,,,0,,,,,,7,467460,47,7413.000000000000000,7414,47.000000000000000
7,1,1.500000000000000,1,7,3902555,8,,0.0000000,0.0000000,0.0000000,0.0000000,0.0000000,0.0000000,0.0000000,0,,,0,,,,,,7,467459,47,7412.000000000000000,7413,47.000000000000000
7,1,1.500000000000000,1,7,3902555,8,,0.0000000,0.0000000,0.0000000,0.0000000,0.0000000,0.0000000,0.0000000,0,,,0,,,,,,7,477453,48,7405.000000000000000,7406,48.000000000000000
7,1,1.500000000000000,1,7,3902555,8,,0.0000000,0.0000000,0.0000000,0.0000000,0.0000000,0.0000000,0.0000000,0,,,0,,,,,,7,477452,48,7404.000000000000000,7405,48.000000000000000
7,1,1.500000000000000,1,7,3902555,8,,0.0000000,0.0000000,0.0000000,0.0000000,0.0000000,0.0000000,0.0000000,0,,,0,,,,,,7,477451,48,7403.000000000000000,7404,48.000000000000000
7,1,1.500000000000000,1,7,3902555,8,,0.0000000,0.0000000,0.0000000,0.0000000,0.0000000,0.0000000,0.0000000,0,,,0,,,,,,7,487445,49,7396.000000000000000,7397,49.000000000000000
7,1,1.500000000000000,1,7,3902555,8,,0.0000000,0.0000000,0.0000000,0.0000000,0.0000000,0.0000000,0.0000000,0,,,0,,,,,,7,487444,49,7395.000000000000000,7396,49.000000000000000
7,1,1.500000000000000,1,7,3902555,8,,0.0000000,0.0000000,0.0000000,0.0000000,0.0000000,0.0000000,0.0000000,0,,,0,,,,,,7,487443,49,7394.000000000000000,7395,49.000000000000000
7,1,1.500000000000000,1,7,3902555,8,,0.0000000,0.0000000,0.0000000,0.0000000,0.0000000,0.0000000,0.0000000,0,,,0,,,,,,7,497429,50,7379.000000000000000,7380,50.000000000000000
7,1,1.500000000000000,1,7,3902555,8,,0.0000000,0.0000000,0.0000000,0.0000000,0.0000000,0.0000000,0.0000000,0,,,0,,,,,,7,497428,50,7378.000000000000000,7379,50.000000000000000
7,1,1.500000000000000,1,7,3902555,8,,0.0000000,0.0000000,0.0000000,0.0000000,0.0000000,0.0000000,0.0000000,0,,,0,,,,,,7,497427,50,7377.000000000000000,7378,50.000000000000000
7,1,1.500000000000000,1,7,3902555,8,,0.0000000,0.0000000,0.0000000,0.0000000,0.0000000,0.0000000,0.0000000,0,,,0,,,,,,7,507420,51,7369.000000000000000,7370,51.000000000000000
7,1,1.500000000000000,1,7,3902555,8,,0.0000000,0.0000000,0.0000000,0.0000000,0.0000000,0.0000000,0.0000000,0,,,0,,,,,,7,507419,51,7368.000000000000000,7369,51.000000000000000
7,1,1.500000000000000,1,7,3902555,8,,0.0000000,0.0000000,0.0000000,0.0000000,0.0000000,0.0000000,0.0000000,0,,,0,,,,,,7,507418,51,7367.000000000000000,7368,51.000000000000000
8,1,1.500000000000000,1,8,3903062,9,,0.0000000,0.0000000,0.0000000,0.0000000,0.0000000,0.0000000,0.0000000,0,,,0,,,,,,8,517419,52,7367.000000000000000,7368,52.000000000000000
8,1,1.500000000000000,1,8,3903062,9,,0.0000000,0.0000000,0.0000000,0.0000000,0.0000000,0.0000000,0.0000000,0,,,0,,,,,,8,517418,52,7366.000000000000000,7367,52.000000000000000
8,1,1.500000000000000,1,8,3903062,9,,0.0000000,0.0000000,0.0000000,0.0000000,0.0000000,0.0000000,0.0000000,0,,,0,,,,,,8,517417,52,7365.000000000000000,7366,52.000000000000000
8,1,1.500000000000000,1,8,3903062,9,,0.0000000,0.0000000,0.0000000,0.0000000,0.0000000,0.0000000,0.0000000,0,,,0,,,,,,8,527413,53,7360.000000000000000,7361,53.000000000000000
8,1,1.500000000000000,1,8,3903062,9,,0.0000000,0.0000000,0.0000000,0.0000000,0.0000000,0.0000000,0.0000000,0,,,0,,,,,,8,527412,53,7359.000000000000000,7360,53.000000000000000
8,1,1.500000000000000,1,8,3903062,9,,0.0000000,0.0000000,0.0000000,0.0000000,0.0000000,0.0000000,0.0000000,0,,,0,,,,,,8,527411,53,7358.000000000000000,7359,53.000000000000000
8,1,1.500000000000000,1,8,3903062,9,,0.0000000,0.0000000,0.0000000,0.0000000,0.0000000,0.0000000,0.0000000,0,,,0,,,,,,8,537399,54,7345.000000000000000,7346,54.000000000000000
8,1,1.500000000000000,1,8,3903062,9,,0.0000000,0.0000000,0.0000000,0.0000000,0.0000000,0.0000000,0.0000000,0,,,0,,,,,,8,537398,54,7344.000000000000000,7345,54.000000000000000
8,1,1.500000000000000,1,8,3903062,9,,0.0000000,0.0000000,0.0000000,0.0000000,0.0000000,0.0000000,0.0000000,0,,,0,,,,,,8,537397,54,7343.000000000000000,7344,54.000000000000000
8,1,1.500000000000000,1,8,3903062,9,,0.0000000,0.0000000,0.0000000,0.0000000,0.0000000,0.0000000,0.0000000,0,,,0,,,,,,8,547387,55,7332.000000000000000,7333,55.000000000000000
8,1,1.500000000000000,1,8,3903062,9,,0.0000000,0.0000000,0.0000000,0.0000000,0.0000000,0.0000000,0.0000000,0,,,0,,,,,,8,547386,55,7331.000000000000000,7332,55.000000000000000
8,1,1.500000000000000,1,8,3903062,9,,0.0000000,0.0000000,0.0000000,0.0000000,0.0000000,0.0000000,0.0000000,0,,,0,,,,,,8,547385,55,7330.000000000000000,7331,55.000000000000000
8,1,1.500000000000000,1,8,3903062,9,,0.0000000,0.0000000,0.0000000,0.0000000,0.0000000,0.0000000,0.0000000,0,,,0,,,,,,8,557373,56,7317.000000000000000,7318,56.000000000000000
8,1,1.500000000000000,1,8,3903062,9,,0.0000000,0.0000000,0.0000000,0.0000000,0.0000000,0.0000000,0.0000000,0,,,0,,,,,,8,557372,56,7316.000000000000000,7317,56.000000000000000
8,1,1.500000000000000,1,8,3903062,9,,0.0000000,0.0000000,0.0000000,0.0000000,0.0000000,0.0000000,0.0000000,0,,,0,,,,,,8,557371,56,7315.000000000000000,7316,56.000000000000000
9,1,1.500000000000000,1,9,3903566,10, ,0.0000000,0.0000000,0.0000000,0.0000000,0.0000000,0.0000000,0.0000000,1,5 - Buxton, ,0, , , ,, ,9,567364,57,7307.000000000000000,7308,57.000000000000000
9,1,1.500000000000000,1,9,3903566,10, ,0.0000000,0.0000000,0.0000000,0.0000000,0.0000000,0.0000000,0.0000000,1,5 - Buxton, ,0, , , ,, ,9,567363,57,7306.000000000000000,7307,57.000000000000000
9,1,1.500000000000000,1,9,3903566,10, ,0.0000000,0.0000000,0.0000000,0.0000000,0.0000000,0.0000000,0.0000000,1,5 - Buxton, ,0, , , ,, ,9,567362,57,7305.000000000000000,7306,57.000000000000000
9,1,1.500000000000000,1,9,3903566,10, ,0.0000000,0.0000000,0.0000000,0.0000000,0.0000000,0.0000000,0.0000000,1,5 - Buxton, ,0, , , ,, ,9,577354,58,7296.000000000000000,7297,58.000000000000000
9,1,1.500000000000000,1,9,3903566,10, ,0.0000000,0.0000000,0.0000000,0.0000000,0.0000000,0.0000000,0.0000000,1,5 - Buxton, ,0, , , ,, ,9,577353,58,7295.000000000000000,7296,58.000000000000000
9,1,1.500000000000000,1,9,3903566,10, ,0.0000000,0.0000000,0.0000000,0.0000000,0.0000000,0.0000000,0.0000000,1,5 - Buxton, ,0, , , ,, ,9,577352,58,7294.000000000000000,7295,58.000000000000000
9,1,1.500000000000000,1,9,3903566,10, ,0.0000000,0.0000000,0.0000000,0.0000000,0.0000000,0.0000000,0.0000000,1,5 - Buxton, ,0, , , ,, ,9,587343,59,7284.000000000000000,7285,59.000000000000000
9,1,1.500000000000000,1,9,3903566,10, ,0.0000000,0.0000000,0.0000000,0.0000000,0.0000000,0.0000000,0.0000000,1,5 - Buxton, ,0, , , ,, ,9,587342,59,7283.000000000000000,7284,59.000000000000000
9,1,1.500000000000000,1,9,3903566,10, ,0.0000000,0.0000000,0.0000000,0.0000000,0.0000000,0.0000000,0.0000000,1,5 - Buxton, ,0, , , ,, ,9,587341,59,7282.000000000000000,7283,59.000000000000000
9,1,1.500000000000000,1,9,3903566,10, ,0.0000000,0.0000000,0.0000000,0.0000000,0.0000000,0.0000000,0.0000000,1,5 - Buxton, ,0, , , ,, ,9,597326,60,7266.000000000000000,7267,60.000000000000000
9,1,1.500000000000000,1,9,3903566,10, ,0.0000000,0.0000000,0.0000000,0.0000000,0.0000000,0.0000000,0.0000000,1,5 - Buxton, ,0, , , ,, ,9,597325,60,7265.000000000000000,7266,60.000000000000000
9,1,1.500000000000000,1,9,3903566,10, ,0.0000000,0.0000000,0.0000000,0.0000000,0.0000000,0.0000000,0.0000000,1,5 - Buxton, ,0, , , ,, ,9,597324,60,7264.000000000000000,7265,60.000000000000000
9,1,1.500000000000000,1,9,3903566,10, ,0.0000000,0.0000000,0.0000000,0.0000000,0.0000000,0.0000000,0.0000000,1,5 - Buxton, ,0, , , ,, ,9,607311,61,7250.000000000000000,7251,61.000000000000000
9,1,1.500000000000000,1,9,3903566,10, ,0.0000000,0.0000000,0.0000000,0.0000000,0.0000000,0.0000000,0.0000000,1,5 - Buxton, ,0, , , ,, ,9,607310,61,7249.000000000000000,7250,61.000000000000000
9,1,1.500000000000000,1,9,3903566,10, ,0.0000000,0.0000000,0.0000000,0.0000000,0.0000000,0.0000000,0.0000000,1,5 - Buxton, ,0, , , ,, ,9,607309,61,7248.000000000000000,7249,61.000000000000000
10,1,1.500000000000000,1,10,3904070,11, ,0.0000000,0.0000000,0.0000000,0.0000000,0.0000000,0.0000000,0.0000000,1,5 - Buxton, ,0, , , ,, ,10,617298,62,7236.000000000000000,7237,62.000000000000000
10,1,1.500000000000000,1,10,3904070,11, ,0.0000000,0.0000000,0.0000000,0.0000000,0.0000000,0.0000000,0.0000000,1,5 - Buxton, ,0, , , ,, ,10,617297,62,7235.000000000000000,7236,62.000000000000000
10,1,1.500000000000000,1,10,3904070,11, ,0.0000000,0.0000000,0.0000000,0.0000000,0.0000000,0.0000000,0.0000000,1,5 - Buxton, ,0, , , ,, ,10,617296,62,7234.000000000000000,7235,62.000000000000000
10,1,1.500000000000000,1,10,3904070,11, ,0.0000000,0.0000000,0.0000000,0.0000000,0.0000000,0.0000000,0.0000000,1,5 - Buxton, ,0, , , ,, ,10,627287,63,7224.000000000000000,7225,63.000000000000000
10,1,1.500000000000000,1,10,3904070,11, ,0.0000000,0.0000000,0.0000000,0.0000000,0.0000000,0.0000000,0.0000000,1,5 - Buxton, ,0, , , ,, ,10,627286,63,7223.000000000000000,7224,63.000000000000000
10,1,1.500000000000000,1,10,3904070,11, ,0.0000000,0.0000000,0.0000000,0.0000000,0.0000000,0.0000000,0.0000000,1,5 - Buxton, ,0, , , ,, ,10,627285,63,7222.000000000000000,7223,63.000000000000000
10,1,1.500000000000000,1,10,3904070,11, ,0.0000000,0.0000000,0.0000000,0.0000000,0.0000000,0.0000000,0.0000000,1,5 - Buxton, ,0, , , ,, ,10,637268,64,7204.000000000000000,7205,64.000000000000000
10,1,1.500000000000000,1,10,3904070,11, ,0.0000000,0.0000000,0.0000000,0.0000000,0.0000000,0.0000000,0.0000000,1,5 - Buxton, ,0, , , ,, ,10,637267,64,7203.000000000000000,7204,64.000000000000000
10,1,1.500000000000000,1,10,3904070,11, ,0.0000000,0.0000000,0.0000000,0.0000000,0.0000000,0.0000000,0.0000000,1,5 - Buxton, ,0, , , ,, ,10,637266,64,7202.000000000000000,7203,64.000000000000000
10,1,1.500000000000000,1,10,3904070,11, ,0.0000000,0.0000000,0.0000000,0.0000000,0.0000000,0.0000000,0.0000000,1,5 - Buxton, ,0, , , ,, ,10,647254,65,7189.000000000000000,7190,65.000000000000000
10,1,1.500000000000000,1,10,3904070,11, ,0.0000000,0.0000000,0.0000000,0.0000000,0.0000000,0.0000000,0.0000000,1,5 - Buxton, ,0, , , ,, ,10,647253,65,7188.000000000000000,7189,65.000000000000000
10,1,1.500000000000000,1,10,3904070,11, ,0.0000000,0.0000000,0.0000000,0.0000000,0.0000000,0.0000000,0.0000000,1,5 - Buxton, ,0, , , ,, ,10,647252,65,7187.000000000000000,7188,65.000000000000000
10,1,1.500000000000000,1,10,3904070,11, ,0.0000000,0.0000000,0.0000000,0.0000000,0.0000000,0.0000000,0.0000000,1,5 - Buxton, ,0, , , ,, ,10,657243,66,7177.000000000000000,7178,66.000000000000000
10,1,1.500000000000000,1,10,3904070,11, ,0.0000000,0.0000000,0.0000000,0.0000000,0.0000000,0.0000000,0.0000000,1,5 - Buxton, ,0, , , ,, ,10,657242,66,7176.000000000000000,7177,66.000000000000000
10,1,1.500000000000000,1,10,3904070,11, ,0.0000000,0.0000000,0.0000000,0.0000000,0.0000000,0.0000000,0.0000000,1,5 - Buxton, ,0, , , ,, ,10,657241,66,7175.000000000000000,7176,66.000000000000000
11,1,1.500000000000000,1,11,3904574,12, ,0.0000000,0.0000000,0.0000000,0.0000000,0.0000000,0.0000000,0.0000000,1,5 - Buxton, ,0, , , ,, ,11,667233,67,7166.000000000000000,7167,67.000000000000000
11,1,1.500000000000000,1,11,3904574,12, ,0.0000000,0.0000000,0.0000000,0.0000000,0.0000000,0.0000000,0.0000000,1,5 - Buxton, ,0, , , ,, ,11,667232,67,7165.000000000000000,7166,67.000000000000000
11,1,1.500000000000000,1,11,3904574,12, ,0.0000000,0.0000000,0.0000000,0.0000000,0.0000000,0.0000000,0.0000000,1,5 - Buxton, ,0, , , ,, ,11,667231,67,7164.000000000000000,7165,67.000000000000000
11,1,1.500000000000000,1,11,3904574,12, ,0.0000000,0.0000000,0.0000000,0.0000000,0.0000000,0.0000000,0.0000000,1,5 - Buxton, ,0, , , ,, ,11,677218,68,7150.000000000000000,7151,68.000000000000000
11,1,1.500000000000000,1,11,3904574,12, ,0.0000000,0.0000000,0.0000000,0.0000000,0.0000000,0.0000000,0.0000000,1,5 - Buxton, ,0, , , ,, ,11,677217,68,7149.000000000000000,7150,68.000000000000000
11,1,1.500000000000000,1,11,3904574,12, ,0.0000000,0.0000000,0.0000000,0.0000000,0.0000000,0.0000000,0.0000000,1,5 - Buxton, ,0, , , ,, ,11,677216,68,7148.000000000000000,7149,68.000000000000000
11,1,1.500000000000000,1,11,3904574,12, ,0.0000000,0.0000000,0.0000000,0.0000000,0.0000000,0.0000000,0.0000000,1,5 - Buxton, ,0, , , ,, ,11,687195,69,7126.000000000000000,7127,69.000000000000000
11,1,1.500000000000000,1,11,3904574,12, ,0.0000000,0.0000000,0.0000000,0.0000000,0.0000000,0.0000000,0.0000000,1,5 - Buxton, ,0, , , ,, ,11,687194,69,7125.000000000000000,7126,69.000000000000000
11,1,1.500000000000000,1,11,3904574,12, ,0.0000000,0.0000000,0.0000000,0.0000000,0.0000000,0.0000000,0.0000000,1,5 - Buxton, ,0, , , ,, ,11,687193,69,7124.000000000000000,7125,69.000000000000000
11,1,1.500000000000000,1,11,3904574,12, ,0.0000000,0.0000000,0.0000000,0.0000000,0.0000000,0.0000000,0.0000000,1,5 - Buxton, ,0, , , ,, ,11,687192,69,7123.000000000000000,7124,69.000000000000000
11,1,1.500000000000000,1,11,3904574,12, ,0.0000000,0.0000000,0.0000000,0.0000000,0.0000000,0.0000000,0.0000000,1,5 - Buxton, ,0, , , ,, ,11,697181,70,7111.000000000000000,7112,70.000000000000000
11,1,1.500000000000000,1,11,3904574,12, ,0.0000000,0.0000000,0.0000000,0.0000000,0.0000000,0.0000000,0.0000000,1,5 - Buxton, ,0, , , ,, ,11,697180,70,7110.000000000000000,7111,70.000000000000000
11,1,1.500000000000000,1,11,3904574,12, ,0.0000000,0.0000000,0.0000000,0.0000000,0.0000000,0.0000000,0.0000000,1,5 - Buxton, ,0, , , ,, ,11,697179,70,7109.000000000000000,7110,70.000000000000000
11,1,1.500000000000000,1,11,3904574,12, ,0.0000000,0.0000000,0.0000000,0.0000000,0.0000000,0.0000000,0.0000000,1,5 - Buxton, ,0, , , ,, ,11,707168,71,7097.000000000000000,7098,71.000000000000000
11,1,1.500000000000000,1,11,3904574,12, ,0.0000000,0.0000000,0.0000000,0.0000000,0.0000000,0.0000000,0.0000000,1,5 - Buxton, ,0, , , ,, ,11,707167,71,7096.000000000000000,7097,71.000000000000000
11,1,1.500000000000000,1,11,3904574,12, ,0.0000000,0.0000000,0.0000000,0.0000000,0.0000000,0.0000000,0.0000000,1,5 - Buxton, ,0, , , ,, ,11,707166,71,7095.000000000000000,7096,71.000000000000000
