transect_id,domain_number,distance_m,match_method
usa_NC_0032_0021,1.0,0.0,point_in_polygon
usa_NC_0032_0022,1.0,0.0,point_in_polygon
usa_NC_0032_0023,1.0,0.0,point_in_polygon
usa_NC_0032_0024,1.0,0.0,point_in_polygon
usa_NC_0032_0025,1.0,0.0,point_in_polygon
usa_NC_0032_0026,1.0,0.0,point_in_polygon
usa_NC_0032_0027,1.0,0.0,point_in_polygon
usa_NC_0032_0028,1.0,0.0,point_in_polygon
usa_NC_0032_0029,1.0,0.0,point_in_polygon
usa_NC_0032_0030,2.0,0.0,point_in_polygon
usa_NC_0032_0031,2.0,0.0,point_in_polygon
usa_NC_0032_0032,2.0,0.0,point_in_polygon
usa_NC_0032_0033,2.0,0.0,point_in_polygon
usa_NC_0032_0034,2.0,0.0,point_in_polygon
usa_NC_0032_0035,2.0,0.0,point_in_polygon
usa_NC_0032_0036,2.0,0.0,point_in_polygon
usa_NC_0032_0037,2.0,0.0,point_in_polygon
usa_NC_0032_0038,2.0,0.0,point_in_polygon
usa_NC_0032_0039,2.0,0.0,point_in_polygon
usa_NC_0032_0040,2.0,0.0,point_in_polygon
usa_NC_0032_0041,3.0,0.0,point_in_polygon
usa_NC_0032_0042,3.0,0.0,point_in_polygon
usa_NC_0032_0043,3.0,0.0,point_in_polygon
usa_NC_0032_0044,3.0,0.0,point_in_polygon
usa_NC_0032_0045,3.0,0.0,point_in_polygon
usa_NC_0032_0046,3.0,0.0,point_in_polygon
usa_NC_0032_0047,3.0,0.0,point_in_polygon
usa_NC_0032_0048,3.0,0.0,point_in_polygon
usa_NC_0032_0049,3.0,0.0,point_in_polygon
usa_NC_0032_0050,3.0,0.0,point_in_polygon
usa_NC_0032_0051,4.0,0.0,point_in_polygon
usa_NC_0032_0052,4.0,0.0,point_in_polygon
usa_NC_0032_0053,4.0,0.0,point_in_polygon
usa_NC_0032_0054,4.0,0.0,point_in_polygon
usa_NC_0032_0055,4.0,0.0,point_in_polygon
usa_NC_0032_0056,4.0,0.0,point_in_polygon
usa_NC_0032_0057,4.0,0.0,point_in_polygon
usa_NC_0032_0058,4.0,0.0,point_in_polygon
usa_NC_0032_0059,4.0,0.0,point_in_polygon
usa_NC_0032_0060,4.0,0.0,point_in_polygon
usa_NC_0032_0061,4.0,0.0,point_in_polygon
usa_NC_0032_0062,4.0,0.0,point_in_polygon
usa_NC_0032_0063,4.0,0.0,point_in_polygon
usa_NC_0032_0064,5.0,0.0,point_in_polygon
usa_NC_0032_0065,5.0,0.0,point_in_polygon
usa_NC_0032_0066,5.0,0.0,point_in_polygon
usa_NC_0032_0067,5.0,0.0,point_in_polygon
usa_NC_0032_0068,5.0,0.0,point_in_polygon
usa_NC_0032_0069,5.0,0.0,point_in_polygon
usa_NC_0032_0070,5.0,0.0,point_in_polygon
usa_NC_0032_0071,5.0,0.0,point_in_polygon
usa_NC_0032_0072,5.0,0.0,point_in_polygon
usa_NC_0032_0073,5.0,0.0,point_in_polygon
usa_NC_0032_0074,5.0,0.0,point_in_polygon
usa_NC_0032_0075,5.0,0.0,point_in_polygon
usa_NC_0032_0076,5.0,0.0,point_in_polygon
usa_NC_0032_0077,6.0,0.0,point_in_polygon
usa_NC_0032_0078,6.0,0.0,point_in_polygon
usa_NC_0032_0079,6.0,0.0,point_in_polygon
usa_NC_0032_0080,6.0,0.0,point_in_polygon
usa_NC_0032_0081,6.0,0.0,point_in_polygon
usa_NC_0032_0082,6.0,0.0,point_in_polygon
usa_NC_0032_0083,7.0,0.0,point_in_polygon
usa_NC_0032_0084,7.0,0.0,point_in_polygon
usa_NC_0032_0085,7.0,0.0,point_in_polygon
usa_NC_0032_0086,7.0,0.0,point_in_polygon
usa_NC_0032_0088,8.0,0.0,point_in_polygon
usa_NC_0032_0089,8.0,0.0,point_in_polygon
usa_NC_0032_0090,8.0,0.0,point_in_polygon
usa_NC_0032_0091,8.0,0.0,point_in_polygon
usa_NC_0032_0092,8.0,0.0,point_in_polygon
usa_NC_0032_0093,8.0,0.0,point_in_polygon
usa_NC_0032_0094,8.0,0.0,point_in_polygon
usa_NC_0032_0095,8.0,0.0,point_in_polygon
usa_NC_0032_0096,9.0,0.0,point_in_polygon
usa_NC_0032_0097,9.0,0.0,point_in_polygon
usa_NC_0032_0098,9.0,0.0,point_in_polygon
usa_NC_0032_0099,9.0,0.0,point_in_polygon
usa_NC_0032_0100,9.0,0.0,point_in_polygon
usa_NC_0032_0101,9.0,0.0,point_in_polygon
usa_NC_0032_0102,9.0,0.0,point_in_polygon
usa_NC_0032_0103,9.0,0.0,point_in_polygon
usa_NC_0032_0104,9.0,0.0,point_in_polygon
usa_NC_0032_0105,10.0,0.0,point_in_polygon
usa_NC_0032_0106,10.0,0.0,point_in_polygon
usa_NC_0032_0107,10.0,0.0,point_in_polygon
usa_NC_0032_0108,10.0,0.0,point_in_polygon
usa_NC_0032_0109,10.0,0.0,point_in_polygon
usa_NC_0032_0110,10.0,0.0,point_in_polygon
usa_NC_0032_0111,10.0,0.0,point_in_polygon
usa_NC_0032_0112,10.0,0.0,point_in_polygon
usa_NC_0032_0113,10.0,0.0,point_in_polygon
usa_NC_0032_0114,10.0,0.0,point_in_polygon
usa_NC_0032_0115,11.0,0.0,point_in_polygon
usa_NC_0032_0116,11.0,0.0,point_in_polygon
usa_NC_0032_0117,11.0,0.0,point_in_polygon
usa_NC_0032_0118,11.0,0.0,point_in_polygon
usa_NC_0032_0119,11.0,0.0,point_in_polygon
usa_NC_0032_0120,11.0,0.0,point_in_polygon
usa_NC_0032_0121,11.0,0.0,point_in_polygon
usa_NC_0032_0122,11.0,0.0,point_in_polygon
usa_NC_0032_0123,11.0,0.0,point_in_polygon
usa_NC_0032_0124,11.0,0.0,point_in_polygon
usa_NC_0032_0125,12.0,0.0,point_in_polygon
usa_NC_0032_0126,12.0,0.0,point_in_polygon
usa_NC_0032_0127,12.0,0.0,point_in_polygon
usa_NC_0032_0128,12.0,0.0,point_in_polygon
usa_NC_0032_0129,12.0,0.0,point_in_polygon
usa_NC_0032_0130,12.0,0.0,point_in_polygon
usa_NC_0032_0131,12.0,0.0,point_in_polygon
usa_NC_0032_0132,12.0,0.0,point_in_polygon
usa_NC_0032_0133,12.0,0.0,point_in_polygon
usa_NC_0032_0134,12.0,0.0,point_in_polygon
usa_NC_0032_0135,13.0,0.0,point_in_polygon
usa_NC_0032_0136,13.0,0.0,point_in_polygon
usa_NC_0032_0137,13.0,0.0,point_in_polygon
usa_NC_0032_0138,13.0,0.0,point_in_polygon
usa_NC_0032_0139,13.0,0.0,point_in_polygon
usa_NC_0032_0140,13.0,0.0,point_in_polygon
usa_NC_0032_0141,13.0,0.0,point_in_polygon
usa_NC_0032_0142,13.0,0.0,point_in_polygon
usa_NC_0032_0143,13.0,0.0,point_in_polygon
usa_NC_0032_0144,13.0,0.0,point_in_polygon
usa_NC_0032_0145,13.0,0.0,point_in_polygon
usa_NC_0032_0146,14.0,0.0,point_in_polygon
usa_NC_0032_0147,14.0,0.0,point_in_polygon
usa_NC_0032_0148,14.0,0.0,point_in_polygon
usa_NC_0032_0149,14.0,0.0,point_in_polygon
usa_NC_0032_0150,14.0,0.0,point_in_polygon
usa_NC_0032_0151,14.0,0.0,point_in_polygon
usa_NC_0032_0152,14.0,0.0,point_in_polygon
usa_NC_0032_0153,14.0,0.0,point_in_polygon
usa_NC_0032_0154,14.0,0.0,point_in_polygon
usa_NC_0032_0155,14.0,0.0,point_in_polygon
usa_NC_0032_0156,15.0,0.0,point_in_polygon
usa_NC_0032_0157,15.0,0.0,point_in_polygon
usa_NC_0032_0158,15.0,0.0,point_in_polygon
usa_NC_0032_0159,15.0,0.0,point_in_polygon
usa_NC_0032_0160,15.0,0.0,point_in_polygon
usa_NC_0032_0161,15.0,0.0,point_in_polygon
usa_NC_0032_0162,15.0,0.0,point_in_polygon
usa_NC_0032_0163,15.0,0.0,point_in_polygon
usa_NC_0032_0164,15.0,0.0,point_in_polygon
usa_NC_0032_0165,15.0,0.0,point_in_polygon
usa_NC_0032_0166,16.0,0.0,point_in_polygon
usa_NC_0032_0167,16.0,0.0,point_in_polygon
usa_NC_0032_0168,16.0,0.0,point_in_polygon
usa_NC_0032_0169,16.0,0.0,point_in_polygon
usa_NC_0032_0170,16.0,0.0,point_in_polygon
usa_NC_0032_0171,16.0,0.0,point_in_polygon
usa_NC_0032_0172,16.0,0.0,point_in_polygon
usa_NC_0032_0173,16.0,0.0,point_in_polygon
usa_NC_0032_0174,16.0,0.0,point_in_polygon
usa_NC_0032_0175,16.0,0.0,point_in_polygon
usa_NC_0032_0176,17.0,0.0,point_in_polygon
usa_NC_0032_0177,17.0,0.0,point_in_polygon
usa_NC_0032_0178,17.0,0.0,point_in_polygon
usa_NC_0032_0179,17.0,0.0,point_in_polygon
usa_NC_0032_0180,17.0,0.0,point_in_polygon
usa_NC_0032_0181,17.0,0.0,point_in_polygon
usa_NC_0032_0182,17.0,0.0,point_in_polygon
usa_NC_0032_0183,17.0,0.0,point_in_polygon
usa_NC_0032_0184,17.0,0.0,point_in_polygon
usa_NC_0032_0185,17.0,0.0,point_in_polygon
usa_NC_0032_0186,18.0,0.0,point_in_polygon
usa_NC_0032_0187,18.0,0.0,point_in_polygon
usa_NC_0032_0188,18.0,0.0,point_in_polygon
usa_NC_0032_0189,18.0,0.0,point_in_polygon
usa_NC_0032_0190,18.0,0.0,point_in_polygon
usa_NC_0032_0191,18.0,0.0,point_in_polygon
usa_NC_0032_0192,18.0,0.0,point_in_polygon
usa_NC_0032_0193,18.0,0.0,point_in_polygon
usa_NC_0032_0194,18.0,0.0,point_in_polygon
usa_NC_0032_0195,18.0,0.0,point_in_polygon
usa_NC_0032_0196,19.0,0.0,point_in_polygon
usa_NC_0032_0197,19.0,0.0,point_in_polygon
usa_NC_0032_0198,19.0,0.0,point_in_polygon
usa_NC_0032_0199,19.0,0.0,point_in_polygon
usa_NC_0032_0200,19.0,0.0,point_in_polygon
usa_NC_0032_0201,19.0,0.0,point_in_polygon
usa_NC_0032_0202,19.0,0.0,point_in_polygon
usa_NC_0032_0203,19.0,0.0,point_in_polygon
usa_NC_0032_0204,19.0,0.0,point_in_polygon
usa_NC_0032_0205,19.0,0.0,point_in_polygon
usa_NC_0032_0206,20.0,0.0,point_in_polygon
usa_NC_0032_0207,20.0,0.0,point_in_polygon
usa_NC_0032_0208,20.0,0.0,point_in_polygon
usa_NC_0032_0209,20.0,0.0,point_in_polygon
usa_NC_0032_0210,20.0,0.0,point_in_polygon
usa_NC_0032_0211,20.0,0.0,point_in_polygon
usa_NC_0032_0212,20.0,0.0,point_in_polygon
usa_NC_0032_0213,20.0,0.0,point_in_polygon
usa_NC_0032_0214,20.0,0.0,point_in_polygon
usa_NC_0033_0001,20.0,0.0,point_in_polygon
usa_NC_0033_0002,21.0,0.0,point_in_polygon
usa_NC_0033_0003,21.0,0.0,point_in_polygon
usa_NC_0033_0004,21.0,0.0,point_in_polygon
usa_NC_0033_0005,21.0,0.0,point_in_polygon
usa_NC_0033_0006,21.0,0.0,point_in_polygon
usa_NC_0033_0007,21.0,0.0,point_in_polygon
usa_NC_0033_0008,21.0,0.0,point_in_polygon
usa_NC_0033_0009,21.0,0.0,point_in_polygon
usa_NC_0033_0010,21.0,0.0,point_in_polygon
usa_NC_0033_0011,21.0,0.0,point_in_polygon
usa_NC_0033_0012,21.0,0.0,point_in_polygon
usa_NC_0033_0013,22.0,0.0,point_in_polygon
usa_NC_0033_0014,22.0,0.0,point_in_polygon
usa_NC_0033_0015,22.0,0.0,point_in_polygon
usa_NC_0033_0016,22.0,0.0,point_in_polygon
usa_NC_0033_0017,22.0,0.0,point_in_polygon
usa_NC_0033_0018,22.0,0.0,point_in_polygon
usa_NC_0033_0019,22.0,0.0,point_in_polygon
usa_NC_0033_0020,22.0,0.0,point_in_polygon
usa_NC_0033_0021,22.0,0.0,point_in_polygon
usa_NC_0033_0022,22.0,0.0,point_in_polygon
usa_NC_0033_0023,23.0,0.0,point_in_polygon
usa_NC_0033_0024,23.0,0.0,point_in_polygon
usa_NC_0033_0025,23.0,0.0,point_in_polygon
usa_NC_0033_0026,23.0,0.0,point_in_polygon
usa_NC_0033_0027,23.0,0.0,point_in_polygon
usa_NC_0033_0028,23.0,0.0,point_in_polygon
usa_NC_0033_0029,23.0,0.0,point_in_polygon
usa_NC_0033_0030,23.0,0.0,point_in_polygon
usa_NC_0033_0031,23.0,0.0,point_in_polygon
usa_NC_0033_0032,23.0,0.0,point_in_polygon
usa_NC_0033_0033,24.0,0.0,point_in_polygon
usa_NC_0033_0034,24.0,0.0,point_in_polygon
usa_NC_0033_0035,24.0,0.0,point_in_polygon
usa_NC_0033_0036,24.0,0.0,point_in_polygon
usa_NC_0033_0037,24.0,0.0,point_in_polygon
usa_NC_0033_0038,24.0,0.0,point_in_polygon
usa_NC_0033_0039,24.0,0.0,point_in_polygon
usa_NC_0033_0040,24.0,0.0,point_in_polygon
usa_NC_0033_0041,24.0,0.0,point_in_polygon
usa_NC_0033_0042,24.0,0.0,point_in_polygon
usa_NC_0033_0043,25.0,0.0,point_in_polygon
usa_NC_0033_0044,25.0,0.0,point_in_polygon
usa_NC_0033_0045,25.0,0.0,point_in_polygon
usa_NC_0033_0046,25.0,0.0,point_in_polygon
usa_NC_0033_0047,25.0,0.0,point_in_polygon
usa_NC_0033_0048,25.0,0.0,point_in_polygon
usa_NC_0033_0049,25.0,0.0,point_in_polygon
usa_NC_0033_0050,25.0,0.0,point_in_polygon
usa_NC_0033_0051,25.0,0.0,point_in_polygon
usa_NC_0033_0052,25.0,0.0,point_in_polygon
usa_NC_0033_0053,26.0,0.0,point_in_polygon
usa_NC_0033_0054,26.0,0.0,point_in_polygon
usa_NC_0033_0055,26.0,0.0,point_in_polygon
usa_NC_0033_0056,26.0,0.0,point_in_polygon
usa_NC_0033_0057,26.0,0.0,point_in_polygon
usa_NC_0033_0058,26.0,0.0,point_in_polygon
usa_NC_0033_0059,26.0,0.0,point_in_polygon
usa_NC_0033_0060,26.0,0.0,point_in_polygon
usa_NC_0033_0061,26.0,0.0,point_in_polygon
usa_NC_0033_0062,26.0,0.0,point_in_polygon
usa_NC_0033_0064,27.0,0.0,point_in_polygon
usa_NC_0033_0065,27.0,0.0,point_in_polygon
usa_NC_0033_0066,27.0,0.0,point_in_polygon
usa_NC_0033_0067,27.0,0.0,point_in_polygon
usa_NC_0033_0068,27.0,0.0,point_in_polygon
usa_NC_0033_0069,27.0,0.0,point_in_polygon
usa_NC_0033_0070,27.0,0.0,point_in_polygon
usa_NC_0033_0071,27.0,0.0,point_in_polygon
usa_NC_0033_0072,27.0,0.0,point_in_polygon
usa_NC_0033_0073,27.0,0.0,point_in_polygon
usa_NC_0033_0074,28.0,0.0,point_in_polygon
usa_NC_0033_0075,28.0,0.0,point_in_polygon
usa_NC_0033_0076,28.0,0.0,point_in_polygon
usa_NC_0033_0077,28.0,0.0,point_in_polygon
usa_NC_0033_0078,28.0,0.0,point_in_polygon
usa_NC_0033_0079,28.0,0.0,point_in_polygon
usa_NC_0033_0080,28.0,0.0,point_in_polygon
usa_NC_0033_0081,28.0,0.0,point_in_polygon
usa_NC_0033_0082,28.0,0.0,point_in_polygon
usa_NC_0033_0083,28.0,0.0,point_in_polygon
usa_NC_0033_0084,29.0,0.0,point_in_polygon
usa_NC_0033_0085,29.0,0.0,point_in_polygon
usa_NC_0033_0086,29.0,0.0,point_in_polygon
usa_NC_0033_0087,29.0,0.0,point_in_polygon
usa_NC_0033_0088,29.0,0.0,point_in_polygon
usa_NC_0033_0089,29.0,0.0,point_in_polygon
usa_NC_0033_0090,29.0,0.0,point_in_polygon
usa_NC_0033_0091,29.0,0.0,point_in_polygon
usa_NC_0033_0092,29.0,0.0,point_in_polygon
usa_NC_0033_0093,29.0,0.0,point_in_polygon
usa_NC_0033_0094,30.0,0.0,point_in_polygon
usa_NC_0033_0095,30.0,0.0,point_in_polygon
usa_NC_0033_0096,30.0,0.0,point_in_polygon
usa_NC_0033_0097,30.0,0.0,point_in_polygon
usa_NC_0033_0098,30.0,0.0,point_in_polygon
usa_NC_0033_0099,30.0,0.0,point_in_polygon
usa_NC_0033_0100,30.0,0.0,point_in_polygon
usa_NC_0033_0101,30.0,0.0,point_in_polygon
usa_NC_0033_0102,30.0,0.0,point_in_polygon
usa_NC_0033_0103,30.0,0.0,point_in_polygon
usa_NC_0033_0104,31.0,0.0,point_in_polygon
usa_NC_0033_0105,31.0,0.0,point_in_polygon
usa_NC_0033_0106,31.0,0.0,point_in_polygon
usa_NC_0033_0107,31.0,0.0,point_in_polygon
usa_NC_0033_0108,31.0,0.0,point_in_polygon
usa_NC_0033_0109,31.0,0.0,point_in_polygon
usa_NC_0033_0110,31.0,0.0,point_in_polygon
usa_NC_0033_0111,31.0,0.0,point_in_polygon
usa_NC_0033_0112,31.0,0.0,point_in_polygon
usa_NC_0033_0113,31.0,0.0,point_in_polygon
usa_NC_0033_0114,31.0,0.0,point_in_polygon
usa_NC_0033_0115,32.0,0.0,point_in_polygon
usa_NC_0033_0116,32.0,0.0,point_in_polygon
usa_NC_0033_0117,32.0,0.0,point_in_polygon
usa_NC_0033_0118,32.0,0.0,point_in_polygon
usa_NC_0033_0119,32.0,0.0,point_in_polygon
usa_NC_0033_0120,32.0,0.0,point_in_polygon
usa_NC_0033_0121,32.0,0.0,point_in_polygon
usa_NC_0033_0122,32.0,0.0,point_in_polygon
usa_NC_0033_0123,32.0,0.0,point_in_polygon
usa_NC_0033_0124,32.0,0.0,point_in_polygon
usa_NC_0033_0125,33.0,0.0,point_in_polygon
usa_NC_0033_0126,33.0,0.0,point_in_polygon
usa_NC_0033_0127,33.0,0.0,point_in_polygon
usa_NC_0033_0128,33.0,0.0,point_in_polygon
usa_NC_0033_0129,33.0,0.0,point_in_polygon
usa_NC_0033_0130,33.0,0.0,point_in_polygon
usa_NC_0033_0131,33.0,0.0,point_in_polygon
usa_NC_0033_0132,33.0,0.0,point_in_polygon
usa_NC_0033_0133,33.0,0.0,point_in_polygon
usa_NC_0033_0134,33.0,0.0,point_in_polygon
usa_NC_0033_0135,33.0,0.0,point_in_polygon
usa_NC_0033_0136,34.0,0.0,point_in_polygon
usa_NC_0033_0137,34.0,0.0,point_in_polygon
usa_NC_0033_0138,34.0,0.0,point_in_polygon
usa_NC_0033_0139,34.0,0.0,point_in_polygon
usa_NC_0033_0140,34.0,0.0,point_in_polygon
usa_NC_0033_0141,34.0,0.0,point_in_polygon
usa_NC_0033_0142,34.0,0.0,point_in_polygon
usa_NC_0033_0143,34.0,0.0,point_in_polygon
usa_NC_0033_0144,34.0,0.0,point_in_polygon
usa_NC_0033_0145,34.0,0.0,point_in_polygon
usa_NC_0033_0146,35.0,0.0,point_in_polygon
usa_NC_0033_0147,35.0,0.0,point_in_polygon
usa_NC_0033_0148,35.0,0.0,point_in_polygon
usa_NC_0033_0149,35.0,0.0,point_in_polygon
usa_NC_0033_0150,35.0,0.0,point_in_polygon
usa_NC_0033_0151,35.0,0.0,point_in_polygon
usa_NC_0033_0152,35.0,0.0,point_in_polygon
usa_NC_0033_0153,35.0,0.0,point_in_polygon
usa_NC_0033_0154,35.0,0.0,point_in_polygon
usa_NC_0033_0155,35.0,0.0,point_in_polygon
usa_NC_0033_0156,35.0,0.0,point_in_polygon
usa_NC_0033_0157,36.0,0.0,point_in_polygon
usa_NC_0033_0158,36.0,0.0,point_in_polygon
usa_NC_0033_0159,36.0,0.0,point_in_polygon
usa_NC_0033_0160,36.0,0.0,point_in_polygon
usa_NC_0033_0161,36.0,0.0,point_in_polygon
usa_NC_0033_0162,36.0,0.0,point_in_polygon
usa_NC_0033_0163,36.0,0.0,point_in_polygon
usa_NC_0033_0164,36.0,0.0,point_in_polygon
usa_NC_0033_0165,36.0,0.0,point_in_polygon
usa_NC_0033_0166,36.0,0.0,point_in_polygon
usa_NC_0033_0167,37.0,0.0,point_in_polygon
usa_NC_0033_0168,37.0,0.0,point_in_polygon
usa_NC_0033_0169,37.0,0.0,point_in_polygon
usa_NC_0033_0170,37.0,0.0,point_in_polygon
usa_NC_0033_0171,37.0,0.0,point_in_polygon
usa_NC_0033_0172,37.0,0.0,point_in_polygon
usa_NC_0033_0173,37.0,0.0,point_in_polygon
usa_NC_0033_0174,37.0,0.0,point_in_polygon
usa_NC_0033_0175,37.0,0.0,point_in_polygon
usa_NC_0033_0176,37.0,0.0,point_in_polygon
usa_NC_0033_0177,37.0,0.0,point_in_polygon
usa_NC_0033_0178,38.0,0.0,point_in_polygon
usa_NC_0033_0179,38.0,0.0,point_in_polygon
usa_NC_0033_0180,38.0,0.0,point_in_polygon
usa_NC_0033_0181,38.0,0.0,point_in_polygon
usa_NC_0033_0182,38.0,0.0,point_in_polygon
usa_NC_0033_0183,38.0,0.0,point_in_polygon
usa_NC_0033_0184,38.0,0.0,point_in_polygon
usa_NC_0033_0185,38.0,0.0,point_in_polygon
usa_NC_0033_0186,38.0,0.0,point_in_polygon
usa_NC_0033_0187,38.0,0.0,point_in_polygon
usa_NC_0033_0188,39.0,0.0,point_in_polygon
usa_NC_0033_0189,39.0,0.0,point_in_polygon
usa_NC_0033_0190,39.0,0.0,point_in_polygon
usa_NC_0033_0191,39.0,0.0,point_in_polygon
usa_NC_0033_0192,39.0,0.0,point_in_polygon
usa_NC_0033_0193,39.0,0.0,point_in_polygon
usa_NC_0033_0194,39.0,0.0,point_in_polygon
usa_NC_0033_0195,39.0,0.0,point_in_polygon
usa_NC_0033_0196,39.0,0.0,point_in_polygon
usa_NC_0033_0197,39.0,0.0,point_in_polygon
usa_NC_0033_0198,40.0,0.0,point_in_polygon
usa_NC_0033_0199,40.0,0.0,point_in_polygon
usa_NC_0033_0200,40.0,0.0,point_in_polygon
usa_NC_0033_0201,40.0,0.0,point_in_polygon
usa_NC_0033_0202,40.0,0.0,point_in_polygon
usa_NC_0033_0203,40.0,0.0,point_in_polygon
usa_NC_0033_0204,40.0,0.0,point_in_polygon
usa_NC_0033_0205,40.0,0.0,point_in_polygon
usa_NC_0033_0206,40.0,0.0,point_in_polygon
usa_NC_0033_0207,40.0,0.0,point_in_polygon
usa_NC_0033_0209,41.0,0.0,point_in_polygon
usa_NC_0033_0210,41.0,0.0,point_in_polygon
usa_NC_0033_0211,41.0,0.0,point_in_polygon
usa_NC_0033_0212,41.0,0.0,point_in_polygon
usa_NC_0033_0213,41.0,0.0,point_in_polygon
usa_NC_0033_0214,41.0,0.0,point_in_polygon
usa_NC_0033_0215,41.0,0.0,point_in_polygon
usa_NC_0033_0216,41.0,0.0,point_in_polygon
usa_NC_0033_0217,41.0,0.0,point_in_polygon
usa_NC_0033_0218,41.0,0.0,point_in_polygon
usa_NC_0033_0219,42.0,0.0,point_in_polygon
usa_NC_0033_0220,42.0,0.0,point_in_polygon
usa_NC_0033_0221,42.0,0.0,point_in_polygon
usa_NC_0033_0222,42.0,0.0,point_in_polygon
usa_NC_0033_0223,42.0,0.0,point_in_polygon
usa_NC_0033_0224,42.0,0.0,point_in_polygon
usa_NC_0033_0225,42.0,0.0,point_in_polygon
usa_NC_0033_0226,42.0,0.0,point_in_polygon
usa_NC_0033_0227,42.0,0.0,point_in_polygon
usa_NC_0033_0228,42.0,0.0,point_in_polygon
usa_NC_0033_0229,43.0,0.0,point_in_polygon
usa_NC_0033_0230,43.0,0.0,point_in_polygon
usa_NC_0033_0231,43.0,0.0,point_in_polygon
usa_NC_0033_0232,43.0,0.0,point_in_polygon
usa_NC_0033_0233,43.0,0.0,point_in_polygon
usa_NC_0033_0234,43.0,0.0,point_in_polygon
usa_NC_0033_0235,43.0,0.0,point_in_polygon
usa_NC_0033_0236,43.0,0.0,point_in_polygon
usa_NC_0033_0237,43.0,0.0,point_in_polygon
usa_NC_0033_0238,43.0,0.0,point_in_polygon
usa_NC_0033_0239,44.0,0.0,point_in_polygon
usa_NC_0033_0240,44.0,0.0,point_in_polygon
usa_NC_0033_0241,44.0,0.0,point_in_polygon
usa_NC_0033_0242,44.0,0.0,point_in_polygon
usa_NC_0033_0243,44.0,0.0,point_in_polygon
usa_NC_0033_0244,44.0,0.0,point_in_polygon
usa_NC_0033_0245,44.0,0.0,point_in_polygon
usa_NC_0033_0246,44.0,0.0,point_in_polygon
usa_NC_0033_0247,44.0,0.0,point_in_polygon
usa_NC_0033_0248,44.0,0.0,point_in_polygon
usa_NC_0033_0249,45.0,0.0,point_in_polygon
usa_NC_0033_0250,45.0,0.0,point_in_polygon
usa_NC_0033_0251,45.0,0.0,point_in_polygon
usa_NC_0033_0252,45.0,0.0,point_in_polygon
usa_NC_0033_0253,45.0,0.0,point_in_polygon
usa_NC_0033_0254,45.0,0.0,point_in_polygon
usa_NC_0033_0255,45.0,0.0,point_in_polygon
usa_NC_0033_0256,45.0,0.0,point_in_polygon
usa_NC_0033_0257,45.0,0.0,point_in_polygon
usa_NC_0033_0258,45.0,0.0,point_in_polygon
usa_NC_0033_0259,46.0,0.0,point_in_polygon
usa_NC_0033_0260,46.0,0.0,point_in_polygon
usa_NC_0034_0001,46.0,0.0,point_in_polygon
usa_NC_0034_0002,46.0,0.0,point_in_polygon
usa_NC_0034_0003,46.0,0.0,point_in_polygon
usa_NC_0034_0004,46.0,0.0,point_in_polygon
usa_NC_0034_0005,46.0,0.0,point_in_polygon
usa_NC_0034_0006,46.0,0.0,point_in_polygon
usa_NC_0034_0007,46.0,0.0,point_in_polygon
usa_NC_0034_0008,46.0,0.0,point_in_polygon
usa_NC_0034_0009,47.0,0.0,point_in_polygon
usa_NC_0034_0010,47.0,0.0,point_in_polygon
usa_NC_0034_0011,47.0,0.0,point_in_polygon
usa_NC_0034_0012,47.0,0.0,point_in_polygon
usa_NC_0034_0013,47.0,0.0,point_in_polygon
usa_NC_0034_0014,47.0,0.0,point_in_polygon
usa_NC_0034_0015,47.0,0.0,point_in_polygon
usa_NC_0034_0016,47.0,0.0,point_in_polygon
usa_NC_0034_0017,47.0,0.0,point_in_polygon
usa_NC_0034_0018,47.0,0.0,point_in_polygon
usa_NC_0034_0019,48.0,0.0,point_in_polygon
usa_NC_0034_0020,48.0,0.0,point_in_polygon
usa_NC_0034_0021,48.0,0.0,point_in_polygon
usa_NC_0034_0022,48.0,0.0,point_in_polygon
usa_NC_0034_0023,48.0,0.0,point_in_polygon
usa_NC_0034_0024,48.0,0.0,point_in_polygon
usa_NC_0034_0025,48.0,0.0,point_in_polygon
usa_NC_0034_0026,48.0,0.0,point_in_polygon
usa_NC_0034_0027,48.0,0.0,point_in_polygon
usa_NC_0034_0028,48.0,0.0,point_in_polygon
usa_NC_0034_0029,49.0,0.0,point_in_polygon
usa_NC_0034_0030,49.0,0.0,point_in_polygon
usa_NC_0034_0031,49.0,0.0,point_in_polygon
usa_NC_0034_0032,49.0,0.0,point_in_polygon
usa_NC_0034_0033,49.0,0.0,point_in_polygon
usa_NC_0034_0034,49.0,0.0,point_in_polygon
usa_NC_0034_0035,49.0,0.0,point_in_polygon
usa_NC_0034_0036,49.0,0.0,point_in_polygon
usa_NC_0034_0037,49.0,0.0,point_in_polygon
usa_NC_0034_0038,49.0,0.0,point_in_polygon
usa_NC_0034_0039,50.0,0.0,point_in_polygon
usa_NC_0034_0040,50.0,0.0,point_in_polygon
usa_NC_0034_0041,50.0,0.0,point_in_polygon
usa_NC_0034_0042,50.0,0.0,point_in_polygon
usa_NC_0034_0043,50.0,0.0,point_in_polygon
usa_NC_0034_0044,50.0,0.0,point_in_polygon
usa_NC_0034_0045,50.0,0.0,point_in_polygon
usa_NC_0034_0046,50.0,0.0,point_in_polygon
usa_NC_0034_0047,50.0,0.0,point_in_polygon
usa_NC_0034_0048,50.0,0.0,point_in_polygon
usa_NC_0034_0049,51.0,0.0,point_in_polygon
usa_NC_0034_0050,51.0,0.0,point_in_polygon
usa_NC_0034_0051,51.0,0.0,point_in_polygon
usa_NC_0034_0052,51.0,0.0,point_in_polygon
usa_NC_0034_0053,51.0,0.0,point_in_polygon
usa_NC_0034_0054,51.0,0.0,point_in_polygon
usa_NC_0034_0055,51.0,0.0,point_in_polygon
usa_NC_0034_0056,51.0,0.0,point_in_polygon
usa_NC_0034_0057,51.0,0.0,point_in_polygon
usa_NC_0034_0058,51.0,0.0,point_in_polygon
usa_NC_0034_0059,52.0,0.0,point_in_polygon
usa_NC_0034_0060,52.0,0.0,point_in_polygon
usa_NC_0034_0061,52.0,0.0,point_in_polygon
usa_NC_0034_0062,52.0,0.0,point_in_polygon
usa_NC_0034_0063,52.0,0.0,point_in_polygon
usa_NC_0034_0064,52.0,0.0,point_in_polygon
usa_NC_0034_0065,52.0,0.0,point_in_polygon
usa_NC_0034_0066,52.0,0.0,point_in_polygon
usa_NC_0034_0067,52.0,0.0,point_in_polygon
usa_NC_0034_0068,52.0,0.0,point_in_polygon
usa_NC_0034_0069,53.0,0.0,point_in_polygon
usa_NC_0034_0070,53.0,0.0,point_in_polygon
usa_NC_0034_0071,53.0,0.0,point_in_polygon
usa_NC_0034_0072,53.0,0.0,point_in_polygon
usa_NC_0034_0073,53.0,0.0,point_in_polygon
usa_NC_0034_0074,53.0,0.0,point_in_polygon
usa_NC_0034_0075,53.0,0.0,point_in_polygon
usa_NC_0034_0076,53.0,0.0,point_in_polygon
usa_NC_0034_0077,53.0,0.0,point_in_polygon
usa_NC_0034_0078,53.0,0.0,point_in_polygon
usa_NC_0034_0079,54.0,0.0,point_in_polygon
usa_NC_0034_0080,54.0,0.0,point_in_polygon
usa_NC_0034_0081,54.0,0.0,point_in_polygon
usa_NC_0034_0082,54.0,0.0,point_in_polygon
usa_NC_0034_0083,54.0,0.0,point_in_polygon
usa_NC_0034_0084,54.0,0.0,point_in_polygon
usa_NC_0034_0085,54.0,0.0,point_in_polygon
usa_NC_0034_0086,54.0,0.0,point_in_polygon
usa_NC_0034_0087,54.0,0.0,point_in_polygon
usa_NC_0034_0088,54.0,0.0,point_in_polygon
usa_NC_0034_0089,55.0,0.0,point_in_polygon
usa_NC_0034_0090,55.0,0.0,point_in_polygon
usa_NC_0034_0091,55.0,0.0,point_in_polygon
usa_NC_0034_0092,55.0,0.0,point_in_polygon
usa_NC_0034_0093,55.0,0.0,point_in_polygon
usa_NC_0034_0094,55.0,0.0,point_in_polygon
usa_NC_0034_0095,55.0,0.0,point_in_polygon
usa_NC_0034_0096,55.0,0.0,point_in_polygon
usa_NC_0034_0097,55.0,0.0,point_in_polygon
usa_NC_0034_0098,55.0,0.0,point_in_polygon
usa_NC_0034_0099,56.0,0.0,point_in_polygon
usa_NC_0034_0100,56.0,0.0,point_in_polygon
usa_NC_0034_0101,56.0,0.0,point_in_polygon
usa_NC_0034_0102,56.0,0.0,point_in_polygon
usa_NC_0034_0103,56.0,0.0,point_in_polygon
usa_NC_0034_0104,56.0,0.0,point_in_polygon
usa_NC_0034_0105,56.0,0.0,point_in_polygon
usa_NC_0034_0106,56.0,0.0,point_in_polygon
usa_NC_0034_0107,56.0,0.0,point_in_polygon
usa_NC_0034_0108,56.0,0.0,point_in_polygon
usa_NC_0034_0109,56.0,0.0,point_in_polygon
usa_NC_0034_0110,57.0,0.0,point_in_polygon
usa_NC_0034_0111,57.0,0.0,point_in_polygon
usa_NC_0034_0112,57.0,0.0,point_in_polygon
usa_NC_0034_0113,57.0,0.0,point_in_polygon
usa_NC_0034_0114,57.0,0.0,point_in_polygon
usa_NC_0034_0115,57.0,0.0,point_in_polygon
usa_NC_0034_0116,57.0,0.0,point_in_polygon
usa_NC_0034_0117,57.0,0.0,point_in_polygon
usa_NC_0034_0118,57.0,0.0,point_in_polygon
usa_NC_0034_0119,57.0,0.0,point_in_polygon
usa_NC_0034_0120,58.0,0.0,point_in_polygon
usa_NC_0034_0121,58.0,0.0,point_in_polygon
usa_NC_0034_0122,58.0,0.0,point_in_polygon
usa_NC_0034_0123,58.0,0.0,point_in_polygon
usa_NC_0034_0124,58.0,0.0,point_in_polygon
usa_NC_0034_0125,58.0,0.0,point_in_polygon
usa_NC_0034_0126,58.0,0.0,point_in_polygon
usa_NC_0034_0127,58.0,0.0,point_in_polygon
usa_NC_0034_0128,58.0,0.0,point_in_polygon
usa_NC_0034_0129,58.0,0.0,point_in_polygon
usa_NC_0034_0130,59.0,0.0,point_in_polygon
usa_NC_0034_0131,59.0,0.0,point_in_polygon
usa_NC_0034_0132,59.0,0.0,point_in_polygon
usa_NC_0034_0133,59.0,0.0,point_in_polygon
usa_NC_0034_0134,59.0,0.0,point_in_polygon
usa_NC_0034_0135,59.0,0.0,point_in_polygon
usa_NC_0034_0136,59.0,0.0,point_in_polygon
usa_NC_0034_0137,59.0,0.0,point_in_polygon
usa_NC_0034_0138,59.0,0.0,point_in_polygon
usa_NC_0034_0139,59.0,0.0,point_in_polygon
usa_NC_0034_0140,60.0,0.0,point_in_polygon
usa_NC_0034_0141,60.0,0.0,point_in_polygon
usa_NC_0034_0142,60.0,0.0,point_in_polygon
usa_NC_0034_0143,60.0,0.0,point_in_polygon
usa_NC_0034_0144,60.0,0.0,point_in_polygon
usa_NC_0034_0145,60.0,0.0,point_in_polygon
usa_NC_0034_0146,60.0,0.0,point_in_polygon
usa_NC_0034_0147,60.0,0.0,point_in_polygon
usa_NC_0034_0148,60.0,0.0,point_in_polygon
usa_NC_0034_0149,60.0,0.0,point_in_polygon
usa_NC_0034_0150,61.0,0.0,point_in_polygon
usa_NC_0034_0151,61.0,0.0,point_in_polygon
usa_NC_0034_0152,61.0,0.0,point_in_polygon
usa_NC_0034_0153,61.0,0.0,point_in_polygon
usa_NC_0034_0154,61.0,0.0,point_in_polygon
usa_NC_0034_0155,61.0,0.0,point_in_polygon
usa_NC_0034_0156,61.0,0.0,point_in_polygon
usa_NC_0034_0157,61.0,0.0,point_in_polygon
usa_NC_0034_0158,61.0,0.0,point_in_polygon
usa_NC_0034_0159,61.0,0.0,point_in_polygon
usa_NC_0034_0161,62.0,0.0,point_in_polygon
usa_NC_0034_0162,62.0,0.0,point_in_polygon
usa_NC_0034_0163,62.0,0.0,point_in_polygon
usa_NC_0034_0164,62.0,0.0,point_in_polygon
usa_NC_0034_0165,62.0,0.0,point_in_polygon
usa_NC_0034_0166,62.0,0.0,point_in_polygon
usa_NC_0034_0167,62.0,0.0,point_in_polygon
usa_NC_0034_0168,62.0,0.0,point_in_polygon
usa_NC_0034_0169,62.0,0.0,point_in_polygon
usa_NC_0034_0170,62.0,0.0,point_in_polygon
usa_NC_0034_0171,63.0,0.0,point_in_polygon
usa_NC_0034_0172,63.0,0.0,point_in_polygon
usa_NC_0034_0173,63.0,0.0,point_in_polygon
usa_NC_0034_0174,63.0,0.0,point_in_polygon
usa_NC_0034_0175,63.0,0.0,point_in_polygon
usa_NC_0034_0176,63.0,0.0,point_in_polygon
usa_NC_0034_0177,63.0,0.0,point_in_polygon
usa_NC_0034_0178,63.0,0.0,point_in_polygon
usa_NC_0034_0179,63.0,0.0,point_in_polygon
usa_NC_0034_0180,63.0,0.0,point_in_polygon
usa_NC_0034_0181,64.0,0.0,point_in_polygon
usa_NC_0034_0182,64.0,0.0,point_in_polygon
usa_NC_0034_0183,64.0,0.0,point_in_polygon
usa_NC_0034_0184,64.0,0.0,point_in_polygon
usa_NC_0034_0185,64.0,0.0,point_in_polygon
usa_NC_0034_0186,64.0,0.0,point_in_polygon
usa_NC_0034_0187,64.0,0.0,point_in_polygon
usa_NC_0034_0188,64.0,0.0,point_in_polygon
usa_NC_0034_0189,64.0,0.0,point_in_polygon
usa_NC_0034_0190,64.0,0.0,point_in_polygon
usa_NC_0034_0191,65.0,0.0,point_in_polygon
usa_NC_0034_0192,65.0,0.0,point_in_polygon
usa_NC_0034_0193,65.0,0.0,point_in_polygon
usa_NC_0034_0194,65.0,0.0,point_in_polygon
usa_NC_0034_0195,65.0,0.0,point_in_polygon
usa_NC_0034_0196,65.0,0.0,point_in_polygon
usa_NC_0034_0197,65.0,0.0,point_in_polygon
usa_NC_0034_0198,65.0,0.0,point_in_polygon
usa_NC_0034_0199,65.0,0.0,point_in_polygon
usa_NC_0034_0200,65.0,0.0,point_in_polygon
usa_NC_0034_0201,66.0,0.0,point_in_polygon
usa_NC_0034_0202,66.0,0.0,point_in_polygon
usa_NC_0034_0203,66.0,0.0,point_in_polygon
usa_NC_0034_0204,66.0,0.0,point_in_polygon
usa_NC_0034_0205,66.0,0.0,point_in_polygon
usa_NC_0034_0206,66.0,0.0,point_in_polygon
usa_NC_0034_0207,66.0,0.0,point_in_polygon
usa_NC_0034_0208,66.0,0.0,point_in_polygon
usa_NC_0034_0209,66.0,0.0,point_in_polygon
usa_NC_0034_0210,66.0,0.0,point_in_polygon
usa_NC_0034_0211,66.0,0.0,point_in_polygon
usa_NC_0034_0212,67.0,0.0,point_in_polygon
usa_NC_0034_0213,67.0,0.0,point_in_polygon
usa_NC_0034_0214,67.0,0.0,point_in_polygon
usa_NC_0034_0215,67.0,0.0,point_in_polygon
usa_NC_0034_0216,67.0,0.0,point_in_polygon
usa_NC_0034_0217,67.0,0.0,point_in_polygon
usa_NC_0034_0218,67.0,0.0,point_in_polygon
usa_NC_0034_0219,67.0,0.0,point_in_polygon
usa_NC_0034_0220,67.0,0.0,point_in_polygon
usa_NC_0034_0221,67.0,0.0,point_in_polygon
usa_NC_0034_0222,68.0,0.0,point_in_polygon
usa_NC_0034_0223,68.0,0.0,point_in_polygon
usa_NC_0034_0224,68.0,0.0,point_in_polygon
usa_NC_0034_0225,68.0,0.0,point_in_polygon
usa_NC_0034_0226,68.0,0.0,point_in_polygon
usa_NC_0034_0227,68.0,0.0,point_in_polygon
usa_NC_0034_0228,68.0,0.0,point_in_polygon
usa_NC_0034_0229,68.0,0.0,point_in_polygon
usa_NC_0034_0230,68.0,0.0,point_in_polygon
usa_NC_0034_0231,68.0,0.0,point_in_polygon
usa_NC_0034_0232,69.0,0.0,point_in_polygon
usa_NC_0034_0233,69.0,0.0,point_in_polygon
usa_NC_0034_0234,69.0,0.0,point_in_polygon
usa_NC_0034_0235,69.0,0.0,point_in_polygon
usa_NC_0034_0236,69.0,0.0,point_in_polygon
usa_NC_0034_0237,69.0,0.0,point_in_polygon
usa_NC_0034_0238,69.0,0.0,point_in_polygon
usa_NC_0034_0239,69.0,0.0,point_in_polygon
usa_NC_0034_0240,69.0,0.0,point_in_polygon
usa_NC_0034_0241,69.0,0.0,point_in_polygon
usa_NC_0034_0243,70.0,0.0,point_in_polygon
usa_NC_0034_0244,70.0,0.0,point_in_polygon
usa_NC_0034_0245,70.0,0.0,point_in_polygon
usa_NC_0034_0246,70.0,0.0,point_in_polygon
usa_NC_0034_0247,70.0,0.0,point_in_polygon
usa_NC_0034_0248,70.0,0.0,point_in_polygon
usa_NC_0034_0249,70.0,0.0,point_in_polygon
usa_NC_0034_0250,70.0,0.0,point_in_polygon
usa_NC_0035_0001,70.0,0.0,point_in_polygon
usa_NC_0035_0002,70.0,0.0,point_in_polygon
usa_NC_0035_0003,71.0,0.0,point_in_polygon
usa_NC_0035_0004,71.0,0.0,point_in_polygon
usa_NC_0035_0005,71.0,0.0,point_in_polygon
usa_NC_0035_0006,71.0,0.0,point_in_polygon
usa_NC_0035_0007,71.0,0.0,point_in_polygon
usa_NC_0035_0008,71.0,0.0,point_in_polygon
usa_NC_0035_0009,71.0,0.0,point_in_polygon
usa_NC_0035_0010,71.0,0.0,point_in_polygon
usa_NC_0035_0011,71.0,0.0,point_in_polygon
usa_NC_0035_0012,71.0,0.0,point_in_polygon
usa_NC_0035_0013,72.0,0.0,point_in_polygon
usa_NC_0035_0014,72.0,0.0,point_in_polygon
usa_NC_0035_0015,72.0,0.0,point_in_polygon
usa_NC_0035_0016,72.0,0.0,point_in_polygon
usa_NC_0035_0017,72.0,0.0,point_in_polygon
usa_NC_0035_0018,72.0,0.0,point_in_polygon
usa_NC_0035_0019,72.0,0.0,point_in_polygon
usa_NC_0035_0020,72.0,0.0,point_in_polygon
usa_NC_0035_0021,72.0,0.0,point_in_polygon
usa_NC_0035_0022,72.0,0.0,point_in_polygon
usa_NC_0035_0023,73.0,0.0,point_in_polygon
usa_NC_0035_0024,73.0,0.0,point_in_polygon
usa_NC_0035_0025,73.0,0.0,point_in_polygon
usa_NC_0035_0026,73.0,0.0,point_in_polygon
usa_NC_0035_0027,73.0,0.0,point_in_polygon
usa_NC_0035_0028,73.0,0.0,point_in_polygon
usa_NC_0035_0029,73.0,0.0,point_in_polygon
usa_NC_0035_0030,73.0,0.0,point_in_polygon
usa_NC_0035_0031,73.0,0.0,point_in_polygon
usa_NC_0035_0032,73.0,0.0,point_in_polygon
usa_NC_0035_0034,74.0,0.0,point_in_polygon
usa_NC_0035_0035,74.0,0.0,point_in_polygon
usa_NC_0035_0036,74.0,0.0,point_in_polygon
usa_NC_0035_0037,74.0,0.0,point_in_polygon
usa_NC_0035_0038,74.0,0.0,point_in_polygon
usa_NC_0035_0039,74.0,0.0,point_in_polygon
usa_NC_0035_0040,74.0,0.0,point_in_polygon
usa_NC_0035_0041,74.0,0.0,point_in_polygon
usa_NC_0035_0042,74.0,0.0,point_in_polygon
usa_NC_0035_0043,74.0,0.0,point_in_polygon
usa_NC_0035_0044,75.0,0.0,point_in_polygon
usa_NC_0035_0045,75.0,0.0,point_in_polygon
usa_NC_0035_0046,75.0,0.0,point_in_polygon
usa_NC_0035_0047,75.0,0.0,point_in_polygon
usa_NC_0035_0048,75.0,0.0,point_in_polygon
usa_NC_0035_0049,75.0,0.0,point_in_polygon
usa_NC_0035_0050,75.0,0.0,point_in_polygon
usa_NC_0035_0051,75.0,0.0,point_in_polygon
usa_NC_0035_0052,75.0,0.0,point_in_polygon
usa_NC_0035_0053,75.0,0.0,point_in_polygon
usa_NC_0035_0054,76.0,0.0,point_in_polygon
usa_NC_0035_0055,76.0,0.0,point_in_polygon
usa_NC_0035_0056,76.0,0.0,point_in_polygon
usa_NC_0035_0057,76.0,0.0,point_in_polygon
usa_NC_0035_0058,76.0,0.0,point_in_polygon
usa_NC_0035_0059,76.0,0.0,point_in_polygon
usa_NC_0035_0060,76.0,0.0,point_in_polygon
usa_NC_0035_0061,76.0,0.0,point_in_polygon
usa_NC_0035_0062,76.0,0.0,point_in_polygon
usa_NC_0035_0063,76.0,0.0,point_in_polygon
usa_NC_0035_0064,77.0,0.0,point_in_polygon
usa_NC_0035_0065,77.0,0.0,point_in_polygon
usa_NC_0035_0066,77.0,0.0,point_in_polygon
usa_NC_0035_0067,77.0,0.0,point_in_polygon
usa_NC_0035_0068,77.0,0.0,point_in_polygon
usa_NC_0035_0069,77.0,0.0,point_in_polygon
usa_NC_0035_0070,77.0,0.0,point_in_polygon
usa_NC_0035_0071,77.0,0.0,point_in_polygon
usa_NC_0035_0072,77.0,0.0,point_in_polygon
usa_NC_0035_0073,77.0,0.0,point_in_polygon
usa_NC_0035_0074,78.0,0.0,point_in_polygon
usa_NC_0035_0075,78.0,0.0,point_in_polygon
usa_NC_0035_0076,78.0,0.0,point_in_polygon
usa_NC_0035_0077,78.0,0.0,point_in_polygon
usa_NC_0035_0078,78.0,0.0,point_in_polygon
usa_NC_0035_0079,78.0,0.0,point_in_polygon
usa_NC_0035_0080,78.0,0.0,point_in_polygon
usa_NC_0035_0081,78.0,0.0,point_in_polygon
usa_NC_0035_0082,78.0,0.0,point_in_polygon
usa_NC_0035_0083,78.0,0.0,point_in_polygon
usa_NC_0035_0084,79.0,0.0,point_in_polygon
usa_NC_0035_0085,79.0,0.0,point_in_polygon
usa_NC_0035_0086,79.0,0.0,point_in_polygon
usa_NC_0035_0087,79.0,0.0,point_in_polygon
usa_NC_0035_0088,79.0,0.0,point_in_polygon
usa_NC_0035_0089,79.0,0.0,point_in_polygon
usa_NC_0035_0090,79.0,0.0,point_in_polygon
usa_NC_0036_0001,79.0,0.0,point_in_polygon
usa_NC_0036_0002,79.0,0.0,point_in_polygon
usa_NC_0036_0003,79.0,0.0,point_in_polygon
usa_NC_0036_0004,80.0,0.0,point_in_polygon
usa_NC_0036_0005,80.0,0.0,point_in_polygon
usa_NC_0036_0006,80.0,0.0,point_in_polygon
usa_NC_0036_0007,80.0,0.0,point_in_polygon
usa_NC_0036_0008,80.0,0.0,point_in_polygon
usa_NC_0036_0009,80.0,0.0,point_in_polygon
usa_NC_0036_0010,80.0,0.0,point_in_polygon
usa_NC_0036_0011,80.0,0.0,point_in_polygon
usa_NC_0036_0012,80.0,0.0,point_in_polygon
usa_NC_0036_0013,80.0,0.0,point_in_polygon
usa_NC_0036_0014,81.0,0.0,point_in_polygon
usa_NC_0036_0015,81.0,0.0,point_in_polygon
usa_NC_0036_0016,81.0,0.0,point_in_polygon
usa_NC_0036_0017,81.0,0.0,point_in_polygon
usa_NC_0036_0018,81.0,0.0,point_in_polygon
usa_NC_0036_0019,81.0,0.0,point_in_polygon
usa_NC_0036_0020,81.0,0.0,point_in_polygon
usa_NC_0036_0021,81.0,0.0,point_in_polygon
usa_NC_0036_0022,81.0,0.0,point_in_polygon
usa_NC_0036_0023,81.0,0.0,point_in_polygon
usa_NC_0036_0024,82.0,0.0,point_in_polygon
usa_NC_0036_0025,82.0,0.0,point_in_polygon
usa_NC_0036_0026,82.0,0.0,point_in_polygon
usa_NC_0036_0027,82.0,0.0,point_in_polygon
usa_NC_0036_0028,82.0,0.0,point_in_polygon
usa_NC_0036_0029,82.0,0.0,point_in_polygon
usa_NC_0036_0030,82.0,0.0,point_in_polygon
usa_NC_0036_0031,82.0,0.0,point_in_polygon
usa_NC_0036_0032,82.0,0.0,point_in_polygon
usa_NC_0036_0033,82.0,0.0,point_in_polygon
usa_NC_0036_0034,83.0,0.0,point_in_polygon
usa_NC_0036_0035,83.0,0.0,point_in_polygon
usa_NC_0036_0036,83.0,0.0,point_in_polygon
usa_NC_0036_0037,83.0,0.0,point_in_polygon
usa_NC_0036_0038,83.0,0.0,point_in_polygon
usa_NC_0036_0039,83.0,0.0,point_in_polygon
usa_NC_0036_0040,83.0,0.0,point_in_polygon
usa_NC_0036_0041,83.0,0.0,point_in_polygon
usa_NC_0036_0042,83.0,0.0,point_in_polygon
usa_NC_0036_0043,83.0,0.0,point_in_polygon
usa_NC_0036_0044,84.0,0.0,point_in_polygon
usa_NC_0036_0045,84.0,0.0,point_in_polygon
usa_NC_0036_0046,84.0,0.0,point_in_polygon
usa_NC_0036_0047,84.0,0.0,point_in_polygon
usa_NC_0036_0048,84.0,0.0,point_in_polygon
usa_NC_0036_0049,84.0,0.0,point_in_polygon
usa_NC_0036_0050,84.0,0.0,point_in_polygon
usa_NC_0036_0051,84.0,0.0,point_in_polygon
usa_NC_0036_0052,84.0,0.0,point_in_polygon
usa_NC_0036_0053,84.0,0.0,point_in_polygon
usa_NC_0036_0054,84.0,0.0,point_in_polygon
usa_NC_0036_0055,85.0,0.0,point_in_polygon
usa_NC_0036_0056,85.0,0.0,point_in_polygon
usa_NC_0036_0057,85.0,0.0,point_in_polygon
usa_NC_0036_0058,85.0,0.0,point_in_polygon
usa_NC_0036_0059,85.0,0.0,point_in_polygon
usa_NC_0036_0060,85.0,0.0,point_in_polygon
usa_NC_0036_0061,85.0,0.0,point_in_polygon
usa_NC_0036_0062,85.0,0.0,point_in_polygon
usa_NC_0036_0063,85.0,0.0,point_in_polygon
usa_NC_0036_0064,85.0,0.0,point_in_polygon
usa_NC_0036_0065,85.0,0.0,point_in_polygon
usa_NC_0036_0066,85.0,0.0,point_in_polygon
usa_NC_0036_0067,86.0,0.0,point_in_polygon
usa_NC_0036_0068,86.0,0.0,point_in_polygon
usa_NC_0036_0069,86.0,0.0,point_in_polygon
usa_NC_0036_0070,86.0,0.0,point_in_polygon
usa_NC_0036_0071,86.0,0.0,point_in_polygon
usa_NC_0036_0072,86.0,0.0,point_in_polygon
usa_NC_0036_0073,86.0,0.0,point_in_polygon
usa_NC_0036_0074,86.0,0.0,point_in_polygon
usa_NC_0036_0075,86.0,0.0,point_in_polygon
usa_NC_0036_0076,86.0,0.0,point_in_polygon
usa_NC_0036_0077,86.0,0.0,point_in_polygon
usa_NC_0036_0078,86.0,0.0,point_in_polygon
usa_NC_0036_0079,87.0,0.0,point_in_polygon
usa_NC_0036_0080,87.0,0.0,point_in_polygon
usa_NC_0036_0081,87.0,0.0,point_in_polygon
usa_NC_0036_0082,87.0,0.0,point_in_polygon
usa_NC_0036_0083,87.0,0.0,point_in_polygon
usa_NC_0036_0084,87.0,0.0,point_in_polygon
usa_NC_0036_0085,87.0,0.0,point_in_polygon
usa_NC_0036_0086,87.0,0.0,point_in_polygon
usa_NC_0036_0087,87.0,0.0,point_in_polygon
usa_NC_0036_0088,87.0,0.0,point_in_polygon
usa_NC_0036_0089,87.0,0.0,point_in_polygon
usa_NC_0036_0090,88.0,0.0,point_in_polygon
usa_NC_0036_0091,88.0,0.0,point_in_polygon
usa_NC_0036_0092,88.0,0.0,point_in_polygon
usa_NC_0036_0093,88.0,0.0,point_in_polygon
usa_NC_0036_0094,88.0,0.0,point_in_polygon
usa_NC_0036_0095,88.0,0.0,point_in_polygon
usa_NC_0036_0096,88.0,0.0,point_in_polygon
usa_NC_0036_0097,88.0,0.0,point_in_polygon
usa_NC_0036_0098,88.0,0.0,point_in_polygon
usa_NC_0036_0099,88.0,0.0,point_in_polygon
usa_NC_0036_0100,89.0,0.0,point_in_polygon
usa_NC_0036_0101,89.0,0.0,point_in_polygon
usa_NC_0036_0102,89.0,0.0,point_in_polygon
usa_NC_0036_0103,89.0,0.0,point_in_polygon
usa_NC_0036_0104,89.0,0.0,point_in_polygon
usa_NC_0036_0105,89.0,0.0,point_in_polygon
usa_NC_0036_0106,89.0,0.0,point_in_polygon
usa_NC_0036_0107,89.0,0.0,point_in_polygon
usa_NC_0036_0108,89.0,0.0,point_in_polygon
usa_NC_0036_0109,90.0,0.0,point_in_polygon
usa_NC_0036_0110,90.0,0.0,point_in_polygon
usa_NC_0036_0111,90.0,0.0,point_in_polygon
usa_NC_0036_0112,90.0,0.0,point_in_polygon
usa_NC_0037_0001,90.0,0.0,point_in_polygon
usa_NC_0037_0002,90.0,0.0,point_in_polygon
usa_NC_0037_0003,90.0,0.0,point_in_polygon
usa_NC_0037_0004,90.0,0.0,point_in_polygon
usa_NC_0037_0005,90.0,0.0,point_in_polygon
usa_NC_0037_0006,90.0,0.0,point_in_polygon
