domain_number,n_valid,mean_lrr,median_lrr,std_lrr,min_lrr,max_lrr,pct_eroding,n_transects
1.0,9,3.53,3.338,0.602,2.84,4.562,0.0,9
2.0,11,2.744,2.72,0.065,2.663,2.86,0.0,11
3.0,10,2.864,2.867,0.135,2.666,3.086,0.0,10
4.0,13,2.36,2.384,0.354,1.808,2.822,0.0,13
5.0,13,1.18,1.173,0.383,0.744,1.792,0.0,13
6.0,6,-1.285,-1.815,1.291,-2.219,1.114,83.333,6
7.0,4,-0.707,-0.576,0.625,-1.521,-0.152,100.0,4
8.0,8,0.347,0.416,0.389,-0.243,0.765,25.0,8
9.0,9,1.046,1.1,0.137,0.809,1.226,0.0,9
10.0,10,1.759,1.87,0.226,1.361,1.986,0.0,10
11.0,10,2.21,2.199,0.088,2.094,2.351,0.0,10
12.0,10,1.964,1.947,0.162,1.732,2.166,0.0,10
13.0,11,1.803,1.772,0.137,1.641,2.102,0.0,11
14.0,10,2.397,2.305,0.199,2.193,2.734,0.0,10
15.0,10,2.224,2.289,0.388,1.632,2.736,0.0,10
16.0,10,1.459,1.459,0.117,1.297,1.683,0.0,10
17.0,10,1.943,1.974,0.113,1.696,2.066,0.0,10
18.0,10,2.086,2.093,0.077,1.949,2.208,0.0,10
19.0,10,2.122,2.141,0.096,1.976,2.238,0.0,10
20.0,10,1.971,1.92,0.234,1.648,2.333,0.0,10
21.0,11,0.687,0.654,0.649,-0.374,1.529,18.182,11
22.0,10,-0.68,-0.616,0.176,-1.015,-0.442,100.0,10
23.0,10,-1.63,-1.753,0.342,-1.969,-1.118,100.0,10
24.0,10,-1.633,-1.576,0.181,-1.96,-1.41,100.0,10
25.0,10,-1.769,-1.848,0.154,-1.918,-1.477,100.0,10
26.0,10,-1.088,-0.91,0.377,-1.792,-0.772,100.0,10
27.0,10,-0.584,-0.716,0.3,-0.778,0.146,90.0,10
28.0,10,1.739,1.814,0.71,0.531,2.638,0.0,10
29.0,10,3.17,3.191,0.438,2.577,3.689,0.0,10
30.0,10,3.858,3.884,0.182,3.548,4.067,0.0,10
31.0,11,2.711,2.666,0.423,2.211,3.377,0.0,11
32.0,10,1.618,1.657,0.329,1.19,2.066,0.0,10
33.0,11,1.457,1.238,0.407,1.078,2.212,0.0,11
34.0,10,2.575,2.624,0.128,2.342,2.721,0.0,10
35.0,11,1.811,1.758,0.245,1.542,2.325,0.0,11
36.0,10,1.506,1.611,0.311,0.964,1.833,0.0,10
37.0,11,0.932,0.898,0.141,0.76,1.165,0.0,11
38.0,10,0.319,0.218,0.234,0.089,0.705,0.0,10
39.0,10,0.366,0.373,0.057,0.279,0.44,0.0,10
40.0,10,0.459,0.485,0.073,0.36,0.577,0.0,10
41.0,10,0.367,0.451,0.215,0.038,0.594,0.0,10
42.0,10,0.187,0.194,0.037,0.116,0.243,0.0,10
43.0,10,0.087,0.086,0.201,-0.22,0.35,30.0,10
44.0,10,-0.256,-0.227,0.101,-0.395,-0.116,100.0,10
45.0,10,-0.748,-0.75,0.195,-0.994,-0.42,100.0,10
46.0,10,-0.967,-0.985,0.127,-1.142,-0.79,100.0,10
47.0,10,-0.783,-0.848,0.152,-0.914,-0.468,100.0,10
48.0,10,-0.451,-0.457,0.05,-0.503,-0.347,100.0,10
49.0,10,-0.94,-0.998,0.22,-1.18,-0.581,100.0,10
50.0,10,-0.981,-0.951,0.197,-1.247,-0.704,100.0,10
51.0,10,-0.865,-0.816,0.179,-1.186,-0.672,100.0,10
52.0,10,-1.41,-1.419,0.084,-1.506,-1.254,100.0,10
53.0,10,-1.146,-1.15,0.058,-1.235,-1.057,100.0,10
54.0,10,-1.276,-1.283,0.061,-1.377,-1.156,100.0,10
55.0,10,-0.834,-0.8,0.096,-0.994,-0.735,100.0,10
56.0,11,-0.503,-0.516,0.199,-0.806,-0.18,100.0,11
57.0,10,0.066,0.079,0.046,-0.028,0.125,20.0,10
58.0,10,0.392,0.378,0.133,0.167,0.58,0.0,10
59.0,10,0.412,0.482,0.178,0.002,0.539,0.0,10
60.0,10,-0.579,-0.596,0.256,-0.913,-0.108,100.0,10
61.0,10,-1.413,-1.449,0.311,-1.812,-0.932,100.0,10
62.0,10,-1.721,-1.804,0.335,-2.089,-1.121,100.0,10
63.0,10,-0.066,-0.064,0.5,-0.879,0.733,60.0,10
64.0,10,0.734,0.739,0.098,0.604,0.893,0.0,10
65.0,10,1.641,1.574,0.543,0.926,2.543,0.0,10
66.0,11,3.462,3.467,0.379,2.812,3.879,0.0,11
67.0,10,3.085,3.194,0.614,2.082,3.841,0.0,10
68.0,10,1.31,1.396,0.385,0.722,1.946,0.0,10
69.0,10,0.764,0.754,0.072,0.663,0.884,0.0,10
70.0,10,0.932,0.968,0.108,0.772,1.051,0.0,10
71.0,10,1.221,1.132,0.252,0.974,1.662,0.0,10
72.0,10,1.763,1.716,0.154,1.603,2.011,0.0,10
73.0,10,1.376,1.438,0.46,0.646,1.903,0.0,10
74.0,10,-0.276,-0.197,0.515,-1.174,0.398,70.0,10
75.0,10,-1.356,-1.359,0.053,-1.435,-1.279,100.0,10
76.0,10,-1.589,-1.605,0.083,-1.725,-1.473,100.0,10
77.0,10,-1.425,-1.389,0.226,-1.802,-1.137,100.0,10
78.0,10,-2.091,-2.154,0.308,-2.45,-1.542,100.0,10
79.0,10,-1.43,-1.425,0.088,-1.562,-1.261,100.0,10
80.0,10,-1.426,-1.424,0.319,-1.878,-0.977,100.0,10
81.0,10,-0.724,-0.704,0.111,-0.885,-0.591,100.0,10
82.0,10,-1.656,-1.752,0.408,-2.131,-0.986,100.0,10
83.0,10,-2.079,-2.16,0.229,-2.322,-1.697,100.0,10
84.0,11,-1.047,-1.008,0.418,-1.644,-0.46,100.0,11
85.0,12,-0.29,-0.365,0.148,-0.432,0.0,91.667,12
86.0,12,0.243,0.201,0.25,-0.017,0.721,25.0,12
87.0,11,0.971,0.883,0.252,0.725,1.383,0.0,11
88.0,10,1.989,2.094,0.259,1.507,2.232,0.0,10
89.0,9,1.718,1.698,0.194,1.389,2.071,0.0,9
90.0,10,1.683,1.72,0.142,1.384,1.848,0.0,10
